DATE,mac_dl_cqi,mac_dl_mcs,mac_dl_ok,mac_dl_nok,mac_dl_brate,ue_ident
2022-01-01 00:00:00.000,5,4,1,0,7022,82
2022-01-01 00:00:00.001,5,4,9,1,411822,82
2022-01-01 00:00:00.002,5,0,18,2,259377,82
2022-01-01 00:00:00.003,5,2,25,4,700355,82
2022-01-01 00:00:00.004,5,1,8,1,158577,82
2022-01-01 00:00:00.005,5,3,35,3,1292000,82
2022-01-01 00:00:00.006,5,1,13,0,320088,82
2022-01-01 00:00:00.007,4,0,73,11,1296800,82
2022-01-01 00:00:00.008,4,0,74,9,1137955,82
2022-01-01 00:00:00.009,4,0,75,7,1153333,82
2022-01-01 00:00:00.010,3,0,81,5,1245600,82
2022-01-01 00:00:00.011,4,0,71,10,1101066,82
2022-01-01 00:00:00.012,5,1,20,6,483200,82
2022-01-01 00:00:00.013,6,4,1,0,26044,82
2022-01-01 00:00:00.014,6,4,1,2,7022,82
2022-01-01 00:00:00.015,6,4,18,4,640800,82
2022-01-01 00:00:00.016,4,1,27,0,626933,82
2022-01-01 00:00:00.017,4,0,76,7,1224177,82
2022-01-01 00:00:00.018,4,0,78,7,1199466,82
2022-01-01 00:00:00.019,3,0,76,5,1168711,82
2022-01-01 00:00:00.020,5,1,30,4,553955,82
2022-01-01 00:00:00.021,5,4,1,0,7022,82
2022-01-01 00:00:00.022,6,4,3,1,103200,82
2022-01-01 00:00:00.023,5,2,17,2,511555,82
2022-01-01 00:00:00.024,6,2,2,0,36800,82
2022-01-01 00:00:00.025,5,4,36,2,1708444,82
2022-01-01 00:00:00.026,3,0,74,11,1672000,82
2022-01-01 00:00:00.027,4,0,75,9,1439911,82
2022-01-01 00:00:00.028,4,0,74,9,1424533,82
2022-01-01 00:00:00.029,4,0,80,5,1230222,82
2022-01-01 00:00:00.030,3,0,75,8,1153333,82
2022-01-01 00:00:00.031,4,0,78,7,1199466,82
2022-01-01 00:00:00.032,4,0,70,11,1076444,82
2022-01-01 00:00:00.033,4,0,78,7,1199466,82
2022-01-01 00:00:00.034,3,0,73,8,1122577,82
2022-01-01 00:00:00.035,4,0,75,9,1467644,82
2022-01-01 00:00:00.036,4,0,76,8,1177955,82
2022-01-01 00:00:00.037,3,0,79,5,1214844,82
2022-01-01 00:00:00.038,4,0,75,8,1153333,82
2022-01-01 00:00:00.039,3,0,76,7,1168711,82
2022-01-01 00:00:00.040,3,0,78,6,1199466,82
2022-01-01 00:00:00.041,3,0,68,14,1091911,82
2022-01-01 00:00:00.042,4,1,76,7,1630933,82
2022-01-01 00:00:00.043,4,1,63,6,1287377,82
2022-01-01 00:00:00.044,5,1,1,0,10755,82
2022-01-01 00:00:00.045,5,6,1,0,6666,82
2022-01-01 00:00:00.046,6,6,6,1,350044,82
2022-01-01 00:00:00.047,5,5,6,0,254577,82
2022-01-01 00:00:00.048,4,2,79,5,2804888,82
2022-01-01 00:00:00.049,3,1,75,9,1747111,82
2022-01-01 00:00:00.050,4,0,80,4,1350400,82
2022-01-01 00:00:00.051,4,0,72,10,1329066,82
2022-01-01 00:00:00.052,4,1,77,9,1940711,82
2022-01-01 00:00:00.053,4,0,77,5,1184088,82
2022-01-01 00:00:00.054,4,0,77,9,1452177,82
2022-01-01 00:00:00.055,3,0,74,9,1341333,82
2022-01-01 00:00:00.056,3,0,75,9,1153333,82
2022-01-01 00:00:00.057,4,1,67,14,1335377,82
2022-01-01 00:00:00.058,4,1,61,8,1370044,82
2022-01-01 00:00:00.059,5,0,1,0,15377,82
2022-01-01 00:00:00.060,6,4,1,0,7022,82
2022-01-01 00:00:00.061,5,2,15,5,482933,82
2022-01-01 00:00:00.062,5,4,6,0,164622,82
2022-01-01 00:00:00.063,5,4,12,2,533866,82
2022-01-01 00:00:00.064,5,3,15,2,448088,82
2022-01-01 00:00:00.065,5,3,22,0,796977,82
2022-01-01 00:00:00.066,5,4,12,1,515377,82
2022-01-01 00:00:00.067,6,4,10,0,468088,82
2022-01-01 00:00:00.068,3,0,78,7,1739200,82
2022-01-01 00:00:00.069,4,0,76,7,1316622,82
2022-01-01 00:00:00.070,4,0,76,10,1224177,82
2022-01-01 00:00:00.071,4,1,72,8,1805866,82
2022-01-01 00:00:00.072,5,4,6,4,256888,82
2022-01-01 00:00:00.073,5,0,2,0,26311,82
2022-01-01 00:00:00.074,5,4,1,0,7022,82
2022-01-01 00:00:00.075,5,4,9,1,364711,82
2022-01-01 00:00:00.076,6,4,2,0,72711,82
2022-01-01 00:00:00.077,6,4,6,0,257244,82
2022-01-01 00:00:00.078,5,3,10,0,328000,82
2022-01-01 00:00:00.079,6,4,1,0,7022,82
2022-01-01 00:00:00.080,5,4,15,2,526844,82
2022-01-01 00:00:00.081,5,4,5,4,159022,82
2022-01-01 00:00:00.082,5,3,25,5,838666,82
2022-01-01 00:00:00.083,6,3,7,1,159733,82
2022-01-01 00:00:00.084,4,4,28,0,1288533,82
2022-01-01 00:00:00.085,3,1,67,6,1759200,82
2022-01-01 00:00:00.086,4,0,73,9,1122577,82
2022-01-01 00:00:00.087,3,0,78,7,1199466,82
2022-01-01 00:00:00.088,3,0,70,11,1270577,82
2022-01-01 00:00:00.089,4,1,59,5,1132711,82
2022-01-01 00:00:00.090,5,4,4,2,145777,82
2022-01-01 00:00:00.091,5,4,1,2,7022,82
2022-01-01 00:00:00.092,5,3,17,1,535733,82
2022-01-01 00:00:00.093,5,4,5,1,193688,82
2022-01-01 00:00:00.094,6,0,1,0,11822,82
2022-01-01 00:00:00.095,5,0,1,0,7022,82
2022-01-01 00:00:00.096,5,4,9,0,412888,82
2022-01-01 00:00:00.097,5,2,11,4,273333,82
2022-01-01 00:00:00.098,4,2,26,1,638044,82
2022-01-01 00:00:00.099,4,0,19,2,253777,82
2022-01-01 00:00:00.100,4,2,35,2,842933,82
2022-01-01 00:00:00.101,5,0,25,6,449155,82
2022-01-01 00:00:00.102,5,4,31,2,1475822,82
2022-01-01 00:00:00.103,4,1,70,13,1610488,82
2022-01-01 00:00:00.104,4,0,75,8,1162577,82
2022-01-01 00:00:00.105,4,0,79,6,1214844,82
2022-01-01 00:00:00.106,4,0,69,4,1078133,82
2022-01-01 00:00:00.107,6,2,11,3,227822,82
2022-01-01 00:00:00.108,5,4,1,0,7022,82
2022-01-01 00:00:00.109,5,3,16,4,568355,82
2022-01-01 00:00:00.110,6,4,17,1,617866,82
2022-01-01 00:00:00.111,4,1,75,11,1973955,82
2022-01-01 00:00:00.112,4,0,69,11,1061066,82
2022-01-01 00:00:00.113,4,0,72,8,1236266,82
2022-01-01 00:00:00.114,5,2,1,0,5777,82
2022-01-01 00:00:00.115,6,6,1,0,6666,82
2022-01-01 00:00:00.116,6,6,8,1,411911,82
2022-01-01 00:00:00.117,5,5,7,3,203288,82
2022-01-01 00:00:00.118,5,2,60,8,2243200,82
2022-01-01 00:00:00.119,4,0,78,6,1356622,82
2022-01-01 00:00:00.120,4,1,49,6,1111555,82
2022-01-01 00:00:00.121,5,3,4,2,134400,82
2022-01-01 00:00:00.122,5,4,1,0,7022,82
2022-01-01 00:00:00.123,5,3,15,4,522044,82
2022-01-01 00:00:00.124,5,4,38,7,1754311,82
2022-01-01 00:00:00.125,3,0,75,8,1345333,82
2022-01-01 00:00:00.126,4,0,80,5,1230222,82
2022-01-01 00:00:00.127,3,0,72,9,1264355,82
2022-01-01 00:00:00.128,3,0,75,11,1218044,82
2022-01-01 00:00:00.129,4,1,80,3,1646417,82
2022-01-01 00:00:00.130,4,0,76,9,1424898,82
2022-01-01 00:00:00.131,4,0,74,9,1285866,82
2022-01-01 00:00:00.132,3,0,73,12,1178044,82
2022-01-01 00:00:00.133,4,0,78,5,1259428,82
2022-01-01 00:00:00.134,4,1,77,5,1823730,82
2022-01-01 00:00:00.135,4,1,73,12,1575555,82
2022-01-01 00:00:00.136,4,0,76,7,1307377,82
2022-01-01 00:00:00.137,3,0,77,9,1244219,82
2022-01-01 00:00:00.138,3,0,78,4,1315775,82
2022-01-01 00:00:00.139,3,0,73,11,1325955,82
2022-01-01 00:00:00.140,3,0,74,9,1498488,82
2022-01-01 00:00:00.141,4,0,70,12,1265758,82
2022-01-01 00:00:00.142,4,0,75,8,1418696,82
2022-01-01 00:00:00.143,4,1,77,6,1618577,82
2022-01-01 00:00:00.144,4,0,75,10,1466933,82
2022-01-01 00:00:00.145,5,4,5,2,215820,82
2022-01-01 00:00:00.146,5,2,7,2,142133,82
2022-01-01 00:00:00.147,6,4,1,0,7022,82
2022-01-01 00:00:00.148,6,4,4,1,143466,82
2022-01-01 00:00:00.149,5,4,14,2,564571,82
2022-01-01 00:00:00.150,6,2,6,0,111101,82
2022-01-01 00:00:00.151,5,4,22,0,1045155,82
2022-01-01 00:00:00.152,3,0,77,8,1703200,82
2022-01-01 00:00:00.153,4,0,74,10,1125450,82
2022-01-01 00:00:00.154,4,0,75,6,1166292,82
2022-01-01 00:00:00.155,3,0,73,12,1196533,82
2022-01-01 00:00:00.156,3,0,77,6,1207648,82
2022-01-01 00:00:00.157,3,1,79,5,1637600,82
2022-01-01 00:00:00.158,4,2,75,7,1846666,82
2022-01-01 00:00:00.159,3,1,76,9,1593168,82
2022-01-01 00:00:00.160,4,0,76,7,1411868,82
2022-01-01 00:00:00.161,3,0,73,10,1344444,82
2022-01-01 00:00:00.162,3,0,78,7,1282666,82
2022-01-01 00:00:00.163,3,0,75,6,1428044,82
2022-01-01 00:00:00.164,3,1,75,10,1504622,82
2022-01-01 00:00:00.165,4,0,77,7,1408791,82
2022-01-01 00:00:00.166,4,0,75,10,1421422,82
2022-01-01 00:00:00.167,4,0,70,11,1172674,82
2022-01-01 00:00:00.168,4,0,74,10,1344879,82
2022-01-01 00:00:00.169,3,0,71,14,1350666,82
2022-01-01 00:00:00.170,3,0,73,8,1122577,82
2022-01-01 00:00:00.171,4,0,80,5,1533842,82
2022-01-01 00:00:00.172,4,0,72,10,1162666,82
2022-01-01 00:00:00.173,4,1,79,7,1640351,82
2022-01-01 00:00:00.174,3,1,76,7,1603200,82
2022-01-01 00:00:00.175,3,0,74,10,1137955,82
2022-01-01 00:00:00.176,4,0,75,7,1400000,82
2022-01-01 00:00:00.177,4,1,78,6,1652571,82
2022-01-01 00:00:00.178,4,0,75,10,1421422,82
2022-01-01 00:00:00.179,3,0,70,13,1298311,82
2022-01-01 00:00:00.180,4,0,72,9,1138337,82
2022-01-01 00:00:00.181,4,0,74,10,1354021,82
2022-01-01 00:00:00.182,4,1,77,7,1748000,82
2022-01-01 00:00:00.183,3,0,75,9,1199555,82
2022-01-01 00:00:00.184,3,0,74,8,1197483,82
2022-01-01 00:00:00.185,3,1,72,12,1533890,82
2022-01-01 00:00:00.186,4,0,75,8,1458400,82
2022-01-01 00:00:00.187,3,0,76,8,1168711,82
2022-01-01 00:00:00.188,3,0,69,12,1157123,82
2022-01-01 00:00:00.189,4,1,74,10,1674133,82
2022-01-01 00:00:00.190,3,0,73,10,1274813,82
2022-01-01 00:00:00.191,3,0,70,14,1159644,82
2022-01-01 00:00:00.192,3,0,76,6,1316622,82
2022-01-01 00:00:00.193,4,1,76,6,1602516,82
2022-01-01 00:00:00.194,4,0,77,9,1481934,82
2022-01-01 00:00:00.195,4,2,72,11,2048622,82
2022-01-01 00:00:00.196,3,0,71,10,1167911,82
2022-01-01 00:00:00.197,4,1,72,10,1484224,82
2022-01-01 00:00:00.198,4,0,73,11,1174241,82
2022-01-01 00:00:00.199,4,0,77,7,1341244,82
2022-01-01 00:00:00.200,4,0,75,9,1412177,82
2022-01-01 00:00:00.201,4,0,77,8,1313511,82
2022-01-01 00:00:00.202,4,1,76,6,1741866,82
2022-01-01 00:00:00.203,3,1,77,9,1526133,82
2022-01-01 00:00:00.204,3,0,69,13,1190488,82
2022-01-01 00:00:00.205,4,0,76,8,1191191,82
2022-01-01 00:00:00.206,4,0,78,6,1396571,82
2022-01-01 00:00:00.207,4,0,79,7,1390488,82
2022-01-01 00:00:00.208,3,0,60,8,1076266,82
2022-01-01 00:00:00.209,6,4,19,3,778044,82
2022-01-01 00:00:00.210,5,3,29,5,1031200,82
2022-01-01 00:00:00.211,4,3,47,8,1607733,82
2022-01-01 00:00:00.212,4,0,77,7,1230311,82
2022-01-01 00:00:00.213,4,0,74,9,1137955,82
2022-01-01 00:00:00.214,2,0,72,10,1119640,82
2022-01-01 00:00:00.215,2,0,76,9,1155868,82
2022-01-01 00:00:00.216,2,0,72,10,1107200,82
2022-01-01 00:00:00.217,2,0,76,8,1168711,82
2022-01-01 00:00:00.218,2,0,64,11,975111,82
2022-01-01 00:00:00.219,2,0,68,7,1045688,82
2022-01-01 00:00:00.220,8,1,67,14,1030311,82
2022-01-01 00:00:00.221,7,16,6,19,838755,82
2022-01-01 00:00:00.222,3,0,9,2,131288,82
2022-01-01 00:00:00.223,3,1,4,0,44888,82
2022-01-01 00:00:00.224,3,0,1,0,7200,82
2022-01-01 00:00:00.225,3,0,31,3,467111,82
2022-01-01 00:00:00.226,3,0,27,4,403111,82
2022-01-01 00:00:00.227,2,0,3,2,18933,82
2022-01-01 00:00:00.228,2,0,30,2,438577,82
2022-01-01 00:00:00.229,2,0,20,0,274311,82
2022-01-01 00:00:00.230,2,0,62,5,953422,82
2022-01-01 00:00:00.231,2,0,77,7,1184088,82
2022-01-01 00:00:00.232,2,0,74,9,1137955,82
2022-01-01 00:00:00.233,1,0,72,13,1107200,82
2022-01-01 00:00:00.234,2,0,69,14,1061066,82
2022-01-01 00:00:00.235,2,0,68,14,1045688,82
2022-01-01 00:00:00.236,2,0,63,8,960622,82
2022-01-01 00:00:00.237,2,0,38,4,584355,82
2022-01-01 00:00:00.238,2,0,70,12,1076444,82
2022-01-01 00:00:00.239,2,0,66,15,1014933,82
2022-01-01 00:00:00.240,1,0,70,14,1076444,82
2022-01-01 00:00:00.241,2,0,71,11,1091822,82
2022-01-01 00:00:00.242,2,0,74,12,1137955,82
2022-01-01 00:00:00.243,2,0,71,11,1091822,82
2022-01-01 00:00:00.244,2,0,29,14,433066,82
2022-01-01 00:00:00.245,3,1,14,3,261866,82
2022-01-01 00:00:00.246,3,4,3,0,128622,82
2022-01-01 00:00:00.247,3,4,1,0,21422,82
2022-01-01 00:00:00.248,3,2,1,0,7200,82
2022-01-01 00:00:00.249,3,3,18,5,688355,82
2022-01-01 00:00:00.250,3,1,16,3,329244,82
2022-01-01 00:00:00.251,3,4,1,0,7022,82
2022-01-01 00:00:00.252,3,3,20,3,672711,82
2022-01-01 00:00:00.253,3,2,2,1,12977,82
2022-01-01 00:00:00.254,2,1,44,8,829333,82
2022-01-01 00:00:00.255,3,1,9,1,205955,82
2022-01-01 00:00:00.256,2,0,34,8,583288,82
2022-01-01 00:00:00.257,1,0,55,17,824977,82
2022-01-01 00:00:00.258,3,2,3,0,71733,82
2022-01-01 00:00:00.259,3,4,8,1,381866,82
2022-01-01 00:00:00.260,2,1,69,15,1787111,82
2022-01-01 00:00:00.261,2,0,71,12,1091822,82
2022-01-01 00:00:00.262,2,0,69,13,1061066,82
2022-01-01 00:00:00.263,2,0,74,10,1137955,82
2022-01-01 00:00:00.264,2,0,68,13,1045688,82
2022-01-01 00:00:00.265,2,0,12,2,167288,82
2022-01-01 00:00:00.266,7,6,1,0,6666,82
2022-01-01 00:00:00.267,7,11,4,1,300444,82
2022-01-01 00:00:00.268,6,9,8,1,426133,82
2022-01-01 00:00:00.269,7,6,1,0,6666,82
2022-01-01 00:00:00.270,7,9,11,4,525066,82
2022-01-01 00:00:00.271,7,6,5,1,170133,82
2022-01-01 00:00:00.272,7,11,3,1,330400,82
2022-01-01 00:00:00.273,7,12,5,1,315466,82
2022-01-01 00:00:00.274,6,7,3,0,81155,82
2022-01-01 00:00:00.275,7,8,3,0,146222,82
2022-01-01 00:00:00.276,7,14,9,1,1282133,82
2022-01-01 00:00:00.277,5,9,49,8,4203111,82
2022-01-01 00:00:00.278,5,4,45,5,2008977,82
2022-01-01 00:00:00.279,7,6,2,0,23644,82
2022-01-01 00:00:00.280,7,6,1,0,6666,82
2022-01-01 00:00:00.281,6,10,12,1,729600,82
2022-01-01 00:00:00.282,7,0,1,0,12314,82
2022-01-01 00:00:00.283,6,6,1,0,6666,82
2022-01-01 00:00:00.284,8,14,2,1,254133,82
2022-01-01 00:00:00.285,6,9,4,1,265688,82
2022-01-01 00:00:00.286,7,5,5,1,166311,82
2022-01-01 00:00:00.287,6,7,13,0,861777,82
2022-01-01 00:00:00.288,7,9,4,0,203200,82
2022-01-01 00:00:00.289,7,10,12,0,1095288,82
2022-01-01 00:00:00.290,6,11,32,1,3121777,82
2022-01-01 00:00:00.291,5,6,47,5,3051288,82
2022-01-01 00:00:00.292,6,6,3,0,76000,82
2022-01-01 00:00:00.293,6,6,1,1,6666,82
2022-01-01 00:00:00.294,6,8,11,2,726488,82
2022-01-01 00:00:00.295,7,6,2,0,14577,82
2022-01-01 00:00:00.296,8,11,1,0,5600,82
2022-01-01 00:00:00.297,8,6,1,0,6666,82
2022-01-01 00:00:00.298,7,10,5,0,413955,82
2022-01-01 00:00:00.299,6,7,5,0,240800,82
2022-01-01 00:00:00.300,6,6,1,1,6666,82
2022-01-01 00:00:00.301,7,10,8,2,632000,82
2022-01-01 00:00:00.302,7,7,3,0,81155,82
2022-01-01 00:00:00.303,7,5,4,0,176000,82
2022-01-01 00:00:00.304,6,9,16,0,1296533,82
2022-01-01 00:00:00.305,6,9,48,3,4133511,82
2022-01-01 00:00:00.306,6,6,32,3,2096177,82
2022-01-01 00:00:00.307,8,6,1,0,6666,82
2022-01-01 00:00:00.308,8,10,5,0,413955,82
2022-01-01 00:00:00.309,7,8,7,1,332622,82
2022-01-01 00:00:00.310,8,6,1,0,6666,82
2022-01-01 00:00:00.311,8,10,8,1,505422,82
2022-01-01 00:00:00.312,8,11,3,2,159022,82
2022-01-01 00:00:00.313,8,10,11,2,834488,82
2022-01-01 00:00:00.314,8,7,4,1,149511,82
2022-01-01 00:00:00.315,7,14,9,0,1283288,82
2022-01-01 00:00:00.316,7,12,39,3,4635644,82
2022-01-01 00:00:00.317,7,7,23,4,1606311,82
2022-01-01 00:00:00.318,8,12,1,0,6488,82
2022-01-01 00:00:00.319,8,13,3,1,254044,82
2022-01-01 00:00:00.320,8,11,4,1,245244,82
2022-01-01 00:00:00.321,7,11,4,0,191111,82
2022-01-01 00:00:00.322,8,10,10,2,761600,82
2022-01-01 00:00:00.323,8,10,6,0,253333,82
2022-01-01 00:00:00.324,8,14,10,0,1292000,82
2022-01-01 00:00:00.325,8,13,37,2,5350044,82
2022-01-01 00:00:00.326,7,8,10,0,890666,82
2022-01-01 00:00:00.327,8,6,1,0,6666,82
2022-01-01 00:00:00.328,8,11,5,0,410577,82
2022-01-01 00:00:00.329,7,8,8,1,272711,82
2022-01-01 00:00:00.330,8,12,3,1,254044,82
2022-01-01 00:00:00.331,8,8,8,0,472355,82
2022-01-01 00:00:00.332,8,11,4,0,164622,82
2022-01-01 00:00:00.333,8,11,12,0,1281777,82
2022-01-01 00:00:00.334,7,12,42,3,5364266,82
2022-01-01 00:00:00.335,8,9,16,1,943822,82
2022-01-01 00:00:00.336,8,6,1,0,6666,82
2022-01-01 00:00:00.337,8,12,6,2,479466,82
2022-01-01 00:00:00.338,8,9,4,2,193600,82
2022-01-01 00:00:00.339,8,11,12,1,871644,82
2022-01-01 00:00:00.340,7,10,6,0,397866,82
2022-01-01 00:00:00.341,8,8,10,0,904888,82
2022-01-01 00:00:00.342,7,11,47,2,4670133,82
2022-01-01 00:00:00.343,7,9,19,2,1548177,82
2022-01-01 00:00:00.344,7,6,1,0,6666,82
2022-01-01 00:00:00.345,7,11,4,0,413511,82
2022-01-01 00:00:00.346,7,8,7,1,333600,82
2022-01-01 00:00:00.347,7,6,1,0,6666,82
2022-01-01 00:00:00.348,7,7,1,0,20000,82
2022-01-01 00:00:00.349,8,11,5,0,338222,82
2022-01-01 00:00:00.350,8,11,30,4,2986666,82
2022-01-01 00:00:00.351,5,6,50,4,3075377,82
2022-01-01 00:00:00.352,6,6,38,4,1964000,82
2022-01-01 00:00:00.353,8,8,1,0,13955,82
2022-01-01 00:00:00.354,8,6,1,0,6666,82
2022-01-01 00:00:00.355,8,9,1,0,20711,82
2022-01-01 00:00:00.356,7,8,5,0,337955,82
2022-01-01 00:00:00.357,7,11,34,4,3527466,82
2022-01-01 00:00:00.358,5,6,60,3,3811022,82
2022-01-01 00:00:00.359,6,7,45,6,2997244,82
2022-01-01 00:00:00.360,7,7,16,0,939911,82
2022-01-01 00:00:00.361,9,12,1,0,6488,82
2022-01-01 00:00:00.362,8,9,1,0,20711,82
2022-01-01 00:00:00.363,7,10,8,0,542488,82
2022-01-01 00:00:00.364,6,8,54,2,4662400,82
2022-01-01 00:00:00.365,6,7,59,7,3890044,82
2022-01-01 00:00:00.366,7,6,18,2,958933,82
2022-01-01 00:00:00.367,7,6,1,0,6666,82
2022-01-01 00:00:00.368,8,8,2,0,22044,82
2022-01-01 00:00:00.369,8,9,5,0,337955,82
2022-01-01 00:00:00.370,7,10,3,0,95911,82
2022-01-01 00:00:00.371,6,8,58,7,4758400,82
2022-01-01 00:00:00.372,6,6,58,6,3260711,82
2022-01-01 00:00:00.373,6,8,55,5,4029066,82
2022-01-01 00:00:00.374,7,6,1,0,13600,82
2022-01-01 00:00:00.375,7,6,1,0,6666,82
2022-01-01 00:00:00.376,7,10,11,0,663555,82
2022-01-01 00:00:00.377,8,6,1,0,6666,82
2022-01-01 00:00:00.378,8,9,8,0,634133,82
2022-01-01 00:00:00.379,7,8,4,0,219555,82
2022-01-01 00:00:00.380,8,11,13,0,1224266,82
2022-01-01 00:00:00.381,7,0,1,0,74577,82
2022-01-01 00:00:00.382,6,11,45,4,4583377,82
2022-01-01 00:00:00.383,6,7,24,3,1635911,82
2022-01-01 00:00:00.384,8,6,1,0,6666,82
2022-01-01 00:00:00.385,7,8,14,0,736177,82
2022-01-01 00:00:00.386,7,5,3,0,22666,82
2022-01-01 00:00:00.387,7,6,1,0,6666,82
2022-01-01 00:00:00.388,7,11,5,2,414844,82
2022-01-01 00:00:00.389,7,10,5,2,240266,82
2022-01-01 00:00:00.390,7,6,1,0,6666,82
2022-01-01 00:00:00.391,7,10,12,1,875555,82
2022-01-01 00:00:00.392,7,8,14,0,1041066,82
2022-01-01 00:00:00.393,7,9,4,0,265866,82
2022-01-01 00:00:00.394,7,11,23,3,2528800,82
2022-01-01 00:00:00.395,5,6,51,8,2931822,82
2022-01-01 00:00:00.396,8,7,9,0,574311,82
2022-01-01 00:00:00.397,8,6,1,0,6666,82
2022-01-01 00:00:00.398,7,11,5,2,410577,82
2022-01-01 00:00:00.399,7,8,6,0,315911,82
2022-01-01 00:00:00.400,8,5,1,0,11466,82
2022-01-01 00:00:00.401,7,6,1,0,6666,82
2022-01-01 00:00:00.402,8,6,2,0,74488,82
2022-01-01 00:00:00.403,8,6,1,0,6666,82
2022-01-01 00:00:00.404,8,10,4,0,330844,82
2022-01-01 00:00:00.405,7,9,36,1,2851200,82
2022-01-01 00:00:00.406,7,7,46,3,3192177,82
2022-01-01 00:00:00.407,6,5,62,5,3327822,82
2022-01-01 00:00:00.408,6,4,52,3,2125688,82
2022-01-01 00:00:00.409,5,3,47,4,1986933,82
2022-01-01 00:00:00.410,5,3,59,5,1737688,82
2022-01-01 00:00:00.411,6,6,56,6,3181688,82
2022-01-01 00:00:00.412,6,5,52,6,2831288,82
2022-01-01 00:00:00.413,7,5,56,4,2880355,82
2022-01-01 00:00:00.414,6,6,56,3,3035377,82
2022-01-01 00:00:00.415,5,4,63,5,2839733,82
2022-01-01 00:00:00.416,6,2,60,0,1439022,82
2022-01-01 00:00:00.417,6,6,54,3,3230400,82
2022-01-01 00:00:00.418,7,8,8,1,532266,82
2022-01-01 00:00:00.419,8,9,2,0,19555,82
2022-01-01 00:00:00.420,8,5,1,0,5600,82
2022-01-01 00:00:00.421,8,7,1,0,7911,82
2022-01-01 00:00:00.422,8,6,1,0,6666,82
2022-01-01 00:00:00.423,8,6,2,0,73244,82
2022-01-01 00:00:00.424,8,9,5,0,340888,82
2022-01-01 00:00:00.425,8,6,1,0,68888,82
2022-01-01 00:00:00.426,7,7,49,1,3537866,82
2022-01-01 00:00:00.427,6,5,73,4,4081333,82
2022-01-01 00:00:00.428,7,5,5,0,80977,82
2022-01-01 00:00:00.429,8,11,1,0,5600,82
2022-01-01 00:00:00.430,8,7,1,0,7911,82
2022-01-01 00:00:00.431,7,6,1,0,6666,82
2022-01-01 00:00:00.432,7,7,1,0,68888,82
2022-01-01 00:00:00.433,8,6,1,0,6666,82
2022-01-01 00:00:00.434,7,7,19,0,1292134,82
2022-01-01 00:00:00.435,6,5,53,2,2825422,82
2022-01-01 00:00:00.436,6,4,58,1,2448711,82
2022-01-01 00:00:00.437,6,5,54,2,2573688,82
2022-01-01 00:00:00.438,7,5,2,0,19200,82
2022-01-01 00:00:00.439,8,7,1,0,7911,82
2022-01-01 00:00:00.440,8,6,1,0,6741,82
2022-01-01 00:00:00.441,8,7,2,0,81244,82
2022-01-01 00:00:00.442,7,6,5,0,327120,82
2022-01-01 00:00:00.443,8,7,3,1,153617,82
2022-01-01 00:00:00.444,8,5,1,0,5600,82
2022-01-01 00:00:00.445,7,10,20,1,1845511,82
2022-01-01 00:00:00.446,8,9,3,0,259146,82
2022-01-01 00:00:00.447,8,7,1,0,24622,82
2022-01-01 00:00:00.448,8,6,1,0,6666,82
2022-01-01 00:00:00.449,8,10,4,0,333688,82
2022-01-01 00:00:00.450,7,10,15,0,1356000,82
2022-01-01 00:00:00.451,7,9,40,2,3152175,82
2022-01-01 00:00:00.452,6,5,64,1,3157033,82
2022-01-01 00:00:00.453,7,6,65,6,3507466,82
2022-01-01 00:00:00.454,6,4,56,3,2373866,82
2022-01-01 00:00:00.455,6,4,49,3,1839560,82
2022-01-01 00:00:00.456,7,6,1,0,13752,82
2022-01-01 00:00:00.457,8,0,1,0,7824,82
2022-01-01 00:00:00.458,8,6,1,0,6741,82
2022-01-01 00:00:00.459,7,10,19,0,1635428,82
2022-01-01 00:00:00.460,6,6,48,0,3084622,82
2022-01-01 00:00:00.461,6,5,51,3,2941573,82
2022-01-01 00:00:00.462,5,3,40,1,1485244,82
2022-01-01 00:00:00.463,8,0,1,0,14311,82
2022-01-01 00:00:00.464,8,6,1,0,6593,82
2022-01-01 00:00:00.465,8,9,4,0,333333,82
2022-01-01 00:00:00.466,7,8,30,4,2373511,82
2022-01-01 00:00:00.467,6,6,55,1,3381626,82
2022-01-01 00:00:00.468,7,5,24,1,1178311,82
2022-01-01 00:00:00.469,8,5,1,0,5600,82
2022-01-01 00:00:00.470,8,7,1,0,7824,82
2022-01-01 00:00:00.471,7,5,1,0,8719,82
2022-01-01 00:00:00.472,8,6,1,0,6666,82
2022-01-01 00:00:00.473,8,11,4,0,334202,82
2022-01-01 00:00:00.474,8,6,2,0,79296,82
2022-01-01 00:00:00.475,8,11,1,0,5600,82
2022-01-01 00:00:00.476,7,11,31,0,3272622,82
2022-01-01 00:00:00.477,6,8,52,7,3926577,82
2022-01-01 00:00:00.478,6,4,57,5,2569977,82
2022-01-01 00:00:00.479,6,4,45,5,1866637,82
2022-01-01 00:00:00.480,6,4,67,3,2549600,82
2022-01-01 00:00:00.481,6,5,58,6,3118400,82
2022-01-01 00:00:00.482,6,3,50,3,1622382,82
2022-01-01 00:00:00.483,5,3,71,3,2122461,82
2022-01-01 00:00:00.484,6,4,66,4,2895200,82
2022-01-01 00:00:00.485,5,4,54,3,2057155,82
2022-01-01 00:00:00.486,5,4,56,4,2215550,82
2022-01-01 00:00:00.487,6,3,60,2,2109538,82
2022-01-01 00:00:00.488,7,6,5,0,124711,82
2022-01-01 00:00:00.489,8,6,1,0,6666,82
2022-01-01 00:00:00.490,7,6,6,0,413866,82
2022-01-01 00:00:00.491,7,5,1,0,5600,82
2022-01-01 00:00:00.492,7,9,21,0,1995644,82
2022-01-01 00:00:00.493,7,5,14,0,686222,82
2022-01-01 00:00:00.494,7,7,2,0,137777,82
2022-01-01 00:00:00.495,8,5,1,0,20711,82
2022-01-01 00:00:00.496,7,7,1,0,7911,82
2022-01-01 00:00:00.497,7,6,1,0,6593,82
2022-01-01 00:00:00.498,6,5,13,2,681617,82
2022-01-01 00:00:00.499,7,6,8,0,539555,82
2022-01-01 00:00:00.500,7,6,9,0,345866,82
2022-01-01 00:00:00.501,7,10,16,0,1302755,82
2022-01-01 00:00:00.502,7,10,23,0,2143911,82
2022-01-01 00:00:00.503,5,3,78,4,2777422,82
2022-01-01 00:00:00.504,6,3,43,4,1328977,82
2022-01-01 00:00:00.505,7,0,1,0,6666,82
2022-01-01 00:00:00.506,8,10,5,0,413955,82
2022-01-01 00:00:00.507,6,6,7,0,321688,82
2022-01-01 00:00:00.508,7,6,1,0,6593,82
2022-01-01 00:00:00.509,7,10,4,1,312711,82
2022-01-01 00:00:00.510,7,5,8,1,363733,82
2022-01-01 00:00:00.511,7,6,1,0,6666,82
2022-01-01 00:00:00.512,7,8,9,2,631733,82
2022-01-01 00:00:00.513,7,5,5,2,161688,82
2022-01-01 00:00:00.514,8,9,11,1,836000,82
2022-01-01 00:00:00.515,6,0,6,0,525511,82
2022-01-01 00:00:00.516,7,6,33,4,2189777,82
2022-01-01 00:00:00.517,5,2,59,6,1529333,82
2022-01-01 00:00:00.518,6,3,47,3,1759022,82
2022-01-01 00:00:00.519,5,4,20,2,783288,82
2022-01-01 00:00:00.520,6,5,2,0,15288,82
2022-01-01 00:00:00.521,7,6,10,1,495288,82
2022-01-01 00:00:00.522,7,5,5,0,239911,82
2022-01-01 00:00:00.523,7,0,2,0,17066,82
2022-01-01 00:00:00.524,8,7,1,0,7911,82
2022-01-01 00:00:00.525,9,11,1,0,47377,166
2022-01-01 00:00:00.526,9,9,1,0,47377,166
2022-01-01 00:00:00.527,9,11,1,0,48800,166
2022-01-01 00:00:00.528,8,11,1,1,48800,166
2022-01-01 00:00:00.529,9,11,1,0,48800,166
2022-01-01 00:00:00.530,9,13,1,0,47377,166
2022-01-01 00:00:00.531,9,10,1,0,47377,166
2022-01-01 00:00:00.532,8,12,1,0,47377,166
2022-01-01 00:00:00.533,9,12,1,0,47377,166
2022-01-01 00:00:00.534,9,8,1,0,47377,166
2022-01-01 00:00:00.535,9,11,1,0,47377,166
2022-01-01 00:00:00.536,9,8,1,0,47377,166
2022-01-01 00:00:00.537,9,12,2,0,92088,166
2022-01-01 00:00:00.538,9,11,1,0,48800,166
2022-01-01 00:00:00.539,8,8,1,0,6666,166
2022-01-01 00:00:00.540,9,12,1,0,6666,166
2022-01-01 00:00:00.541,8,11,1,0,48800,166
2022-01-01 00:00:00.542,9,11,1,0,47377,166
2022-01-01 00:00:00.543,9,9,1,0,6666,166
2022-01-01 00:00:00.544,6,11,7,2,94577,166
2022-01-01 00:00:00.545,6,17,2,0,47111,166
2022-01-01 00:00:00.546,6,10,2,0,47111,166
2022-01-01 00:00:00.547,6,8,2,0,47111,166
2022-01-01 00:00:00.548,6,6,2,0,49244,166
2022-01-01 00:00:00.549,6,8,2,1,47111,166
2022-01-01 00:00:00.550,6,7,2,0,47111,166
2022-01-01 00:00:00.551,6,6,4,0,95280,166
2022-01-01 00:00:00.552,6,2,4,0,92131,166
2022-01-01 00:00:00.553,6,5,1,0,6869,166
2022-01-01 00:00:00.554,6,10,2,0,48735,166
2022-01-01 00:00:00.555,6,9,2,0,47111,166
2022-01-01 00:00:00.556,6,8,2,0,47111,166
2022-01-01 00:00:00.557,6,7,1,0,7200,166
2022-01-01 00:00:00.558,9,11,1,0,46857,166
2022-01-01 00:00:00.559,9,9,1,1,47910,166
2022-01-01 00:00:00.560,9,9,1,0,47377,166
2022-01-01 00:00:00.561,9,10,1,0,51505,166
2022-01-01 00:00:00.562,9,9,1,0,47377,166
2022-01-01 00:00:00.563,9,8,1,0,47910,166
2022-01-01 00:00:00.564,9,11,1,0,47377,166
2022-01-01 00:00:00.565,9,12,1,0,47910,166
2022-01-01 00:00:00.566,9,12,2,0,94755,166
2022-01-01 00:00:00.567,9,10,3,0,99111,166
2022-01-01 00:00:00.568,9,10,1,0,46857,166
2022-01-01 00:00:00.569,9,10,1,0,47377,166
2022-01-01 00:00:00.570,9,11,2,0,98311,166
2022-01-01 00:00:00.571,9,10,1,0,47377,166
2022-01-01 00:00:00.572,9,11,1,0,46857,166
2022-01-01 00:00:00.573,9,11,2,0,94755,166
2022-01-01 00:00:00.574,9,13,1,0,47910,166
2022-01-01 00:00:00.575,9,13,1,0,6666,166
2022-01-01 00:00:00.576,9,12,1,0,47377,166
2022-01-01 00:00:00.577,8,13,1,0,47377,166
2022-01-01 00:00:00.578,9,12,1,0,47377,166
2022-01-01 00:00:00.579,9,10,1,0,50933,166
2022-01-01 00:00:00.580,9,9,1,0,47377,166
2022-01-01 00:00:00.581,9,11,1,0,47910,166
2022-01-01 00:00:00.582,9,9,1,0,47377,166
2022-01-01 00:00:00.583,9,12,1,0,6666,166
2022-01-01 00:00:00.584,8,12,1,0,48800,166
2022-01-01 00:00:00.585,8,11,1,0,48800,166
2022-01-01 00:00:00.586,8,12,1,0,48800,166
2022-01-01 00:00:00.587,8,11,1,0,47377,166
2022-01-01 00:00:00.588,8,12,1,0,6666,166
2022-01-01 00:00:00.589,8,0,1,0,622,181
2022-01-01 00:00:00.590,6,6,1,0,13600,186
2022-01-01 00:00:00.591,7,6,10,0,611911,186
2022-01-01 00:00:00.592,6,6,14,0,923377,186
2022-01-01 00:00:00.593,6,6,8,0,518577,186
2022-01-01 00:00:00.594,6,4,2,0,9066,186
2022-01-01 00:00:00.595,6,6,6,0,408177,186
2022-01-01 00:00:00.596,6,4,14,0,685333,186
2022-01-01 00:00:00.597,6,6,4,0,209511,186
2022-01-01 00:00:00.598,6,6,3,0,153333,186
2022-01-01 00:00:00.599,6,6,1,0,6666,186
2022-01-01 00:00:00.600,6,4,3,0,95555,186
2022-01-01 00:00:00.601,6,6,1,0,6666,186
2022-01-01 00:00:00.602,6,0,1,0,6488,184
2022-01-01 00:00:00.603,6,5,11,5,495200,186
2022-01-01 00:00:00.604,6,17,3,0,412800,184
2022-01-01 00:00:00.605,6,2,6,0,164977,186
2022-01-01 00:00:00.606,6,13,5,0,257600,184
2022-01-01 00:00:00.607,6,6,11,2,634755,186
2022-01-01 00:00:00.608,6,3,19,3,623377,186
2022-01-01 00:00:00.609,6,16,7,1,724800,184
2022-01-01 00:00:00.610,6,4,30,1,1308444,186
2022-01-01 00:00:00.611,6,19,7,4,959644,184
2022-01-01 00:00:00.612,6,0,2,0,475200,184
2022-01-01 00:00:00.613,6,4,43,3,2084533,186
2022-01-01 00:00:00.614,6,20,14,11,3211733,184
2022-01-01 00:00:00.615,4,0,55,8,1078311,186
2022-01-01 00:00:00.616,6,21,15,8,3512800,184
2022-01-01 00:00:00.617,4,0,66,6,941155,186
2022-01-01 00:00:00.618,6,21,10,9,2333333,184
2022-01-01 00:00:00.619,4,0,67,7,971288,186
2022-01-01 00:00:00.620,6,20,9,5,2061866,184
2022-01-01 00:00:00.621,4,0,72,5,1335466,186
2022-01-01 00:00:00.622,6,11,3,0,22666,184
2022-01-01 00:00:00.623,4,0,75,9,1454488,186
2022-01-01 00:00:00.624,5,1,78,6,1606222,186
2022-01-01 00:00:00.625,4,1,77,8,1757244,186
2022-01-01 00:00:00.626,5,1,37,2,700888,186
2022-01-01 00:00:00.627,6,4,6,0,254755,186
2022-01-01 00:00:00.628,6,12,1,0,6488,184
2022-01-01 00:00:00.629,6,6,1,0,6666,186
2022-01-01 00:00:00.630,6,4,1,0,7022,186
2022-01-01 00:00:00.631,6,18,7,1,530311,184
2022-01-01 00:00:00.632,5,4,19,1,728444,186
2022-01-01 00:00:00.633,6,20,68,14,15158933,184
2022-01-01 00:00:00.634,5,0,1,0,11822,186
2022-01-01 00:00:00.635,6,19,57,1,12006133,184
2022-01-01 00:00:00.636,6,6,3,0,134666,186
2022-01-01 00:00:00.637,6,6,1,0,6666,186
2022-01-01 00:00:00.638,6,4,1,0,21422,186
2022-01-01 00:00:00.639,6,5,18,1,868444,186
2022-01-01 00:00:00.640,5,2,79,6,2448622,186
2022-01-01 00:00:00.641,5,2,81,4,1994400,186
2022-01-01 00:00:00.642,5,2,79,5,1945155,186
2022-01-01 00:00:00.643,5,2,74,9,1822044,186
2022-01-01 00:00:00.644,6,12,1,0,6488,184
2022-01-01 00:00:00.645,4,0,78,6,1393600,186
2022-01-01 00:00:00.646,4,0,76,6,1168711,186
2022-01-01 00:00:00.647,6,18,3,1,412800,184
2022-01-01 00:00:00.648,4,0,78,5,1186222,186
2022-01-01 00:00:00.649,6,12,6,0,114844,184
2022-01-01 00:00:00.650,4,0,72,9,1369244,186
2022-01-01 00:00:00.651,6,18,32,2,4980533,184
2022-01-01 00:00:00.652,4,1,53,11,935200,186
2022-01-01 00:00:00.653,6,19,23,0,4497955,184
2022-01-01 00:00:00.654,4,1,60,9,1181511,186
2022-01-01 00:00:00.655,6,20,20,4,4352800,184
2022-01-01 00:00:00.656,5,1,61,6,1478311,186
2022-01-01 00:00:00.657,6,19,25,0,5378933,184
2022-01-01 00:00:00.658,5,2,59,6,1452711,186
2022-01-01 00:00:00.659,6,19,16,0,3401600,184
2022-01-01 00:00:00.660,5,1,65,6,1453600,186
2022-01-01 00:00:00.661,6,16,1,0,61600,184
2022-01-01 00:00:00.662,5,2,82,3,1936177,186
2022-01-01 00:00:00.663,7,18,1,0,10755,184
2022-01-01 00:00:00.664,4,1,78,6,1577066,186
2022-01-01 00:00:00.665,5,0,77,8,1433688,186
2022-01-01 00:00:00.666,5,0,78,3,1207288,186
2022-01-01 00:00:00.667,6,1,2,1,25066,186
2022-01-01 00:00:00.668,7,12,1,0,6488,184
2022-01-01 00:00:00.669,7,18,1,0,5600,184
2022-01-01 00:00:00.670,7,3,1,0,21422,186
2022-01-01 00:00:00.671,7,15,6,0,720088,184
2022-01-01 00:00:00.672,7,18,2,0,104000,184
2022-01-01 00:00:00.673,7,18,2,0,82488,184
2022-01-01 00:00:00.674,7,0,1,0,10755,184
2022-01-01 00:00:00.675,7,20,27,0,6155733,184
2022-01-01 00:00:00.676,7,4,1,0,21422,186
2022-01-01 00:00:00.677,7,20,89,0,21001600,184
2022-01-01 00:00:00.678,6,20,90,0,21170933,184
2022-01-01 00:00:00.679,6,21,90,0,21332800,184
2022-01-01 00:00:00.680,6,20,51,0,11765422,184
2022-01-01 00:00:00.681,7,4,1,0,21422,186
2022-01-01 00:00:00.682,8,6,1,0,20711,186
2022-01-01 00:00:00.683,6,0,1,0,7022,186
2022-01-01 00:00:00.684,7,4,10,2,413511,186
2022-01-01 00:00:00.685,5,3,11,0,254488,186
2022-01-01 00:00:00.686,7,4,1,0,21422,186
2022-01-01 00:00:00.687,6,2,26,3,802488,186
2022-01-01 00:00:00.688,7,5,19,0,731111,186
2022-01-01 00:00:00.689,6,6,11,0,696800,186
2022-01-01 00:00:00.690,7,6,31,2,1934133,186
2022-01-01 00:00:00.691,5,1,81,6,2012355,186
2022-01-01 00:00:00.692,5,0,78,5,1430577,186
2022-01-01 00:00:00.693,5,1,81,7,1830844,186
2022-01-01 00:00:00.694,7,12,1,0,6488,184
2022-01-01 00:00:00.695,4,0,79,3,1251822,186
2022-01-01 00:00:00.696,6,3,73,4,2815733,186
2022-01-01 00:00:00.697,7,18,7,0,663288,184
2022-01-01 00:00:00.698,7,3,1,0,21422,186
2022-01-01 00:00:00.699,7,11,2,0,12088,184
2022-01-01 00:00:00.700,7,17,6,0,714933,184
2022-01-01 00:00:00.701,7,15,5,0,171555,184
2022-01-01 00:00:00.702,8,4,1,0,7022,186
2022-01-01 00:00:00.703,7,20,7,0,1288888,184
2022-01-01 00:00:00.704,7,6,1,0,20711,186
2022-01-01 00:00:00.705,6,5,12,4,477688,186
2022-01-01 00:00:00.706,6,3,6,1,171555,186
2022-01-01 00:00:00.707,5,1,83,4,2182311,186
2022-01-01 00:00:00.708,7,20,18,1,3757955,184
2022-01-01 00:00:00.709,5,1,69,4,1520533,186
2022-01-01 00:00:00.710,6,20,5,0,883111,184
2022-01-01 00:00:00.711,5,2,45,3,1067111,186
2022-01-01 00:00:00.712,7,20,34,1,6586311,184
2022-01-01 00:00:00.713,6,2,2,0,26488,186
2022-01-01 00:00:00.714,7,4,1,0,7022,186
2022-01-01 00:00:00.715,7,4,8,1,338666,186
2022-01-01 00:00:00.716,6,3,13,5,342311,186
2022-01-01 00:00:00.717,6,2,1,0,7200,186
2022-01-01 00:00:00.718,7,12,1,0,6488,184
2022-01-01 00:00:00.719,7,4,15,2,634755,186
2022-01-01 00:00:00.720,7,19,3,0,491733,184
2022-01-01 00:00:00.721,6,3,13,3,364177,186
2022-01-01 00:00:00.722,7,20,16,0,3183288,184
2022-01-01 00:00:00.723,6,3,33,6,1251644,186
2022-01-01 00:00:00.724,7,18,11,1,1705244,184
2022-01-01 00:00:00.725,7,1,5,0,112444,186
2022-01-01 00:00:00.726,7,4,3,2,129333,186
2022-01-01 00:00:00.727,7,3,49,0,2106400,186
2022-01-01 00:00:00.728,4,0,80,4,1339733,186
2022-01-01 00:00:00.729,5,0,83,3,1339644,186
2022-01-01 00:00:00.730,5,1,82,6,1671288,186
2022-01-01 00:00:00.731,5,1,85,3,1735911,186
2022-01-01 00:00:00.732,5,0,85,1,1546044,186
2022-01-01 00:00:00.733,6,2,58,5,1539377,186
2022-01-01 00:00:00.734,6,0,1,0,6488,184
2022-01-01 00:00:00.735,7,4,7,1,290400,186
2022-01-01 00:00:00.736,7,16,6,0,646933,184
2022-01-01 00:00:00.737,8,4,1,0,4533,183
2022-01-01 00:00:00.738,7,0,1,0,6488,184
2022-01-01 00:00:00.739,7,15,12,0,893244,184
2022-01-01 00:00:00.740,7,20,8,0,1294400,184
2022-01-01 00:00:00.741,6,20,29,0,6554666,184
2022-01-01 00:00:00.742,7,20,20,0,4404088,184
2022-01-01 00:00:00.743,7,6,1,0,6666,186
2022-01-01 00:00:00.744,6,4,13,4,581244,186
2022-01-01 00:00:00.745,6,3,4,0,100266,186
2022-01-01 00:00:00.746,6,3,24,4,886044,186
2022-01-01 00:00:00.747,7,3,8,0,116977,186
2022-01-01 00:00:00.748,7,12,1,0,6488,184
2022-01-01 00:00:00.749,6,4,28,3,1288000,186
2022-01-01 00:00:00.750,7,16,6,0,509955,184
2022-01-01 00:00:00.751,7,12,2,0,232711,184
2022-01-01 00:00:00.752,6,3,63,3,2957244,186
2022-01-01 00:00:00.753,5,0,78,4,1199466,186
2022-01-01 00:00:00.754,5,0,84,4,1630933,186
2022-01-01 00:00:00.755,5,0,81,2,1301066,186
2022-01-01 00:00:00.756,6,2,84,5,2320000,186
2022-01-01 00:00:00.757,5,1,82,5,2086933,186
2022-01-01 00:00:00.758,6,0,3,0,32800,186
2022-01-01 00:00:00.759,7,6,2,0,132622,186
2022-01-01 00:00:00.760,7,7,9,0,608444,186
2022-01-01 00:00:00.761,7,6,1,0,6666,186
2022-01-01 00:00:00.762,7,6,11,2,634755,186
2022-01-01 00:00:00.763,7,12,1,0,6488,184
2022-01-01 00:00:00.764,7,3,11,3,292000,186
2022-01-01 00:00:00.765,7,18,3,0,412800,184
2022-01-01 00:00:00.766,7,4,19,2,716977,186
2022-01-01 00:00:00.767,7,14,6,0,260355,184
2022-01-01 00:00:00.768,7,4,9,0,262488,186
2022-01-01 00:00:00.769,6,0,1,0,7200,186
2022-01-01 00:00:00.770,7,17,7,0,729066,184
2022-01-01 00:00:00.771,7,5,8,2,411911,186
2022-01-01 00:00:00.772,7,19,9,0,1436000,184
2022-01-01 00:00:00.773,7,2,6,2,89777,186
2022-01-01 00:00:00.774,6,20,21,0,4537066,184
2022-01-01 00:00:00.775,7,20,31,0,6671911,184
2022-01-01 00:00:00.776,7,6,12,0,723377,186
2022-01-01 00:00:00.777,5,2,81,4,2871022,186
2022-01-01 00:00:00.778,4,0,79,7,1214844,186
2022-01-01 00:00:00.779,4,0,78,5,1301155,186
2022-01-01 00:00:00.780,4,0,81,4,1245600,186
2022-01-01 00:00:00.781,4,0,75,9,1476888,186
2022-01-01 00:00:00.782,4,0,81,3,1476711,186
2022-01-01 00:00:00.783,5,3,79,8,2734488,186
2022-01-01 00:00:00.784,7,12,1,0,6488,184
2022-01-01 00:00:00.785,4,1,77,6,1572355,186
2022-01-01 00:00:00.786,4,0,81,4,1495200,186
2022-01-01 00:00:00.787,4,0,82,2,1575288,186
2022-01-01 00:00:00.788,5,1,78,7,1523022,186
2022-01-01 00:00:00.789,6,16,8,0,653866,184
2022-01-01 00:00:00.790,4,2,78,8,2568000,186
2022-01-01 00:00:00.791,7,15,1,0,9333,184
2022-01-01 00:00:00.792,4,0,78,5,1327822,186
2022-01-01 00:00:00.793,6,19,11,0,2300800,184
2022-01-01 00:00:00.794,5,2,70,6,1705777,186
2022-01-01 00:00:00.795,6,19,13,1,2420088,184
2022-01-01 00:00:00.796,5,3,67,10,2675111,186
2022-01-01 00:00:00.797,4,0,83,3,1341066,186
2022-01-01 00:00:00.798,5,1,79,5,1763111,186
2022-01-01 00:00:00.799,7,11,1,0,5600,184
2022-01-01 00:00:00.800,5,2,78,8,2335822,186
2022-01-01 00:00:00.801,4,0,77,6,1442933,186
2022-01-01 00:00:00.802,5,2,81,6,2684888,186
2022-01-01 00:00:00.803,5,0,80,4,1489066,186
2022-01-01 00:00:00.804,4,0,80,4,1572266,186
2022-01-01 00:00:00.805,5,0,65,4,1149955,186
2022-01-01 00:00:00.806,7,4,1,1,36000,186
2022-01-01 00:00:00.807,7,13,4,0,78044,184
2022-01-01 00:00:00.808,6,17,1,0,5600,184
2022-01-01 00:00:00.809,7,6,1,0,6666,186
2022-01-01 00:00:00.810,7,17,5,0,708088,184
2022-01-01 00:00:00.811,6,5,16,2,657066,186
2022-01-01 00:00:00.812,6,3,1,0,7555,186
2022-01-01 00:00:00.813,7,12,1,0,6488,184
2022-01-01 00:00:00.814,7,6,11,0,633511,186
2022-01-01 00:00:00.815,7,6,8,0,261155,186
2022-01-01 00:00:00.816,6,15,6,0,571733,184
2022-01-01 00:00:00.817,6,6,20,4,1285333,186
2022-01-01 00:00:00.818,7,20,15,0,3110577,184
2022-01-01 00:00:00.819,7,20,8,0,1574222,184
2022-01-01 00:00:00.820,7,19,16,0,2877244,184
2022-01-01 00:00:00.821,7,5,62,5,3617600,186
2022-01-01 00:00:00.822,5,0,82,4,1370488,186
2022-01-01 00:00:00.823,5,1,81,6,1903377,186
2022-01-01 00:00:00.824,6,1,85,3,1986222,186
2022-01-01 00:00:00.825,7,12,1,0,6488,184
2022-01-01 00:00:00.826,6,2,79,4,2381777,186
2022-01-01 00:00:00.827,8,2,3,0,32266,186
2022-01-01 00:00:00.828,8,17,7,0,577333,184
2022-01-01 00:00:00.829,8,19,12,0,1529955,184
2022-01-01 00:00:00.830,8,20,27,0,4380000,184
2022-01-01 00:00:00.831,8,14,2,0,16355,184
2022-01-01 00:00:00.832,8,6,1,0,6666,186
2022-01-01 00:00:00.833,8,8,7,0,479911,186
2022-01-01 00:00:00.834,7,8,6,0,259555,186
2022-01-01 00:00:00.835,8,12,1,0,6488,184
2022-01-01 00:00:00.836,8,17,8,0,675555,184
2022-01-01 00:00:00.837,8,12,1,0,6488,184
2022-01-01 00:00:00.838,8,18,4,0,637600,184
2022-01-01 00:00:00.839,7,17,5,0,246222,184
2022-01-01 00:00:00.840,8,21,6,0,1289600,184
2022-01-01 00:00:00.841,7,20,21,0,4492888,184
2022-01-01 00:00:00.842,8,20,30,0,6659822,184
2022-01-01 00:00:00.843,8,11,6,0,643733,186
2022-01-01 00:00:00.844,7,0,1,0,5600,186
2022-01-01 00:00:00.845,7,6,8,0,251911,186
2022-01-01 00:00:00.846,7,5,4,0,84444,186
2022-01-01 00:00:00.847,7,9,14,2,706488,186
2022-01-01 00:00:00.848,7,6,19,0,994933,186
2022-01-01 00:00:00.849,7,12,1,0,6488,184
2022-01-01 00:00:00.850,8,18,3,0,483200,184
2022-01-01 00:00:00.851,7,13,5,0,183466,184
2022-01-01 00:00:00.852,8,19,6,1,695111,184
2022-01-01 00:00:00.853,7,6,1,0,6666,186
2022-01-01 00:00:00.854,7,17,7,3,166844,184
2022-01-01 00:00:00.855,8,21,7,0,1297600,184
2022-01-01 00:00:00.856,8,11,1,0,5600,186
2022-01-01 00:00:00.857,7,20,51,0,10323288,184
2022-01-01 00:00:00.858,7,16,5,0,899911,184
2022-01-01 00:00:00.859,8,9,3,0,269244,186
2022-01-01 00:00:00.860,7,4,2,0,58133,186
2022-01-01 00:00:00.861,8,5,1,0,5600,186
2022-01-01 00:00:00.862,7,8,4,0,267377,186
2022-01-01 00:00:00.863,7,7,7,0,238755,186
2022-01-01 00:00:00.864,8,7,4,1,169244,186
2022-01-01 00:00:00.865,7,3,1,0,5600,186
2022-01-01 00:00:00.866,8,10,13,1,1178400,186
2022-01-01 00:00:00.867,7,6,22,3,1183111,186
2022-01-01 00:00:00.868,7,12,1,0,6488,184
2022-01-01 00:00:00.869,6,4,58,2,2567022,186
2022-01-01 00:00:00.870,6,6,48,1,3022044,186
2022-01-01 00:00:00.871,7,18,8,0,740533,184
2022-01-01 00:00:00.872,6,5,45,3,1955555,186
2022-01-01 00:00:00.873,7,15,1,0,9333,184
2022-01-01 00:00:00.874,5,2,79,6,2723111,186
2022-01-01 00:00:00.875,8,11,2,0,11200,184
2022-01-01 00:00:00.876,5,2,45,1,967822,186
2022-01-01 00:00:00.877,6,5,84,5,4211555,186
2022-01-01 00:00:00.878,6,3,70,2,1917333,186
2022-01-01 00:00:00.879,7,6,36,2,1357422,186
2022-01-01 00:00:00.880,6,4,69,6,3534666,186
2022-01-01 00:00:00.881,6,3,76,3,2395377,186
2022-01-01 00:00:00.882,6,4,75,3,3523111,186
2022-01-01 00:00:00.883,6,4,72,0,3302400,186
2022-01-01 00:00:00.884,5,3,76,2,2804266,186
2022-01-01 00:00:00.885,6,4,39,3,1093511,186
2022-01-01 00:00:00.886,7,6,41,6,2371644,186
2022-01-01 00:00:00.887,6,5,46,3,2386400,186
2022-01-01 00:00:00.888,6,5,53,1,2602044,186
2022-01-01 00:00:00.889,6,5,62,0,2384000,186
2022-01-01 00:00:00.890,7,6,38,2,1877688,186
2022-01-01 00:00:00.891,8,9,28,0,2217066,186
2022-01-01 00:00:00.892,7,6,30,1,1939200,186
2022-01-01 00:00:00.893,7,9,43,2,2682222,186
2022-01-01 00:00:00.894,7,6,58,2,2630666,186
2022-01-01 00:00:00.895,7,8,46,7,3301155,186
2022-01-01 00:00:00.896,7,6,40,0,1762488,186
2022-01-01 00:00:00.897,6,5,46,2,2134755,186
2022-01-01 00:00:00.898,7,6,44,6,2479644,186
2022-01-01 00:00:00.899,6,5,45,2,2484711,186
2022-01-01 00:00:00.900,7,6,40,1,2043822,186
2022-01-01 00:00:00.901,7,6,42,4,2492888,186
2022-01-01 00:00:00.902,8,12,1,0,6488,184
2022-01-01 00:00:00.903,7,7,34,2,2434311,186
2022-01-01 00:00:00.904,7,6,50,3,2352711,186
2022-01-01 00:00:00.905,8,18,8,0,645600,184
2022-01-01 00:00:00.906,7,6,45,0,1553244,186
2022-01-01 00:00:00.907,8,11,2,0,12088,184
2022-01-01 00:00:00.908,6,5,33,3,1533777,186
2022-01-01 00:00:00.909,7,6,35,1,2179022,186
2022-01-01 00:00:00.910,7,17,7,0,717688,184
2022-01-01 00:00:00.911,7,6,45,1,2678577,186
2022-01-01 00:00:00.912,8,18,3,0,166755,184
2022-01-01 00:00:00.913,6,4,61,3,2321066,186
2022-01-01 00:00:00.914,7,21,8,0,1283822,184
2022-01-01 00:00:00.915,6,6,42,2,2111644,186
2022-01-01 00:00:00.916,6,6,63,2,3179022,186
2022-01-01 00:00:00.917,6,5,40,2,2234666,186
2022-01-01 00:00:00.918,7,6,48,0,2837155,186
2022-01-01 00:00:00.919,7,21,31,1,6724000,184
2022-01-01 00:00:00.920,7,9,31,0,2305511,186
2022-01-01 00:00:00.921,8,21,17,1,3584088,184
2022-01-01 00:00:00.922,6,5,37,2,1867733,186
2022-01-01 00:00:00.923,8,18,6,0,850844,184
2022-01-01 00:00:00.924,7,7,34,1,2326755,186
2022-01-01 00:00:00.925,7,7,28,2,1582044,186
2022-01-01 00:00:00.926,7,6,38,2,2140800,186
2022-01-01 00:00:00.927,6,6,39,2,1944444,186
2022-01-01 00:00:00.928,8,12,1,0,6488,184
2022-01-01 00:00:00.929,7,6,25,1,1381066,186
2022-01-01 00:00:00.930,8,21,3,0,410933,184
2022-01-01 00:00:00.931,8,10,18,0,1207111,186
2022-01-01 00:00:00.932,7,17,10,0,345333,184
2022-01-01 00:00:00.933,7,6,32,0,1630044,186
2022-01-01 00:00:00.934,7,9,20,0,1598577,186
2022-01-01 00:00:00.935,7,7,23,1,1522933,186
2022-01-01 00:00:00.936,8,9,25,2,2015733,186
2022-01-01 00:00:00.937,7,6,31,4,1990488,186
2022-01-01 00:00:00.938,7,6,42,1,1540355,186
2022-01-01 00:00:00.939,7,6,43,2,2242844,186
2022-01-01 00:00:00.940,6,5,58,2,2696533,186
2022-01-01 00:00:00.941,6,5,53,2,2838666,186
2022-01-01 00:00:00.942,6,4,79,0,3722933,186
2022-01-01 00:00:00.943,6,4,68,1,2555733,186
2022-01-01 00:00:00.944,6,4,67,2,1585244,186
2022-01-01 00:00:00.945,6,5,67,2,1934933,186
2022-01-01 00:00:00.946,6,4,78,0,1745866,186
2022-01-01 00:00:00.947,7,12,1,0,6488,184
2022-01-01 00:00:00.948,6,5,62,1,2492355,186
2022-01-01 00:00:00.949,6,5,51,3,2275466,186
2022-01-01 00:00:00.950,7,21,5,0,669244,184
2022-01-01 00:00:00.951,6,6,50,1,3038400,186
2022-01-01 00:00:00.952,8,12,1,0,6488,184
2022-01-01 00:00:00.953,6,4,50,1,2306844,186
2022-01-01 00:00:00.954,7,20,5,0,723022,184
2022-01-01 00:00:00.955,7,7,53,4,3449600,186
2022-01-01 00:00:00.956,8,18,3,0,163911,184
2022-01-01 00:00:00.957,6,6,58,2,3568177,186
2022-01-01 00:00:00.958,8,19,10,0,1293777,184
2022-01-01 00:00:00.959,6,5,63,5,3120088,186
2022-01-01 00:00:00.960,6,5,42,2,1476711,186
2022-01-01 00:00:00.961,7,8,48,3,3112800,186
2022-01-01 00:00:00.962,7,6,54,6,3373066,186
2022-01-01 00:00:00.963,7,17,18,0,2520800,184
2022-01-01 00:00:00.964,6,5,37,3,1730844,186
2022-01-01 00:00:00.965,8,21,33,1,6403555,184
2022-01-01 00:00:00.966,7,9,41,4,2956711,186
2022-01-01 00:00:00.967,8,19,12,0,2310311,184
2022-01-01 00:00:00.968,5,5,69,3,3864977,186
2022-01-01 00:00:00.969,7,6,74,5,4145600,186
2022-01-01 00:00:00.970,6,4,50,1,1324266,186
2022-01-01 00:00:00.971,6,5,50,3,2296977,186
2022-01-01 00:00:00.972,8,12,1,0,6488,184
2022-01-01 00:00:00.973,6,5,41,1,2310933,186
2022-01-01 00:00:00.974,7,6,57,2,3137244,186
2022-01-01 00:00:00.975,8,18,7,0,662488,184
2022-01-01 00:00:00.976,6,5,53,3,2744444,186
2022-01-01 00:00:00.977,7,18,24,0,3126755,184
2022-01-01 00:00:00.978,6,6,56,3,3290488,186
2022-01-01 00:00:00.979,8,18,11,1,1612711,184
2022-01-01 00:00:00.980,6,5,69,5,3356711,186
2022-01-01 00:00:00.981,5,4,75,2,3405600,186
2022-01-01 00:00:00.982,6,4,72,0,1773333,186
2022-01-01 00:00:00.983,6,4,70,4,2441422,186
2022-01-01 00:00:00.984,5,3,74,3,2710222,186
2022-01-01 00:00:00.985,6,4,74,4,3358044,186
2022-01-01 00:00:00.986,7,6,74,5,4745600,186
2022-01-01 00:00:00.987,6,5,73,5,4148533,186
2022-01-01 00:00:00.988,6,4,74,2,3132266,186
2022-01-01 00:00:00.989,6,4,77,2,3633866,186
2022-01-01 00:00:00.990,7,6,74,5,4544888,186
2022-01-01 00:00:00.991,6,4,67,2,1861155,186
2022-01-01 00:00:00.992,6,4,71,2,1667822,186
2022-01-01 00:00:00.993,6,4,63,0,1812177,186
2022-01-01 00:00:00.994,8,12,1,0,6488,184
2022-01-01 00:00:00.995,6,5,50,4,2403022,186
2022-01-01 00:00:00.996,7,6,50,3,3148622,186
2022-01-01 00:00:00.997,8,17,10,0,650222,184
2022-01-01 00:00:00.998,7,6,56,3,2590933,186
2022-01-01 00:00:00.999,7,20,36,0,5212088,184
2022-01-01 00:00:01.000,6,5,41,2,1881866,186
2022-01-01 00:00:01.001,8,21,17,2,3815911,184
2022-01-01 00:00:01.002,7,6,40,2,2488266,186
2022-01-01 00:00:01.003,7,20,20,0,4294044,184
2022-01-01 00:00:01.004,6,6,31,2,1965688,186
2022-01-01 00:00:01.005,7,21,18,0,4043555,184
2022-01-01 00:00:01.006,6,5,41,1,2050933,186
2022-01-01 00:00:01.007,8,19,25,1,5232177,184
2022-01-01 00:00:01.008,6,5,51,4,2976800,186
2022-01-01 00:00:01.009,5,4,67,4,3088266,186
2022-01-01 00:00:01.010,5,1,56,1,571644,186
2022-01-01 00:00:01.011,5,2,58,2,1385866,186
2022-01-01 00:00:01.012,6,4,63,4,2976266,186
2022-01-01 00:00:01.013,5,3,73,5,2638666,186
2022-01-01 00:00:01.014,5,3,74,4,2748977,186
2022-01-01 00:00:01.015,6,4,74,4,3220800,186
2022-01-01 00:00:01.016,5,2,75,3,2267288,186
2022-01-01 00:00:01.017,6,4,73,5,3133777,186
2022-01-01 00:00:01.018,5,4,70,8,3083555,186
2022-01-01 00:00:01.019,6,3,54,3,1897244,186
2022-01-01 00:00:01.020,6,5,30,1,1611466,186
2022-01-01 00:00:01.021,6,5,44,1,2484444,186
2022-01-01 00:00:01.022,6,5,40,5,2034400,186
2022-01-01 00:00:01.023,8,0,1,0,6488,184
2022-01-01 00:00:01.024,6,5,37,1,2142666,186
2022-01-01 00:00:01.025,7,6,52,0,3168888,186
2022-01-01 00:00:01.026,7,15,6,0,659288,184
2022-01-01 00:00:01.027,7,6,44,3,2524355,186
2022-01-01 00:00:01.028,7,0,1,0,6666,184
2022-01-01 00:00:01.029,6,6,39,0,2278311,186
2022-01-01 00:00:01.030,7,16,9,0,717511,184
2022-01-01 00:00:01.031,7,9,1,0,83111,186
2022-01-01 00:00:01.032,7,15,5,0,162577,184
2022-01-01 00:00:01.033,7,0,1,0,47377,186
2022-01-01 00:00:01.034,7,20,6,0,1285333,184
2022-01-01 00:00:01.035,7,6,3,0,129066,186
2022-01-01 00:00:01.036,7,20,33,0,7343022,184
2022-01-01 00:00:01.037,8,20,19,1,3765274,184
2022-01-01 00:00:01.038,8,9,2,0,130488,186
2022-01-01 00:00:01.039,7,0,1,0,6488,184
2022-01-01 00:00:01.040,7,20,3,0,505955,184
2022-01-01 00:00:01.041,7,11,3,0,248800,184
2022-01-01 00:00:01.042,9,10,2,0,127296,186
2022-01-01 00:00:01.043,9,12,1,0,6488,184
2022-01-01 00:00:01.044,8,16,3,0,412800,184
2022-01-01 00:00:01.045,9,14,6,0,257494,184
2022-01-01 00:00:01.046,8,17,11,0,857422,184
2022-01-01 00:00:01.047,8,18,9,0,1313066,184
2022-01-01 00:00:01.048,8,20,50,0,11154311,184
2022-01-01 00:00:01.049,8,13,2,0,16175,184
2022-01-01 00:00:01.050,8,12,1,0,6488,184
2022-01-01 00:00:01.051,8,20,4,0,405274,184
2022-01-01 00:00:01.052,8,20,5,0,326844,184
2022-01-01 00:00:01.053,9,10,2,0,124800,186
2022-01-01 00:00:01.054,8,9,2,0,131955,186
2022-01-01 00:00:01.055,7,12,1,0,6417,184
2022-01-01 00:00:01.056,7,21,2,0,426400,184
2022-01-01 00:00:01.057,7,17,7,0,260888,184
2022-01-01 00:00:01.058,7,17,9,0,853362,184
2022-01-01 00:00:01.059,7,17,9,0,1317955,184
2022-01-01 00:00:01.060,8,20,64,1,11146755,184
2022-01-01 00:00:01.061,8,18,1,0,21662,184
2022-01-01 00:00:01.062,7,6,1,0,6741,184
2022-01-01 00:00:01.063,7,16,7,0,668355,184
2022-01-01 00:00:01.064,7,20,27,0,4711288,184
2022-01-01 00:00:01.065,8,18,1,0,10876,184
2022-01-01 00:00:01.066,8,9,2,0,119208,186
2022-01-01 00:00:01.067,8,12,1,0,6488,184
2022-01-01 00:00:01.068,7,18,6,0,576808,184
2022-01-01 00:00:01.069,8,11,4,0,66666,184
2022-01-01 00:00:01.070,8,17,4,0,474109,184
2022-01-01 00:00:01.071,8,20,50,0,9288888,184
2022-01-01 00:00:01.072,8,18,1,0,21422,184
2022-01-01 00:00:01.073,7,12,1,0,6488,184
2022-01-01 00:00:01.074,7,17,9,1,519466,184
2022-01-01 00:00:01.075,7,12,3,0,157600,184
2022-01-01 00:00:01.076,7,20,9,1,653123,184
2022-01-01 00:00:01.077,7,8,4,0,244307,184
2022-01-01 00:00:01.078,7,19,8,0,1285155,184
2022-01-01 00:00:01.079,8,9,2,0,130488,186
2022-01-01 00:00:01.080,7,20,62,0,10724533,184
2022-01-01 00:00:01.081,8,18,4,0,522666,184
2022-01-01 00:00:01.082,8,9,2,0,152533,186
2022-01-01 00:00:01.083,7,12,1,0,6417,184
2022-01-01 00:00:01.084,8,21,4,0,512444,184
2022-01-01 00:00:01.085,7,19,2,0,239822,184
2022-01-01 00:00:01.086,7,16,2,0,73066,184
2022-01-01 00:00:01.087,7,12,1,0,6488,184
2022-01-01 00:00:01.088,7,21,2,0,330933,184
2022-01-01 00:00:01.089,8,20,14,0,2456355,184
2022-01-01 00:00:01.090,7,20,50,0,9385600,184
2022-01-01 00:00:01.091,8,21,87,1,19759460,184
2022-01-01 00:00:01.092,7,20,17,0,3592175,184
2022-01-01 00:00:01.093,7,16,2,0,73066,184
2022-01-01 00:00:01.094,7,12,1,0,6488,184
2022-01-01 00:00:01.095,8,21,2,0,330933,184
2022-01-01 00:00:01.096,7,19,32,0,4532444,184
2022-01-01 00:00:01.097,8,20,56,1,10914044,184
2022-01-01 00:00:01.098,7,21,62,0,14680000,184
2022-01-01 00:00:01.099,7,11,2,0,18844,184
2022-01-01 00:00:01.100,7,12,1,0,6488,184
2022-01-01 00:00:01.101,7,20,5,1,410577,184
2022-01-01 00:00:01.102,7,20,37,2,5731644,184
2022-01-01 00:00:01.103,7,20,7,1,1010755,184
2022-01-01 00:00:01.104,8,11,1,0,5600,184
2022-01-01 00:00:01.105,8,20,10,0,1555288,184
2022-01-01 00:00:01.106,9,20,36,0,6566400,184
2022-01-01 00:00:01.107,8,9,1,0,5066,184
2022-01-01 00:00:01.108,9,11,1,0,5600,184
2022-01-01 00:00:01.109,9,18,19,0,3391200,184
2022-01-01 00:00:01.110,9,9,4,0,709333,184
2022-01-01 00:00:01.111,9,10,2,0,10666,184
2022-01-01 00:00:01.112,9,11,2,0,72177,184
2022-01-01 00:00:01.113,9,15,6,0,330488,184
2022-01-01 00:00:01.114,8,9,1,0,5066,184
2022-01-01 00:00:01.115,9,20,23,0,5157777,184
2022-01-01 00:00:01.116,8,20,14,0,2636266,184
2022-01-01 00:00:01.117,8,12,1,0,6488,184
2022-01-01 00:00:01.118,7,20,3,0,409422,184
2022-01-01 00:00:01.119,8,16,7,0,258577,184
2022-01-01 00:00:01.120,8,19,7,0,875288,184
2022-01-01 00:00:01.121,8,19,13,0,1306577,184
2022-01-01 00:00:01.122,7,20,19,0,4131022,184
2022-01-01 00:00:01.123,8,20,37,0,7035555,184
2022-01-01 00:00:01.124,7,12,1,0,6488,184
2022-01-01 00:00:01.125,8,21,2,0,426400,184
2022-01-01 00:00:01.126,8,17,5,0,258044,184
2022-01-01 00:00:01.127,8,9,2,0,130488,186
2022-01-01 00:00:01.128,7,0,1,0,6488,184
2022-01-01 00:00:01.129,8,20,6,0,697600,184
2022-01-01 00:00:01.130,7,14,5,0,212266,184
2022-01-01 00:00:01.131,8,20,6,0,1289600,184
2022-01-01 00:00:01.132,8,20,52,0,11175111,184
2022-01-01 00:00:01.133,8,12,1,0,6488,184
2022-01-01 00:00:01.134,8,14,8,0,703111,184
2022-01-01 00:00:01.135,8,20,6,0,717955,184
2022-01-01 00:00:01.136,7,16,4,0,192977,184
2022-01-01 00:00:01.137,8,20,7,0,1281155,184
2022-01-01 00:00:01.138,8,20,55,0,10201333,184
2022-01-01 00:00:01.139,8,20,8,0,956355,184
2022-01-01 00:00:01.140,8,12,1,0,6488,184
2022-01-01 00:00:01.141,7,20,5,0,496088,184
2022-01-01 00:00:01.142,8,11,2,0,240533,184
2022-01-01 00:00:01.143,8,12,1,0,6488,184
2022-01-01 00:00:01.144,8,17,8,0,655555,184
2022-01-01 00:00:01.145,8,16,7,0,729066,184
2022-01-01 00:00:01.146,7,19,9,0,1454488,184
2022-01-01 00:00:01.147,8,21,32,1,6981777,184
2022-01-01 00:00:01.148,8,20,20,0,4189066,184
2022-01-01 00:00:01.149,8,12,1,0,6488,184
2022-01-01 00:00:01.150,8,16,7,0,711377,184
2022-01-01 00:00:01.151,7,17,4,0,174488,184
2022-01-01 00:00:01.152,8,21,2,0,420000,184
2022-01-01 00:00:01.153,7,15,6,0,448088,184
2022-01-01 00:00:01.154,8,15,3,0,117955,184
2022-01-01 00:00:01.155,8,15,7,0,509866,184
2022-01-01 00:00:01.156,8,20,63,0,14045333,184
2022-01-01 00:00:01.157,8,21,90,0,20728622,184
2022-01-01 00:00:01.158,8,20,26,0,5443111,184
2022-01-01 00:00:01.159,8,12,1,0,6488,184
2022-01-01 00:00:01.160,8,20,2,0,290666,184
2022-01-01 00:00:01.161,8,19,5,0,356711,184
2022-01-01 00:00:01.162,8,0,1,0,6488,184
2022-01-01 00:00:01.163,8,19,8,0,849511,184
2022-01-01 00:00:01.164,8,20,11,0,1318488,184
2022-01-01 00:00:01.165,8,20,25,0,4488800,184
2022-01-01 00:00:01.166,8,20,40,0,6603200,184
2022-01-01 00:00:01.167,8,18,2,0,51733,184
2022-01-01 00:00:01.168,8,12,1,0,6488,184
2022-01-01 00:00:01.169,9,18,5,0,495022,184
2022-01-01 00:00:01.170,8,19,6,0,341777,184
2022-01-01 00:00:01.171,8,20,24,0,4521777,184
2022-01-01 00:00:01.172,8,12,1,0,6488,184
2022-01-01 00:00:01.173,8,21,2,0,426400,184
2022-01-01 00:00:01.174,7,13,5,0,178222,184
2022-01-01 00:00:01.175,8,19,9,0,672000,184
2022-01-01 00:00:01.176,8,20,52,0,9317511,184
2022-01-01 00:00:01.177,8,14,2,0,16355,184
2022-01-01 00:00:01.178,8,12,1,0,6488,184
2022-01-01 00:00:01.179,8,18,4,0,595200,184
2022-01-01 00:00:01.180,8,14,3,0,91466,184
2022-01-01 00:00:01.181,8,14,4,0,143644,184
2022-01-01 00:00:01.182,8,18,5,0,425422,184
2022-01-01 00:00:01.183,8,18,6,0,300088,184
2022-01-01 00:00:01.184,9,19,13,0,1680622,184
2022-01-01 00:00:01.185,8,20,40,0,8160533,184
2022-01-01 00:00:01.186,8,19,21,0,3365066,184
2022-01-01 00:00:01.187,9,0,1,0,6488,184
2022-01-01 00:00:01.188,7,21,4,0,512444,184
2022-01-01 00:00:01.189,8,5,3,0,168711,184
2022-01-01 00:00:01.190,9,18,4,0,637600,184
2022-01-01 00:00:01.191,9,16,7,0,268977,184
2022-01-01 00:00:01.192,8,21,7,0,1297866,184
2022-01-01 00:00:01.193,9,19,21,0,3413777,184
2022-01-01 00:00:01.194,7,20,47,0,7775733,184
2022-01-01 00:00:01.195,9,12,1,0,6488,184
2022-01-01 00:00:01.196,9,18,2,0,132800,184
2022-01-01 00:00:01.197,8,14,8,0,495822,184
2022-01-01 00:00:01.198,8,19,4,0,637600,184
2022-01-01 00:00:01.199,8,13,3,0,88088,184
2022-01-01 00:00:01.200,9,19,2,0,112355,184
2022-01-01 00:00:01.201,9,21,57,0,12798577,184
2022-01-01 00:00:01.202,8,21,90,0,21341333,184
2022-01-01 00:00:01.203,8,21,90,0,21332800,184
2022-01-01 00:00:01.204,8,21,90,0,21143022,184
2022-01-01 00:00:01.205,9,20,71,0,11887644,184
2022-01-01 00:00:01.206,8,16,3,0,21955,184
2022-01-01 00:00:01.207,8,12,1,0,6488,184
2022-01-01 00:00:01.208,9,18,4,0,497511,184
2022-01-01 00:00:01.209,9,17,5,0,164355,184
2022-01-01 00:00:01.210,9,16,5,0,630488,184
2022-01-01 00:00:01.211,8,14,6,0,246666,184
2022-01-01 00:00:01.212,9,19,9,0,1302666,184
2022-01-01 00:00:01.213,8,20,51,1,8736266,184
2022-01-01 00:00:01.214,9,19,12,0,2443555,184
2022-01-01 00:00:01.215,8,0,1,0,5600,186
2022-01-01 00:00:01.216,8,12,1,0,6488,184
2022-01-01 00:00:01.217,8,18,9,0,681333,184
2022-01-01 00:00:01.218,9,12,1,0,6488,184
2022-01-01 00:00:01.219,8,20,9,0,710311,184
2022-01-01 00:00:01.220,8,20,11,0,982488,184
2022-01-01 00:00:01.221,9,0,4,0,504088,184
2022-01-01 00:00:01.222,8,20,57,0,8814311,184
2022-01-01 00:00:01.223,8,19,16,0,2387555,184
2022-01-01 00:00:01.224,9,12,1,0,6488,184
2022-01-01 00:00:01.225,9,20,10,0,654577,184
2022-01-01 00:00:01.226,9,20,20,0,3243555,184
2022-01-01 00:00:01.227,8,20,12,0,1479644,184
2022-01-01 00:00:01.228,8,12,1,0,6488,184
2022-01-01 00:00:01.229,9,17,8,0,521155,184
2022-01-01 00:00:01.230,8,21,33,0,7288533,184
2022-01-01 00:00:01.231,9,21,87,0,17563644,184
2022-01-01 00:00:01.232,9,19,16,0,2345422,184
2022-01-01 00:00:01.233,9,11,2,0,129066,186
2022-01-01 00:00:01.234,8,12,1,0,6488,184
2022-01-01 00:00:01.235,9,16,7,0,718044,184
2022-01-01 00:00:01.236,9,21,1,0,101600,184
2022-01-01 00:00:01.237,9,18,1,0,10755,184
2022-01-01 00:00:01.238,9,20,34,0,7679200,184
2022-01-01 00:00:01.239,8,21,89,0,20980533,184
2022-01-01 00:00:01.240,9,21,90,0,21332800,184
2022-01-01 00:00:01.241,9,21,90,0,20350577,184
2022-01-01 00:00:01.242,8,21,81,0,16526844,184
2022-01-01 00:00:01.243,9,15,2,0,16355,184
2022-01-01 00:00:01.244,9,12,1,0,6488,184
2022-01-01 00:00:01.245,9,18,5,0,660533,184
2022-01-01 00:00:01.246,9,12,1,0,6488,184
2022-01-01 00:00:01.247,8,18,5,0,715733,184
2022-01-01 00:00:01.248,9,18,4,0,183911,184
2022-01-01 00:00:01.249,9,21,6,0,1300533,184
2022-01-01 00:00:01.250,8,21,23,0,4212622,184
2022-01-01 00:00:01.251,9,21,48,0,6963733,184
2022-01-01 00:00:01.252,9,13,3,0,33511,184
2022-01-01 00:00:01.253,9,12,1,0,6488,184
2022-01-01 00:00:01.254,9,21,3,0,410488,184
2022-01-01 00:00:01.255,9,19,5,0,325866,184
2022-01-01 00:00:01.256,9,12,1,0,6488,184
2022-01-01 00:00:01.257,9,21,2,0,426400,184
2022-01-01 00:00:01.258,9,16,5,0,254933,184
2022-01-01 00:00:01.259,8,18,10,0,860355,184
2022-01-01 00:00:01.260,8,17,10,0,1308977,184
2022-01-01 00:00:01.261,9,20,35,0,5348977,184
2022-01-01 00:00:01.262,9,20,27,0,5575824,184
2022-01-01 00:00:01.263,9,12,1,0,6488,184
2022-01-01 00:00:01.264,9,19,3,0,412800,184
2022-01-01 00:00:01.265,9,11,1,0,5600,186
2022-01-01 00:00:01.266,9,20,16,0,3164835,184
2022-01-01 00:00:01.267,8,21,85,0,14539415,184
2022-01-01 00:00:01.268,9,21,57,0,9627644,184
2022-01-01 00:00:01.269,8,15,3,0,49777,184
2022-01-01 00:00:01.270,8,12,1,0,6488,184
2022-01-01 00:00:01.271,9,21,4,0,638561,184
2022-01-01 00:00:01.272,8,17,3,0,86488,184
2022-01-01 00:00:01.273,9,17,4,0,105846,184
2022-01-01 00:00:01.274,9,20,31,0,4741573,184
2022-01-01 00:00:01.275,8,21,57,0,9473600,184
2022-01-01 00:00:01.276,9,21,79,0,9924747,184
2022-01-01 00:00:01.277,8,21,78,0,9005777,184
2022-01-01 00:00:01.278,9,21,49,0,5058426,184
2022-01-01 00:00:01.279,8,7,1,0,3644,184
2022-01-01 00:00:01.280,9,0,1,0,48800,188
2022-01-01 00:00:01.281,9,0,2,0,97600,188
2022-01-01 00:00:01.282,9,16,2,0,97600,188
2022-01-01 00:00:01.283,9,15,1,0,47377,188
2022-01-01 00:00:01.284,9,15,2,0,97600,188
2022-01-01 00:00:01.285,9,16,4,0,192355,188
2022-01-01 00:00:01.286,9,18,1,0,48800,188
2022-01-01 00:00:01.287,8,18,1,0,48800,188
2022-01-01 00:00:01.288,9,15,2,0,47288,188
2022-01-01 00:00:01.289,9,17,1,0,48800,188
2022-01-01 00:00:01.290,8,15,1,0,48800,188
2022-01-01 00:00:01.291,9,15,1,0,48800,188
2022-01-01 00:00:01.292,8,15,2,0,97600,188
2022-01-01 00:00:01.293,8,16,2,0,97600,188
2022-01-01 00:00:01.294,8,19,1,0,48800,188
2022-01-01 00:00:01.295,8,18,1,0,48800,188
2022-01-01 00:00:01.296,9,15,1,0,7555,188
2022-01-01 00:00:01.297,8,15,2,0,55822,188
2022-01-01 00:00:01.298,9,15,2,0,97600,188
2022-01-01 00:00:01.299,9,16,2,0,97600,188
2022-01-01 00:00:01.300,9,18,1,0,48800,188
2022-01-01 00:00:01.301,8,16,4,0,141511,188
2022-01-01 00:00:01.302,9,16,1,0,7022,188
2022-01-01 00:00:01.303,9,16,2,0,97600,188
2022-01-01 00:00:01.304,9,18,1,0,48800,188
2022-01-01 00:00:01.305,9,18,1,0,48800,188
2022-01-01 00:00:01.306,8,18,1,0,48800,188
2022-01-01 00:00:01.307,9,18,1,0,48800,188
2022-01-01 00:00:01.308,9,19,1,0,48800,188
2022-01-01 00:00:01.309,9,18,1,0,48800,188
2022-01-01 00:00:01.310,9,17,1,0,48800,188
2022-01-01 00:00:01.311,8,18,1,0,48800,188
2022-01-01 00:00:01.312,9,17,1,0,48800,188
2022-01-01 00:00:01.313,8,18,2,0,14222,188
2022-01-01 00:00:01.314,8,19,2,0,47288,188
2022-01-01 00:00:01.315,8,19,1,0,48800,188
2022-01-01 00:00:01.316,9,20,2,0,97600,188
2022-01-01 00:00:01.317,8,19,3,1,100088,188
2022-01-01 00:00:01.318,9,0,1,0,48800,188
2022-01-01 00:00:01.319,8,18,2,0,94755,188
2022-01-01 00:00:01.320,9,19,1,0,48800,188
2022-01-01 00:00:01.321,8,18,1,0,48800,188
2022-01-01 00:00:01.322,8,19,1,0,48800,188
2022-01-01 00:00:01.323,8,17,1,0,48800,188
2022-01-01 00:00:01.324,8,17,3,0,96977,188
2022-01-01 00:00:01.325,8,18,3,0,96088,188
2022-01-01 00:00:01.326,9,18,1,0,47377,188
2022-01-01 00:00:01.327,8,19,1,0,7555,188
2022-01-01 00:00:01.328,8,18,1,0,48800,188
2022-01-01 00:00:01.329,9,16,1,0,48800,188
2022-01-01 00:00:01.330,9,18,2,1,97600,188
2022-01-01 00:00:01.331,9,0,1,0,48800,188
2022-01-01 00:00:01.332,8,18,1,0,48800,188
2022-01-01 00:00:01.333,8,16,1,0,48800,188
2022-01-01 00:00:01.334,8,0,2,0,47288,188
2022-01-01 00:00:01.335,9,0,1,0,48800,188
2022-01-01 00:00:01.336,8,19,1,0,48800,188
2022-01-01 00:00:01.337,9,0,1,0,48800,188
2022-01-01 00:00:01.338,8,0,1,0,48800,188
2022-01-01 00:00:01.339,9,0,1,0,48800,188
2022-01-01 00:00:01.340,9,0,1,0,7022,188
2022-01-01 00:00:01.341,8,0,1,0,48800,188
2022-01-01 00:00:01.342,8,0,1,0,48800,188
2022-01-01 00:00:01.343,9,0,1,0,48800,188
2022-01-01 00:00:01.344,9,0,1,0,48800,188
2022-01-01 00:00:01.345,8,0,1,0,48800,188
2022-01-01 00:00:01.346,8,0,1,0,48800,188
2022-01-01 00:00:01.347,8,0,1,0,48800,188
2022-01-01 00:00:01.348,9,0,1,0,6666,188
2022-01-01 00:00:01.349,9,0,1,0,48800,188
2022-01-01 00:00:01.350,8,0,1,0,47377,188
2022-01-01 00:00:01.351,8,0,1,0,6945,188
2022-01-01 00:00:01.352,9,17,1,0,1600,188
2022-01-01 00:00:01.353,2,0,1,0,1600,194
2022-01-01 00:00:01.354,7,0,11,1,1031111,186
2022-01-01 00:00:01.355,8,0,2,0,14222,186
2022-01-01 00:00:01.356,8,0,4,0,329688,186
2022-01-01 00:00:01.357,9,0,1,0,5600,186
2022-01-01 00:00:01.358,9,0,1,0,5600,186
2022-01-01 00:00:01.359,8,0,6,0,868533,186
2022-01-01 00:00:01.360,9,0,7,0,1076533,186
2022-01-01 00:00:01.361,9,0,1,0,7555,186
2022-01-01 00:00:01.362,8,0,5,0,446133,186
2022-01-01 00:00:01.363,8,0,7,0,1072000,186
2022-01-01 00:00:01.364,8,0,1,0,6666,186
2022-01-01 00:00:01.365,8,0,4,0,456533,186
2022-01-01 00:00:01.366,8,0,1,0,13244,186
2022-01-01 00:00:01.367,7,0,1,0,6488,191
2022-01-01 00:00:01.368,7,0,1,0,20000,186
2022-01-01 00:00:01.369,8,0,5,0,500888,191
2022-01-01 00:00:01.370,8,0,4,0,174488,191
2022-01-01 00:00:01.371,8,0,7,0,726222,191
2022-01-01 00:00:01.372,8,0,3,0,155200,191
2022-01-01 00:00:01.373,7,19,7,0,931200,186
2022-01-01 00:00:01.374,7,0,7,1,1293600,191
2022-01-01 00:00:01.375,8,0,1,0,6666,186
2022-01-01 00:00:01.376,8,0,22,0,4526133,191
2022-01-01 00:00:01.377,7,20,17,3,1674044,186
2022-01-01 00:00:01.378,7,0,31,2,6674044,191
2022-01-01 00:00:01.379,8,0,3,0,172000,186
2022-01-01 00:00:01.380,7,0,12,2,824177,186
2022-01-01 00:00:01.381,7,0,16,0,1345066,186
2022-01-01 00:00:01.382,8,0,8,0,800533,186
2022-01-01 00:00:01.383,6,0,60,9,6334488,186
2022-01-01 00:00:01.384,6,0,75,12,4554577,186
2022-01-01 00:00:01.385,6,12,8,1,335466,186
2022-01-01 00:00:01.386,7,0,1,0,6488,191
2022-01-01 00:00:01.387,8,16,2,0,61688,186
2022-01-01 00:00:01.388,7,0,8,0,649422,191
2022-01-01 00:00:01.389,8,0,24,0,4727555,191
2022-01-01 00:00:01.390,9,0,3,0,323288,186
2022-01-01 00:00:01.391,7,14,1,0,6666,186
2022-01-01 00:00:01.392,8,0,3,0,71555,191
2022-01-01 00:00:01.393,8,12,4,1,300444,186
2022-01-01 00:00:01.394,8,0,1,0,6488,191
2022-01-01 00:00:01.395,7,16,5,1,201866,186
2022-01-01 00:00:01.396,6,15,59,4,4740622,186
2022-01-01 00:00:01.397,8,0,8,0,739644,191
2022-01-01 00:00:01.398,8,0,5,0,446666,186
2022-01-01 00:00:01.399,8,0,1,0,6666,186
2022-01-01 00:00:01.400,7,0,9,4,573600,186
2022-01-01 00:00:01.401,8,0,1,0,5361,186
2022-01-01 00:00:01.402,8,11,2,0,274883,192
2022-01-01 00:00:01.403,8,14,8,1,994139,186
2022-01-01 00:00:01.404,8,0,1,0,7022,186
2022-01-01 00:00:01.405,8,9,1,0,6488,191
2022-01-01 00:00:01.406,8,0,7,2,483733,186
2022-01-01 00:00:01.407,6,0,39,4,2360177,186
2022-01-01 00:00:01.408,8,5,7,0,657333,191
2022-01-01 00:00:01.409,6,0,54,6,3067200,186
2022-01-01 00:00:01.410,8,6,3,0,21422,191
2022-01-01 00:00:01.411,6,0,40,5,2378488,186
2022-01-01 00:00:01.412,7,0,20,0,1742933,186
2022-01-01 00:00:01.413,7,6,5,0,632177,191
2022-01-01 00:00:01.414,8,5,5,0,244622,191
2022-01-01 00:00:01.415,8,5,12,1,1302577,191
2022-01-01 00:00:01.416,8,0,8,0,514844,186
2022-01-01 00:00:01.417,8,0,1,0,6666,186
2022-01-01 00:00:01.418,8,0,8,1,660711,186
2022-01-01 00:00:01.419,8,0,3,0,20177,186
2022-01-01 00:00:01.420,8,6,50,4,9170488,191
2022-01-01 00:00:01.421,8,5,20,1,1981066,191
2022-01-01 00:00:01.422,8,0,1,0,40266,186
2022-01-01 00:00:01.423,8,6,1,0,6488,191
2022-01-01 00:00:01.424,8,0,3,0,136977,186
2022-01-01 00:00:01.425,8,0,7,0,414133,186
2022-01-01 00:00:01.426,8,6,8,0,718666,191
2022-01-01 00:00:01.427,8,0,10,1,374933,186
2022-01-01 00:00:01.428,7,5,2,1,17066,191
2022-01-01 00:00:01.429,8,0,4,0,207555,186
2022-01-01 00:00:01.430,7,0,25,1,1696266,186
2022-01-01 00:00:01.431,6,0,51,2,4317600,186
2022-01-01 00:00:01.432,6,0,70,7,5320533,186
2022-01-01 00:00:01.433,7,0,31,0,1971466,186
2022-01-01 00:00:01.434,7,0,1,0,6666,186
2022-01-01 00:00:01.435,7,0,10,2,758488,186
2022-01-01 00:00:01.436,8,0,3,1,130577,186
2022-01-01 00:00:01.437,8,0,3,0,217866,186
2022-01-01 00:00:01.438,4,0,42,8,4455022,186
2022-01-01 00:00:01.439,6,0,75,5,5293422,186
2022-01-01 00:00:01.440,3,0,70,12,2403733,186
2022-01-01 00:00:01.441,2,0,63,3,965244,186
2022-01-01 00:00:01.442,2,0,67,9,1030311,186
2022-01-01 00:00:01.443,6,0,56,30,1028177,186
2022-01-01 00:00:01.444,2,0,56,28,2048266,186
2022-01-01 00:00:01.445,2,0,74,10,1137955,186
2022-01-01 00:00:01.446,2,0,76,6,1168711,186
2022-01-01 00:00:01.447,2,0,72,13,1107200,186
2022-01-01 00:00:01.448,2,0,77,5,1182311,186
2022-01-01 00:00:01.449,3,0,1,0,6666,191
2022-01-01 00:00:01.450,2,0,76,8,1168711,186
2022-01-01 00:00:01.451,2,0,51,3,579111,186
2022-01-01 00:00:01.452,3,0,6,1,411022,191
2022-01-01 00:00:01.453,3,0,33,3,486222,186
2022-01-01 00:00:01.454,3,0,7,0,251111,191
2022-01-01 00:00:01.455,3,0,42,4,645866,186
2022-01-01 00:00:01.456,2,0,33,8,497866,186
2022-01-01 00:00:01.457,3,0,10,0,712533,191
2022-01-01 00:00:01.458,3,0,35,7,536444,186
2022-01-01 00:00:01.459,3,0,5,0,159200,191
2022-01-01 00:00:01.460,3,0,31,2,460888,186
2022-01-01 00:00:01.461,3,0,15,0,1291555,191
2022-01-01 00:00:01.462,2,0,34,3,522844,186
2022-01-01 00:00:01.463,2,0,37,4,568977,186
2022-01-01 00:00:01.464,2,0,35,6,538222,186
2022-01-01 00:00:01.465,3,0,29,3,431911,186
2022-01-01 00:00:01.466,3,0,20,0,1839822,191
2022-01-01 00:00:01.467,2,0,26,5,399822,186
2022-01-01 00:00:01.468,3,0,14,0,1288711,191
2022-01-01 00:00:01.469,2,0,36,1,553600,186
2022-01-01 00:00:01.470,3,0,19,1,1764000,191
2022-01-01 00:00:01.471,3,0,53,3,788888,186
2022-01-01 00:00:01.472,3,0,20,0,1804266,191
2022-01-01 00:00:01.473,3,0,53,5,801955,186
2022-01-01 00:00:01.474,3,0,24,2,2242133,191
2022-01-01 00:00:01.475,2,0,53,4,815022,186
2022-01-01 00:00:01.476,3,0,23,2,2184622,191
2022-01-01 00:00:01.477,2,0,52,9,584000,186
2022-01-01 00:00:01.478,3,0,2,0,42133,191
2022-01-01 00:00:01.479,3,0,44,6,600444,186
2022-01-01 00:00:01.480,2,0,41,3,521777,186
2022-01-01 00:00:01.481,2,0,31,4,474933,186
2022-01-01 00:00:01.482,3,0,1,0,6666,191
2022-01-01 00:00:01.483,2,0,41,3,630488,186
2022-01-01 00:00:01.484,3,0,35,5,514133,186
2022-01-01 00:00:01.485,3,0,9,0,587644,191
2022-01-01 00:00:01.486,3,0,35,7,535377,186
2022-01-01 00:00:01.487,3,0,3,0,151200,191
2022-01-01 00:00:01.488,2,0,37,4,568977,186
2022-01-01 00:00:01.489,3,0,36,5,553600,186
2022-01-01 00:00:01.490,3,0,37,2,568977,186
2022-01-01 00:00:01.491,3,0,40,3,615111,186
2022-01-01 00:00:01.492,3,0,38,3,584355,186
2022-01-01 00:00:01.493,2,0,36,2,553600,186
2022-01-01 00:00:01.494,2,0,31,5,476711,186
2022-01-01 00:00:01.495,3,0,45,1,784444,186
2022-01-01 00:00:01.496,2,0,23,4,418400,186
2022-01-01 00:00:01.497,3,0,47,3,757955,186
2022-01-01 00:00:01.498,3,0,1,0,6666,191
2022-01-01 00:00:01.499,3,0,34,4,550577,186
2022-01-01 00:00:01.500,2,0,32,6,548177,186
2022-01-01 00:00:01.501,3,0,7,1,493244,191
2022-01-01 00:00:01.502,4,0,39,2,796355,186
2022-01-01 00:00:01.503,4,0,3,0,162044,191
2022-01-01 00:00:01.504,6,0,32,3,2897422,186
2022-01-01 00:00:01.505,7,0,35,5,2805955,186
2022-01-01 00:00:01.506,7,4,7,0,722844,191
2022-01-01 00:00:01.507,6,0,46,2,3681955,186
2022-01-01 00:00:01.508,7,4,3,0,155200,191
2022-01-01 00:00:01.509,6,0,26,4,1714488,186
2022-01-01 00:00:01.510,7,2,7,1,1297866,191
2022-01-01 00:00:01.511,7,0,45,3,3384000,186
2022-01-01 00:00:01.512,6,0,53,4,4345777,186
2022-01-01 00:00:01.513,6,0,31,3,2420000,186
2022-01-01 00:00:01.514,6,0,39,5,2647555,186
2022-01-01 00:00:01.515,7,0,29,2,2252266,186
2022-01-01 00:00:01.516,8,4,37,2,7927288,191
2022-01-01 00:00:01.517,6,0,38,5,1920088,186
2022-01-01 00:00:01.518,7,4,19,0,3190666,191
2022-01-01 00:00:01.519,7,0,37,4,2789155,186
2022-01-01 00:00:01.520,7,4,2,0,16355,191
2022-01-01 00:00:01.521,6,0,42,2,3161422,186
2022-01-01 00:00:01.522,7,0,38,7,2947644,186
2022-01-01 00:00:01.523,6,0,37,2,3083377,186
2022-01-01 00:00:01.524,7,3,1,0,6488,191
2022-01-01 00:00:01.525,7,0,42,6,3146311,186
2022-01-01 00:00:01.526,6,0,32,6,2604622,186
2022-01-01 00:00:01.527,7,4,6,0,742933,191
2022-01-01 00:00:01.528,5,0,51,4,3208533,186
2022-01-01 00:00:01.529,7,1,1,0,10755,191
2022-01-01 00:00:01.530,7,0,16,0,568444,186
2022-01-01 00:00:01.531,8,4,1,0,6488,191
2022-01-01 00:00:01.532,7,4,2,0,424266,191
2022-01-01 00:00:01.533,8,3,7,0,252177,191
2022-01-01 00:00:01.534,7,0,9,0,803288,186
2022-01-01 00:00:01.535,7,4,1,0,6488,191
2022-01-01 00:00:01.536,7,0,1,0,6666,186
2022-01-01 00:00:01.537,7,4,5,0,702577,191
2022-01-01 00:00:01.538,8,0,6,1,520711,186
2022-01-01 00:00:01.539,8,3,5,0,171555,191
2022-01-01 00:00:01.540,7,0,7,1,310844,186
2022-01-01 00:00:01.541,7,3,7,1,1282666,191
2022-01-01 00:00:01.542,7,0,29,6,3035644,186
2022-01-01 00:00:01.543,6,0,76,11,5158577,186
2022-01-01 00:00:01.544,6,0,60,4,3839200,186
2022-01-01 00:00:01.545,7,0,28,2,5916800,191
2022-01-01 00:00:01.546,6,0,60,7,4640000,186
2022-01-01 00:00:01.547,7,0,25,0,5240888,191
2022-01-01 00:00:01.548,6,0,81,8,5786400,186
2022-01-01 00:00:01.549,6,0,83,6,4513511,186
2022-01-01 00:00:01.550,5,0,76,7,3446044,186
2022-01-01 00:00:01.551,5,0,51,5,854311,186
2022-01-01 00:00:01.552,6,0,37,3,2258133,186
2022-01-01 00:00:01.553,5,0,36,4,1751466,186
2022-01-01 00:00:01.554,6,0,39,6,1810755,186
2022-01-01 00:00:01.555,5,0,65,5,2749244,186
2022-01-01 00:00:01.556,5,0,62,9,2128888,186
2022-01-01 00:00:01.557,5,0,70,7,1705777,186
2022-01-01 00:00:01.558,5,0,78,7,1919111,186
2022-01-01 00:00:01.559,7,0,1,0,6488,191
2022-01-01 00:00:01.560,5,0,39,3,843644,186
2022-01-01 00:00:01.561,7,2,2,1,228266,191
2022-01-01 00:00:01.562,6,0,31,2,1598577,186
2022-01-01 00:00:01.563,6,2,7,1,427111,191
2022-01-01 00:00:01.564,6,0,32,4,1245511,186
2022-01-01 00:00:01.565,7,2,29,1,4440088,191
2022-01-01 00:00:01.566,6,0,60,3,2697955,186
2022-01-01 00:00:01.567,7,1,4,0,323377,191
2022-01-01 00:00:01.568,6,0,40,3,1239644,186
2022-01-01 00:00:01.569,5,0,39,2,1598844,186
2022-01-01 00:00:01.570,6,0,38,4,1889422,186
2022-01-01 00:00:01.571,5,0,27,5,1334311,186
2022-01-01 00:00:01.572,6,0,33,6,1539288,186
2022-01-01 00:00:01.573,6,0,36,2,1668622,186
2022-01-01 00:00:01.574,6,0,33,2,1347111,186
2022-01-01 00:00:01.575,6,0,39,3,2208622,186
2022-01-01 00:00:01.576,6,0,40,3,1778488,186
2022-01-01 00:00:01.577,6,0,35,4,1648266,186
2022-01-01 00:00:01.578,7,2,1,0,6488,191
2022-01-01 00:00:01.579,6,0,35,3,1671022,186
2022-01-01 00:00:01.580,6,0,49,7,2580711,186
2022-01-01 00:00:01.581,7,1,6,0,594044,191
2022-01-01 00:00:01.582,4,0,64,1,1516800,186
2022-01-01 00:00:01.583,7,2,1,0,5600,191
2022-01-01 00:00:01.584,5,0,76,10,2590222,186
2022-01-01 00:00:01.585,6,0,26,1,389511,186
2022-01-01 00:00:01.586,7,2,1,0,6488,191
2022-01-01 00:00:01.587,6,0,35,3,1654844,186
2022-01-01 00:00:01.588,6,0,38,1,1707022,186
2022-01-01 00:00:01.589,5,0,27,3,1319022,186
2022-01-01 00:00:01.590,7,2,3,0,600266,191
2022-01-01 00:00:01.591,6,0,23,2,886311,186
2022-01-01 00:00:01.592,7,2,23,1,2981422,191
2022-01-01 00:00:01.593,6,0,33,2,991733,186
2022-01-01 00:00:01.594,6,2,18,1,3662933,191
2022-01-01 00:00:01.595,8,12,1,0,6488,82
2022-01-01 00:00:01.596,9,13,8,3,657155,82
2022-01-01 00:00:01.597,8,6,1,0,6666,82
2022-01-01 00:00:01.598,8,13,9,1,869511,82
2022-01-01 00:00:01.599,9,13,11,0,1293066,82
2022-01-01 00:00:01.600,9,15,35,1,5457244,82
2022-01-01 00:00:01.601,9,12,2,1,177511,82
2022-01-01 00:00:01.602,9,12,1,0,6488,82
2022-01-01 00:00:01.603,8,13,8,1,675377,82
2022-01-01 00:00:01.604,8,6,2,0,12266,82
2022-01-01 00:00:01.605,9,13,6,2,630400,82
2022-01-01 00:00:01.606,8,11,8,0,371200,82
2022-01-01 00:00:01.607,4,6,23,2,1293244,82
2022-01-01 00:00:01.608,8,14,38,3,5642488,82
2022-01-01 00:00:01.609,8,0,1,0,12177,82
2022-01-01 00:00:01.610,9,12,1,0,6488,82
2022-01-01 00:00:01.611,9,12,8,1,505955,82
2022-01-01 00:00:01.612,7,11,46,2,4753244,82
2022-01-01 00:00:01.613,7,10,87,3,8294488,82
2022-01-01 00:00:01.614,6,9,87,3,7221955,82
2022-01-01 00:00:01.615,7,10,74,3,6959822,82
2022-01-01 00:00:01.616,9,0,1,0,16444,82
2022-01-01 00:00:01.617,8,12,1,0,6488,82
2022-01-01 00:00:01.618,9,12,7,1,699555,82
2022-01-01 00:00:01.619,9,11,4,0,123555,82
2022-01-01 00:00:01.620,9,0,1,0,11466,82
2022-01-01 00:00:01.621,9,14,38,1,5459022,82
2022-01-01 00:00:01.622,6,10,83,7,8841511,82
2022-01-01 00:00:01.623,6,8,88,2,7018666,82
2022-01-01 00:00:01.624,6,8,89,1,7109777,82
2022-01-01 00:00:01.625,7,10,89,1,8161155,82
2022-01-01 00:00:01.626,6,7,90,0,6945244,82
2022-01-01 00:00:01.627,7,10,86,2,7546488,82
2022-01-01 00:00:01.628,6,10,87,3,8291644,82
2022-01-01 00:00:01.629,7,9,88,2,7817600,82
2022-01-01 00:00:01.630,7,10,87,3,8300177,82
2022-01-01 00:00:01.631,6,9,90,0,7778666,82
2022-01-01 00:00:01.632,7,10,45,1,3853422,82
2022-01-01 00:00:01.633,9,12,1,0,6488,82
2022-01-01 00:00:01.634,9,12,9,1,602400,82
2022-01-01 00:00:01.635,8,12,1,0,6488,82
2022-01-01 00:00:01.636,9,13,9,1,719911,82
2022-01-01 00:00:01.637,7,12,72,5,8314488,82
2022-01-01 00:00:01.638,7,10,85,5,8079911,82
2022-01-01 00:00:01.639,7,10,72,3,6788444,82
2022-01-01 00:00:01.640,9,0,2,0,17777,82
2022-01-01 00:00:01.641,9,12,1,0,6488,82
2022-01-01 00:00:01.642,8,12,6,1,493688,82
2022-01-01 00:00:01.643,9,11,4,1,163911,82
2022-01-01 00:00:01.644,8,11,11,0,873688,82
2022-01-01 00:00:01.645,8,12,13,1,1298933,82
2022-01-01 00:00:01.646,8,14,29,1,4385866,82
2022-01-01 00:00:01.647,8,11,12,2,1186933,82
2022-01-01 00:00:01.648,9,12,1,0,6488,82
2022-01-01 00:00:01.649,8,11,10,2,728444,82
2022-01-01 00:00:01.650,9,11,1,0,11466,82
2022-01-01 00:00:01.651,8,0,1,0,6488,82
2022-01-01 00:00:01.652,9,12,8,1,505955,82
2022-01-01 00:00:01.653,8,11,3,2,165600,82
2022-01-01 00:00:01.654,8,11,12,2,836088,82
2022-01-01 00:00:01.655,8,11,3,1,155200,82
2022-01-01 00:00:01.656,8,12,12,0,1281511,82
2022-01-01 00:00:01.657,9,14,21,2,3060622,82
2022-01-01 00:00:01.658,8,12,21,1,2504533,82
2022-01-01 00:00:01.659,9,12,1,0,6488,82
2022-01-01 00:00:01.660,8,13,4,2,410844,82
2022-01-01 00:00:01.661,8,9,5,0,237422,82
2022-01-01 00:00:01.662,8,0,1,0,6666,82
2022-01-01 00:00:01.663,8,11,7,0,416088,82
2022-01-01 00:00:01.664,8,12,4,1,250222,82
2022-01-01 00:00:01.665,8,14,13,2,1659733,82
2022-01-01 00:00:01.666,7,11,75,5,7607022,82
2022-01-01 00:00:01.667,6,8,50,3,3835200,82
2022-01-01 00:00:01.668,8,12,1,0,6488,82
2022-01-01 00:00:01.669,7,9,10,3,707022,82
2022-01-01 00:00:01.670,9,12,1,0,6488,82
2022-01-01 00:00:01.671,9,13,4,1,412533,82
2022-01-01 00:00:01.672,8,11,7,0,264177,82
2022-01-01 00:00:01.673,8,10,7,1,629777,82
2022-01-01 00:00:01.674,9,11,5,1,251555,82
2022-01-01 00:00:01.675,8,14,9,0,1267780,82
2022-01-01 00:00:01.676,7,14,38,5,5554933,82
2022-01-01 00:00:01.677,8,5,2,0,17066,82
2022-01-01 00:00:01.678,8,6,1,0,6741,82
2022-01-01 00:00:01.679,8,11,7,3,496800,82
2022-01-01 00:00:01.680,9,12,4,0,123164,82
2022-01-01 00:00:01.681,8,12,6,1,636134,82
2022-01-01 00:00:01.682,8,8,5,0,190133,82
2022-01-01 00:00:01.683,9,11,1,0,11466,82
2022-01-01 00:00:01.684,9,14,29,3,4279824,82
2022-01-01 00:00:01.685,7,12,84,5,10245123,82
2022-01-01 00:00:01.686,6,7,80,10,6133866,82
2022-01-01 00:00:01.687,6,5,80,7,4392355,82
2022-01-01 00:00:01.688,7,6,87,3,5283428,82
2022-01-01 00:00:01.689,6,7,86,1,6209258,82
2022-01-01 00:00:01.690,6,8,87,3,6848622,82
2022-01-01 00:00:01.691,6,8,85,5,6356711,82
2022-01-01 00:00:01.692,6,9,90,1,7390945,82
2022-01-01 00:00:01.693,7,10,84,5,7869688,82
2022-01-01 00:00:01.694,7,11,81,7,8307505,82
2022-01-01 00:00:01.695,6,7,86,4,6192177,82
2022-01-01 00:00:01.696,6,8,86,4,6403022,82
2022-01-01 00:00:01.697,7,7,45,2,2963076,82
2022-01-01 00:00:01.698,8,12,1,0,6417,82
2022-01-01 00:00:01.699,9,13,7,2,517777,82
2022-01-01 00:00:01.700,8,9,4,0,179733,82
2022-01-01 00:00:01.701,7,9,12,1,881977,82
2022-01-01 00:00:01.702,9,7,2,0,12800,82
2022-01-01 00:00:01.703,8,13,59,3,7478933,82
2022-01-01 00:00:01.704,8,11,2,0,21098,82
2022-01-01 00:00:01.705,9,12,1,0,6488,82
2022-01-01 00:00:01.706,9,13,4,1,409142,82
2022-01-01 00:00:01.707,9,13,5,2,251911,82
2022-01-01 00:00:01.708,8,12,1,0,6561,82
2022-01-01 00:00:01.709,9,13,6,2,632800,82
2022-01-01 00:00:01.710,8,11,6,1,247824,82
2022-01-01 00:00:01.711,8,10,14,0,1281422,82
2022-01-01 00:00:01.712,8,14,38,3,5622222,82
2022-01-01 00:00:01.713,9,0,1,0,23200,82
2022-01-01 00:00:01.714,8,6,1,0,6666,82
2022-01-01 00:00:01.715,9,11,4,0,413511,82
2022-01-01 00:00:01.716,8,8,7,0,218109,82
2022-01-01 00:00:01.717,8,11,7,1,623912,82
2022-01-01 00:00:01.718,8,8,4,0,183466,82
2022-01-01 00:00:01.719,9,11,1,0,11466,82
2022-01-01 00:00:01.720,8,12,38,2,4285777,82
2022-01-01 00:00:01.721,6,7,85,4,6749303,82
2022-01-01 00:00:01.722,6,7,88,3,6126769,82
2022-01-01 00:00:01.723,8,11,83,6,8698577,82
2022-01-01 00:00:01.724,6,7,89,1,6277777,82
2022-01-01 00:00:01.725,7,9,86,3,7064089,82
2022-01-01 00:00:01.726,7,10,87,4,8103824,82
2022-01-01 00:00:01.727,7,10,87,3,8133244,82
2022-01-01 00:00:01.728,6,8,86,4,6905422,82
2022-01-01 00:00:01.729,6,8,80,4,6119730,82
2022-01-01 00:00:01.730,7,10,86,5,8041494,82
2022-01-01 00:00:01.731,7,10,88,2,8299733,82
2022-01-01 00:00:01.732,7,11,39,2,3958488,82
2022-01-01 00:00:01.733,9,12,1,0,6488,82
2022-01-01 00:00:01.734,8,12,9,3,528088,82
2022-01-01 00:00:01.735,8,13,2,1,163288,82
2022-01-01 00:00:01.736,9,14,8,1,726844,82
2022-01-01 00:00:01.737,8,14,8,1,905333,82
2022-01-01 00:00:01.738,9,0,4,0,532000,82
2022-01-01 00:00:01.739,8,12,21,0,2372266,82
2022-01-01 00:00:01.740,8,10,34,1,3298666,82
2022-01-01 00:00:01.741,8,12,1,0,6488,82
2022-01-01 00:00:01.742,8,13,4,1,415460,82
2022-01-01 00:00:01.743,8,10,8,0,328263,82
2022-01-01 00:00:01.744,9,12,1,0,6488,82
2022-01-01 00:00:01.745,8,12,9,2,657777,82
2022-01-01 00:00:01.746,9,3,2,0,7288,82
2022-01-01 00:00:01.747,9,13,6,1,630400,82
2022-01-01 00:00:01.748,8,9,5,1,232888,82
2022-01-01 00:00:01.749,8,11,14,0,1292977,82
2022-01-01 00:00:01.750,8,13,44,2,5601066,82
2022-01-01 00:00:01.751,8,5,2,0,22044,82
2022-01-01 00:00:01.752,8,12,1,0,6488,82
2022-01-01 00:00:01.753,8,13,4,1,410844,82
2022-01-01 00:00:01.754,9,9,8,1,322133,82
2022-01-01 00:00:01.755,8,12,1,0,6488,82
2022-01-01 00:00:01.756,9,15,4,2,410666,82
2022-01-01 00:00:01.757,8,11,6,1,258577,82
2022-01-01 00:00:01.758,8,11,11,1,871200,82
2022-01-01 00:00:01.759,8,13,12,0,1312000,82
2022-01-01 00:00:01.760,8,11,51,2,5557066,82
2022-01-01 00:00:01.761,9,11,3,0,28533,82
2022-01-01 00:00:01.762,9,0,1,0,6488,82
2022-01-01 00:00:01.763,9,13,5,2,437600,82
2022-01-01 00:00:01.764,9,11,6,2,270044,82
2022-01-01 00:00:01.765,9,10,8,1,694577,82
2022-01-01 00:00:01.766,8,6,8,0,190222,82
2022-01-01 00:00:01.767,8,11,13,0,1280977,82
2022-01-01 00:00:01.768,7,13,45,6,5618933,82
2022-01-01 00:00:01.769,8,5,2,0,28622,82
2022-01-01 00:00:01.770,9,6,1,0,6666,82
2022-01-01 00:00:01.771,9,11,6,1,412266,82
2022-01-01 00:00:01.772,8,8,8,2,334044,82
2022-01-01 00:00:01.773,9,12,1,0,6488,82
2022-01-01 00:00:01.774,8,9,9,1,504622,82
2022-01-01 00:00:01.775,9,6,3,0,161333,82
2022-01-01 00:00:01.776,8,10,8,1,632000,82
2022-01-01 00:00:01.777,9,9,6,0,235022,82
2022-01-01 00:00:01.778,8,11,15,1,1291733,82
2022-01-01 00:00:01.779,7,12,47,2,5636355,82
2022-01-01 00:00:01.780,9,6,1,0,6666,82
2022-01-01 00:00:01.781,8,10,10,0,713422,82
2022-01-01 00:00:01.782,8,6,3,0,164177,82
2022-01-01 00:00:01.783,9,11,7,1,630844,82
2022-01-01 00:00:01.784,8,9,6,1,252977,82
2022-01-01 00:00:01.785,8,6,3,0,110666,82
2022-01-01 00:00:01.786,7,9,10,0,501333,82
2022-01-01 00:00:01.787,7,9,74,6,6421688,82
2022-01-01 00:00:01.788,5,4,83,3,3885066,82
2022-01-01 00:00:01.789,6,3,86,2,3224533,82
2022-01-01 00:00:01.790,7,6,87,3,5187822,82
2022-01-01 00:00:01.791,6,5,86,4,4954844,82
2022-01-01 00:00:01.792,6,6,87,3,5439200,82
2022-01-01 00:00:01.793,6,6,86,4,5511466,82
2022-01-01 00:00:01.794,8,8,49,1,3632977,82
2022-01-01 00:00:01.795,9,12,1,0,6488,82
2022-01-01 00:00:01.796,9,13,4,1,410844,82
2022-01-01 00:00:01.797,8,10,6,1,247644,82
2022-01-01 00:00:01.798,8,10,11,1,726844,82
2022-01-01 00:00:01.799,8,9,4,1,157511,82
2022-01-01 00:00:01.800,8,11,13,0,1289333,82
2022-01-01 00:00:01.801,8,12,47,4,5638844,82
2022-01-01 00:00:01.802,9,0,1,0,5600,82
2022-01-01 00:00:01.803,8,6,1,0,6666,82
2022-01-01 00:00:01.804,9,11,5,1,414844,82
2022-01-01 00:00:01.805,8,8,8,1,334044,82
2022-01-01 00:00:01.806,8,11,1,0,5600,82
2022-01-01 00:00:01.807,9,9,6,1,328177,82
2022-01-01 00:00:01.808,9,11,12,1,1116088,82
2022-01-01 00:00:01.809,8,11,25,2,2717777,82
2022-01-01 00:00:01.810,8,10,15,0,1243822,82
2022-01-01 00:00:01.811,9,4,2,0,9066,82
2022-01-01 00:00:01.812,9,0,1,0,6666,82
2022-01-01 00:00:01.813,9,10,4,0,336000,82
2022-01-01 00:00:01.814,8,11,3,1,91644,82
2022-01-01 00:00:01.815,9,11,5,0,456266,82
2022-01-01 00:00:01.816,9,11,6,0,648000,82
2022-01-01 00:00:01.817,8,10,7,1,656977,82
2022-01-01 00:00:01.818,7,9,72,5,5941511,82
2022-01-01 00:00:01.819,7,9,69,5,5601155,82
2022-01-01 00:00:01.820,9,3,1,0,19288,82
2022-01-01 00:00:01.821,9,6,1,0,6666,82
2022-01-01 00:00:01.822,8,11,4,0,336000,82
2022-01-01 00:00:01.823,9,11,3,1,91644,82
2022-01-01 00:00:01.824,9,11,1,0,29600,82
2022-01-01 00:00:01.825,9,6,1,0,6666,82
2022-01-01 00:00:01.826,8,6,6,0,338488,82
2022-01-01 00:00:01.827,9,11,3,1,91644,82
2022-01-01 00:00:01.828,9,11,2,0,68088,82
2022-01-01 00:00:01.829,9,11,1,0,5600,82
2022-01-01 00:00:01.830,9,11,2,0,58666,82
2022-01-01 00:00:01.831,9,11,3,0,330400,82
2022-01-01 00:00:01.832,9,12,4,0,404977,82
2022-01-01 00:00:01.833,9,12,14,1,1541866,82
2022-01-01 00:00:01.834,8,12,49,2,5820444,82
2022-01-01 00:00:01.835,7,7,2,0,39288,82
2022-01-01 00:00:01.836,9,11,1,0,5600,82
2022-01-01 00:00:01.837,9,6,2,0,14577,82
2022-01-01 00:00:01.838,8,11,6,1,422044,82
2022-01-01 00:00:01.839,9,10,5,0,441866,82
2022-01-01 00:00:01.840,9,12,3,0,236000,82
2022-01-01 00:00:01.841,9,11,17,0,1542666,82
2022-01-01 00:00:01.842,8,11,56,1,5645155,82
2022-01-01 00:00:01.843,7,10,39,1,3380000,82
2022-01-01 00:00:01.844,9,0,1,0,5600,82
2022-01-01 00:00:01.845,9,7,1,0,7911,82
2022-01-01 00:00:01.846,8,7,1,0,7911,82
2022-01-01 00:00:01.847,9,7,1,0,7911,82
2022-01-01 00:00:01.848,9,6,1,0,6666,82
2022-01-01 00:00:01.849,8,9,11,1,654311,82
2022-01-01 00:00:01.850,8,11,7,1,630844,82
2022-01-01 00:00:01.851,9,9,7,0,254844,82
2022-01-01 00:00:01.852,8,11,13,0,1281333,82
2022-01-01 00:00:01.853,9,7,1,0,7911,82
2022-01-01 00:00:01.854,8,11,24,1,2621866,82
2022-01-01 00:00:01.855,6,10,36,1,2951644,82
2022-01-01 00:00:01.856,8,12,1,0,6488,82
2022-01-01 00:00:01.857,9,11,5,1,410577,82
2022-01-01 00:00:01.858,8,10,7,1,274577,82
2022-01-01 00:00:01.859,8,11,6,0,633777,82
2022-01-01 00:00:01.860,8,6,7,1,236355,82
2022-01-01 00:00:01.861,9,11,13,1,1288088,82
2022-01-01 00:00:01.862,8,11,54,3,5619022,82
2022-01-01 00:00:01.863,8,7,1,0,16444,82
2022-01-01 00:00:01.864,8,6,1,0,6666,82
2022-01-01 00:00:01.865,8,9,9,0,629244,82
2022-01-01 00:00:01.866,8,10,47,2,4621955,82
2022-01-01 00:00:01.867,8,4,3,0,94311,82
2022-01-01 00:00:01.868,9,6,1,0,6666,82
2022-01-01 00:00:01.869,8,10,5,1,410577,82
2022-01-01 00:00:01.870,9,9,7,2,235822,82
2022-01-01 00:00:01.871,9,7,1,0,5600,82
2022-01-01 00:00:01.872,9,0,1,0,7022,82
2022-01-01 00:00:01.873,9,10,6,0,482844,82
2022-01-01 00:00:01.874,9,11,31,0,2713155,82
2022-01-01 00:00:01.875,7,7,72,3,4979555,82
2022-01-01 00:00:01.876,8,7,26,0,1606933,82
2022-01-01 00:00:01.877,8,6,1,0,6666,82
2022-01-01 00:00:01.878,9,11,5,1,410577,82
2022-01-01 00:00:01.879,8,7,6,0,247644,82
2022-01-01 00:00:01.880,8,10,8,0,630044,82
2022-01-01 00:00:01.881,8,8,5,0,249688,82
2022-01-01 00:00:01.882,9,14,11,0,1300622,82
2022-01-01 00:00:01.883,8,12,46,3,5707377,82
2022-01-01 00:00:01.884,8,0,1,0,5600,82
2022-01-01 00:00:01.885,9,12,1,0,6488,82
2022-01-01 00:00:01.886,9,12,6,1,499377,82
2022-01-01 00:00:01.887,8,4,5,0,254133,82
2022-01-01 00:00:01.888,9,6,1,0,6666,82
2022-01-01 00:00:01.889,8,8,2,0,75555,82
2022-01-01 00:00:01.890,9,12,3,0,330400,82
2022-01-01 00:00:01.891,8,10,1,0,13955,82
2022-01-01 00:00:01.892,8,12,41,3,4555200,82
2022-01-01 00:00:01.893,6,9,88,2,7768533,82
2022-01-01 00:00:01.894,8,7,56,1,3904177,82
2022-01-01 00:00:01.895,8,11,2,1,18844,82
2022-01-01 00:00:01.896,9,12,1,0,6488,82
2022-01-01 00:00:01.897,9,12,2,0,75377,82
2022-01-01 00:00:01.898,9,13,3,1,330755,82
2022-01-01 00:00:01.899,9,11,2,0,74488,82
2022-01-01 00:00:01.900,9,14,15,0,2038755,82
2022-01-01 00:00:01.901,7,11,74,1,8085511,82
2022-01-01 00:00:01.902,7,10,85,4,7047022,82
2022-01-01 00:00:01.903,7,10,86,4,8122133,82
2022-01-01 00:00:01.904,7,10,42,2,3801955,82
2022-01-01 00:00:01.905,9,12,1,0,6488,82
2022-01-01 00:00:01.906,8,9,2,0,75555,82
2022-01-01 00:00:01.907,8,13,2,0,284000,82
2022-01-01 00:00:01.908,9,11,3,0,121866,82
2022-01-01 00:00:01.909,9,11,1,0,5600,82
2022-01-01 00:00:01.910,8,14,14,1,2032000,82
2022-01-01 00:00:01.911,8,11,37,2,3908888,82
2022-01-01 00:00:01.912,8,11,23,1,2382666,82
2022-01-01 00:00:01.913,9,12,2,0,75377,82
2022-01-01 00:00:01.914,9,12,1,0,6488,82
2022-01-01 00:00:01.915,9,12,4,0,399644,82
2022-01-01 00:00:01.916,9,11,2,0,11200,82
2022-01-01 00:00:01.917,9,16,8,0,1399733,82
2022-01-01 00:00:01.918,9,14,11,0,1578400,82
2022-01-01 00:00:01.919,8,12,1,0,6488,82
2022-01-01 00:00:01.920,9,12,2,0,75377,82
2022-01-01 00:00:01.921,9,13,3,0,330755,82
2022-01-01 00:00:01.922,8,12,34,4,3908000,82
2022-01-01 00:00:01.923,6,9,65,0,5273866,82
2022-01-01 00:00:01.924,7,9,75,2,5333866,82
2022-01-01 00:00:01.925,8,10,23,0,1672533,82
2022-01-01 00:00:01.926,8,12,2,0,148977,82
2022-01-01 00:00:01.927,8,0,1,0,5600,82
2022-01-01 00:00:01.928,8,11,2,0,75377,82
2022-01-01 00:00:01.929,9,12,1,0,6488,82
2022-01-01 00:00:01.930,9,12,13,2,1638577,82
2022-01-01 00:00:01.931,7,12,39,1,4584800,82
2022-01-01 00:00:01.932,7,10,56,2,5239644,82
2022-01-01 00:00:01.933,7,11,38,3,3758933,82
2022-01-01 00:00:01.934,8,0,1,0,6666,82
2022-01-01 00:00:01.935,9,12,1,0,6488,82
2022-01-01 00:00:01.936,9,12,2,0,75377,82
2022-01-01 00:00:01.937,8,12,3,0,330400,82
2022-01-01 00:00:01.938,8,12,2,0,76444,82
2022-01-01 00:00:01.939,8,11,20,0,2018813,82
2022-01-01 00:00:01.940,9,13,1,0,128629,82
2022-01-01 00:00:01.941,8,13,30,2,4016800,82
2022-01-01 00:00:01.942,8,11,51,1,4536800,82
2022-01-01 00:00:01.943,7,10,72,2,5146725,82
2022-01-01 00:00:01.944,9,0,2,0,126044,82
2022-01-01 00:00:01.945,8,11,1,0,5600,82
2022-01-01 00:00:01.946,9,12,1,0,127200,82
2022-01-01 00:00:01.947,9,0,1,0,5600,82
2022-01-01 00:00:01.948,9,11,1,0,5662,82
2022-01-01 00:00:01.949,7,8,1,0,13955,82
2022-01-01 00:00:01.950,9,11,1,0,5600,82
2022-01-01 00:00:01.951,9,6,1,0,6666,82
2022-01-01 00:00:01.952,9,7,1,0,7824,82
2022-01-01 00:00:01.953,9,13,1,0,69662,82
2022-01-01 00:00:01.954,9,12,1,0,6488,82
2022-01-01 00:00:01.955,8,13,3,0,334471,82
2022-01-01 00:00:01.956,8,13,1,0,83111,82
2022-01-01 00:00:01.957,8,14,20,0,2622933,82
2022-01-01 00:00:01.958,8,12,52,2,6140444,82
2022-01-01 00:00:01.959,7,11,57,1,5862241,82
2022-01-01 00:00:01.960,8,9,18,0,1205688,82
2022-01-01 00:00:01.961,8,13,1,0,53066,82
2022-01-01 00:00:01.962,8,7,1,0,7824,82
2022-01-01 00:00:01.963,9,11,1,0,5662,82
2022-01-01 00:00:01.964,9,0,1,0,5600,82
2022-01-01 00:00:01.965,8,11,1,0,5600,82
2022-01-01 00:00:01.966,8,7,1,0,7911,82
2022-01-01 00:00:01.967,8,12,1,0,6488,82
2022-01-01 00:00:01.968,9,13,1,0,68888,82
2022-01-01 00:00:01.969,9,13,1,0,68888,82
2022-01-01 00:00:01.970,9,13,1,0,68888,82
2022-01-01 00:00:01.971,8,12,1,0,6488,82
2022-01-01 00:00:01.972,9,10,4,0,330488,82
2022-01-01 00:00:01.973,9,13,2,0,152000,82
2022-01-01 00:00:01.974,9,13,1,0,7555,82
2022-01-01 00:00:01.975,9,7,2,0,13511,82
2022-01-01 00:00:01.976,9,11,1,0,5662,82
2022-01-01 00:00:01.977,9,11,1,0,5600,82
2022-01-01 00:00:01.978,8,10,601,23,1009057,82
2022-01-01 00:00:01.979,9,13,5,0,401333,82
2022-01-01 00:00:01.980,8,11,2,0,11076,82
2022-01-01 00:00:01.981,9,2,1,0,1617,95
2022-01-01 00:00:01.982,7,11,1,0,53066,110
2022-01-01 00:00:01.983,8,13,1,0,53066,110
2022-01-01 00:00:01.984,8,15,1,0,57333,110
2022-01-01 00:00:01.985,8,13,1,0,53066,110
2022-01-01 00:00:01.986,8,13,1,0,53066,110
2022-01-01 00:00:01.987,8,0,1,0,53066,110
2022-01-01 00:00:01.988,8,12,1,0,6488,110
2022-01-01 00:00:01.989,8,13,4,0,412533,110
2022-01-01 00:00:01.990,8,11,6,1,243822,110
2022-01-01 00:00:01.991,8,13,4,0,511111,110
2022-01-01 00:00:01.992,8,13,3,0,354311,110
2022-01-01 00:00:01.993,8,4,2,0,17066,110
2022-01-01 00:00:01.994,8,14,10,0,1280177,110
2022-01-01 00:00:01.995,8,13,1,0,53066,110
2022-01-01 00:00:01.996,8,14,1,0,127200,110
2022-01-01 00:00:01.997,9,16,38,0,5587022,110
2022-01-01 00:00:01.998,7,0,1,0,11466,110
2022-01-01 00:00:01.999,8,12,1,0,6488,110
2022-01-01 00:00:02.000,7,15,3,0,412177,110
2022-01-01 00:00:02.001,8,12,6,0,324088,110
2022-01-01 00:00:02.002,8,11,1,0,11466,110
2022-01-01 00:00:02.003,8,12,1,0,6488,110
2022-01-01 00:00:02.004,8,15,7,0,500711,110
2022-01-01 00:00:02.005,8,11,4,0,164622,110
2022-01-01 00:00:02.006,9,15,8,0,853333,110
2022-01-01 00:00:02.007,8,15,10,0,1092266,110
2022-01-01 00:00:02.008,8,15,2,0,271466,110
2022-01-01 00:00:02.009,8,16,34,0,4358844,110
2022-01-01 00:00:02.010,8,15,13,0,1400977,110
2022-01-01 00:00:02.011,8,12,1,0,6488,110
2022-01-01 00:00:02.012,7,13,5,1,481155,110
2022-01-01 00:00:02.013,8,12,6,0,265688,110
2022-01-01 00:00:02.014,8,15,1,0,57333,110
2022-01-01 00:00:02.015,8,15,1,0,57333,110
2022-01-01 00:00:02.016,8,15,1,0,57333,110
2022-01-01 00:00:02.017,8,15,1,0,57333,110
2022-01-01 00:00:02.018,8,15,2,0,114666,110
2022-01-01 00:00:02.019,8,12,1,0,6488,110
2022-01-01 00:00:02.020,8,18,2,1,352000,110
2022-01-01 00:00:02.021,7,13,5,1,305777,110
2022-01-01 00:00:02.022,8,13,2,0,63822,110
2022-01-01 00:00:02.023,8,15,8,1,717422,110
2022-01-01 00:00:02.024,8,14,12,1,1350044,110
2022-01-01 00:00:02.025,8,15,1,0,135733,110
2022-01-01 00:00:02.026,8,16,27,0,3453244,110
2022-01-01 00:00:02.027,8,16,17,1,2157955,110
2022-01-01 00:00:02.028,8,16,1,0,182400,110
2022-01-01 00:00:02.029,8,0,1,0,17155,110
2022-01-01 00:00:02.030,7,12,1,0,6561,110
2022-01-01 00:00:02.031,8,16,3,0,410755,110
2022-01-01 00:00:02.032,8,12,6,0,242311,110
2022-01-01 00:00:02.033,8,15,27,0,3620266,110
2022-01-01 00:00:02.034,8,15,6,0,777511,110
2022-01-01 00:00:02.035,8,17,3,0,457866,110
2022-01-01 00:00:02.036,8,11,1,0,11466,110
2022-01-01 00:00:02.037,8,12,1,0,6488,110
2022-01-01 00:00:02.038,7,0,3,0,280351,110
2022-01-01 00:00:02.039,8,15,1,0,135733,110
2022-01-01 00:00:02.040,9,12,7,1,341303,110
2022-01-01 00:00:02.041,8,12,1,0,6488,110
2022-01-01 00:00:02.042,8,15,8,0,726488,110
2022-01-01 00:00:02.043,8,17,41,0,5967822,110
2022-01-01 00:00:02.044,8,16,31,2,5178989,110
2022-01-01 00:00:02.045,8,18,16,1,2907466,110
2022-01-01 00:00:02.046,7,16,21,1,3569348,110
2022-01-01 00:00:02.047,8,17,19,1,3326505,110
2022-01-01 00:00:02.048,8,17,13,0,2226666,110
2022-01-01 00:00:02.049,8,11,1,0,11466,110
2022-01-01 00:00:02.050,7,12,1,0,6488,110
2022-01-01 00:00:02.051,9,16,3,0,425142,110
2022-01-01 00:00:02.052,8,12,3,0,87200,110
2022-01-01 00:00:02.053,8,17,39,4,5574153,110
2022-01-01 00:00:02.054,8,17,17,2,2853333,110
2022-01-01 00:00:02.055,8,17,29,1,4145155,110
2022-01-01 00:00:02.056,7,18,18,1,3320089,110
2022-01-01 00:00:02.057,7,15,20,1,2806329,110
2022-01-01 00:00:02.058,8,18,20,2,3635200,110
2022-01-01 00:00:02.059,8,17,19,1,3465600,110
2022-01-01 00:00:02.060,8,18,20,1,3588404,110
2022-01-01 00:00:02.061,8,14,6,0,700483,110
2022-01-01 00:00:02.062,8,12,1,0,6488,110
2022-01-01 00:00:02.063,8,13,7,1,491516,110
2022-01-01 00:00:02.064,8,13,3,0,168800,110
2022-01-01 00:00:02.065,7,12,1,0,6488,110
2022-01-01 00:00:02.066,8,14,6,1,713934,110
2022-01-01 00:00:02.067,8,11,2,0,30933,110
2022-01-01 00:00:02.068,8,14,2,0,141362,110
2022-01-01 00:00:02.069,8,17,10,0,1279911,110
2022-01-01 00:00:02.070,8,16,39,0,5155415,110
2022-01-01 00:00:02.071,8,16,6,0,652043,110
2022-01-01 00:00:02.072,8,9,1,0,15733,110
2022-01-01 00:00:02.073,7,0,1,0,6488,110
2022-01-01 00:00:02.074,8,15,3,0,279384,110
2022-01-01 00:00:02.075,8,16,1,0,131466,110
2022-01-01 00:00:02.076,8,10,4,0,183111,110
2022-01-01 00:00:02.077,8,14,2,0,152888,110
2022-01-01 00:00:02.078,8,12,1,0,6488,110
2022-01-01 00:00:02.079,8,15,6,0,670577,110
2022-01-01 00:00:02.080,8,12,2,0,59555,110
2022-01-01 00:00:02.081,8,14,9,1,919733,110
2022-01-01 00:00:02.082,8,18,9,0,1364533,110
2022-01-01 00:00:02.083,8,18,1,0,55200,110
2022-01-01 00:00:02.084,8,13,1,0,53066,110
2022-01-01 00:00:02.085,8,15,1,0,57333,110
2022-01-01 00:00:02.086,8,18,14,0,2219022,110
2022-01-01 00:00:02.087,8,17,23,0,3439377,110
2022-01-01 00:00:02.088,8,15,1,0,57333,110
2022-01-01 00:00:02.089,8,12,1,0,6488,110
2022-01-01 00:00:02.090,8,14,8,0,685422,110
2022-01-01 00:00:02.091,8,12,1,0,6488,110
2022-01-01 00:00:02.092,9,14,3,0,260711,110
2022-01-01 00:00:02.093,8,16,2,0,254400,110
2022-01-01 00:00:02.094,8,13,3,0,218755,110
2022-01-01 00:00:02.095,8,12,5,0,224000,110
2022-01-01 00:00:02.096,8,15,12,0,1302844,110
2022-01-01 00:00:02.097,8,17,40,0,6190133,110
2022-01-01 00:00:02.098,8,17,23,0,3837688,110
2022-01-01 00:00:02.099,8,15,4,0,554755,110
2022-01-01 00:00:02.100,8,15,1,0,57333,110
2022-01-01 00:00:02.101,8,12,1,0,6488,110
2022-01-01 00:00:02.102,8,12,6,1,434133,110
2022-01-01 00:00:02.103,8,16,19,1,2666400,110
2022-01-01 00:00:02.104,8,16,15,0,2228177,110
2022-01-01 00:00:02.105,8,15,1,0,57333,110
2022-01-01 00:00:02.106,8,0,1,0,57333,110
2022-01-01 00:00:02.107,8,13,2,0,73066,110
2022-01-01 00:00:02.108,8,12,1,0,6488,110
2022-01-01 00:00:02.109,8,14,6,1,497600,110
2022-01-01 00:00:02.110,8,14,6,0,315288,110
2022-01-01 00:00:02.111,8,15,1,0,57333,110
2022-01-01 00:00:02.112,8,15,1,0,57333,110
2022-01-01 00:00:02.113,8,12,1,0,6488,110
2022-01-01 00:00:02.114,8,13,8,0,496711,110
2022-01-01 00:00:02.115,8,13,3,0,175288,110
2022-01-01 00:00:02.116,7,16,5,1,630222,110
2022-01-01 00:00:02.117,8,13,4,0,226933,110
2022-01-01 00:00:02.118,8,15,9,1,933955,110
2022-01-01 00:00:02.119,8,14,2,0,251288,110
2022-01-01 00:00:02.120,8,15,1,0,57333,110
2022-01-01 00:00:02.121,8,15,1,0,135733,110
2022-01-01 00:00:02.122,8,18,33,0,5309155,110
2022-01-01 00:00:02.123,8,16,3,0,394400,110
2022-01-01 00:00:02.124,8,0,1,0,17155,110
2022-01-01 00:00:02.125,8,15,1,0,57333,110
2022-01-01 00:00:02.126,8,12,1,0,6488,110
2022-01-01 00:00:02.127,7,13,9,0,674844,110
2022-01-01 00:00:02.128,9,11,2,0,12088,110
2022-01-01 00:00:02.129,8,13,6,1,643733,110
2022-01-01 00:00:02.130,8,9,3,0,89511,110
2022-01-01 00:00:02.131,8,12,3,0,186666,110
2022-01-01 00:00:02.132,8,16,9,0,1283911,110
2022-01-01 00:00:02.133,8,16,18,1,2633688,110
2022-01-01 00:00:02.134,9,17,22,0,3091822,110
2022-01-01 00:00:02.135,8,12,1,0,6488,110
2022-01-01 00:00:02.136,8,16,5,1,425333,110
2022-01-01 00:00:02.137,8,14,2,0,83022,110
2022-01-01 00:00:02.138,8,11,5,0,237511,110
2022-01-01 00:00:02.139,7,15,1,0,57333,110
2022-01-01 00:00:02.140,8,15,1,0,57333,110
2022-01-01 00:00:02.141,8,15,2,0,61688,110
2022-01-01 00:00:02.142,8,15,4,0,485066,110
2022-01-01 00:00:02.143,8,13,7,0,312266,110
2022-01-01 00:00:02.144,8,16,1,0,57333,110
2022-01-01 00:00:02.145,8,13,10,1,748355,110
2022-01-01 00:00:02.146,9,18,1,0,131466,110
2022-01-01 00:00:02.147,7,13,11,0,1310577,110
2022-01-01 00:00:02.148,8,17,5,0,899200,110
2022-01-01 00:00:02.149,8,16,32,1,4737333,110
2022-01-01 00:00:02.150,8,13,1,0,22488,110
2022-01-01 00:00:02.151,9,18,1,0,55200,110
2022-01-01 00:00:02.152,8,10,2,0,59555,110
2022-01-01 00:00:02.153,8,16,3,0,493155,110
2022-01-01 00:00:02.154,8,10,6,0,270133,110
2022-01-01 00:00:02.155,7,12,1,0,6488,110
2022-01-01 00:00:02.156,8,13,4,0,412088,110
2022-01-01 00:00:02.157,8,9,6,0,259288,110
2022-01-01 00:00:02.158,8,11,10,0,880977,110
2022-01-01 00:00:02.159,8,16,10,0,1308711,110
2022-01-01 00:00:02.160,7,15,23,0,3123555,110
2022-01-01 00:00:02.161,8,17,16,3,2596888,110
2022-01-01 00:00:02.162,8,0,2,0,34311,110
2022-01-01 00:00:02.163,7,12,1,0,6488,110
2022-01-01 00:00:02.164,8,14,11,2,729422,110
2022-01-01 00:00:02.165,8,11,2,0,11200,110
2022-01-01 00:00:02.166,8,12,1,0,6488,110
2022-01-01 00:00:02.167,8,14,9,0,663911,110
2022-01-01 00:00:02.168,8,12,1,0,6488,110
2022-01-01 00:00:02.169,8,14,9,1,750044,110
2022-01-01 00:00:02.170,8,15,1,0,135733,110
2022-01-01 00:00:02.171,7,8,2,0,11200,110
2022-01-01 00:00:02.172,8,16,9,1,1295022,110
2022-01-01 00:00:02.173,8,16,39,3,5687911,110
2022-01-01 00:00:02.174,7,14,1,0,17155,110
2022-01-01 00:00:02.175,8,12,1,0,6488,110
2022-01-01 00:00:02.176,8,17,2,0,364800,110
2022-01-01 00:00:02.177,7,12,7,0,308800,110
2022-01-01 00:00:02.178,7,12,2,0,12088,110
2022-01-01 00:00:02.179,7,12,9,0,805155,110
2022-01-01 00:00:02.180,8,15,1,0,65846,110
2022-01-01 00:00:02.181,8,15,9,0,1308674,110
2022-01-01 00:00:02.182,8,16,35,2,4922400,110
2022-01-01 00:00:02.183,7,16,3,0,372355,110
2022-01-01 00:00:02.184,7,15,4,0,412711,110
2022-01-01 00:00:02.185,8,12,1,0,6488,110
2022-01-01 00:00:02.186,8,16,3,0,412177,110
2022-01-01 00:00:02.187,8,13,6,1,331288,110
2022-01-01 00:00:02.188,8,0,1,0,17155,110
2022-01-01 00:00:02.189,8,15,1,0,57333,110
2022-01-01 00:00:02.190,8,18,1,0,55200,110
2022-01-01 00:00:02.191,8,15,1,0,57333,110
2022-01-01 00:00:02.192,8,15,1,0,57333,110
2022-01-01 00:00:02.193,8,15,1,0,57333,110
2022-01-01 00:00:02.194,8,15,1,0,57333,110
2022-01-01 00:00:02.195,8,12,2,0,63822,110
2022-01-01 00:00:02.196,8,12,1,0,20000,110
2022-01-01 00:00:02.197,8,15,3,0,340533,110
2022-01-01 00:00:02.198,8,17,13,0,2020533,110
2022-01-01 00:00:02.199,9,18,19,1,3448000,110
2022-01-01 00:00:02.200,8,17,12,0,1846933,110
2022-01-01 00:00:02.201,8,15,3,0,395555,110
2022-01-01 00:00:02.202,8,16,3,0,399377,110
2022-01-01 00:00:02.203,8,15,1,0,57333,110
2022-01-01 00:00:02.204,8,12,1,0,6488,110
2022-01-01 00:00:02.205,8,14,3,0,246133,110
2022-01-01 00:00:02.206,8,17,22,0,3553866,110
2022-01-01 00:00:02.207,8,18,28,1,4967733,110
2022-01-01 00:00:02.208,8,18,16,2,2957333,110
2022-01-01 00:00:02.209,8,15,7,0,930844,110
2022-01-01 00:00:02.210,8,15,1,0,57333,110
2022-01-01 00:00:02.211,8,11,1,0,5600,110
2022-01-01 00:00:02.212,8,14,1,0,8266,110
2022-01-01 00:00:02.213,8,11,1,0,53066,110
2022-01-01 00:00:02.214,8,0,1,0,8266,110
2022-01-01 00:00:02.215,8,12,1,0,6488,110
2022-01-01 00:00:02.216,8,12,5,0,410933,110
2022-01-01 00:00:02.217,8,14,8,0,247111,110
2022-01-01 00:00:02.218,7,12,1,0,6488,110
2022-01-01 00:00:02.219,8,15,6,0,699200,110
2022-01-01 00:00:02.220,8,13,3,1,227022,110
2022-01-01 00:00:02.221,8,14,13,0,1335911,110
2022-01-01 00:00:02.222,8,14,1,0,8266,110
2022-01-01 00:00:02.223,8,17,39,0,4998933,110
2022-01-01 00:00:02.224,7,15,6,0,717955,110
2022-01-01 00:00:02.225,8,11,1,0,5600,110
2022-01-01 00:00:02.226,8,15,1,0,57333,110
2022-01-01 00:00:02.227,8,0,1,0,6488,110
2022-01-01 00:00:02.228,8,17,3,0,412177,110
2022-01-01 00:00:02.229,8,14,7,0,316088,110
2022-01-01 00:00:02.230,8,9,1,0,20711,110
2022-01-01 00:00:02.231,8,18,1,0,55200,110
2022-01-01 00:00:02.232,8,15,1,0,57333,110
2022-01-01 00:00:02.233,8,14,1,0,8266,110
2022-01-01 00:00:02.234,8,15,1,0,57333,110
2022-01-01 00:00:02.235,8,15,1,0,57333,110
2022-01-01 00:00:02.236,8,11,1,0,5600,110
2022-01-01 00:00:02.237,9,15,6,0,331466,110
2022-01-01 00:00:02.238,8,17,7,1,1045422,110
2022-01-01 00:00:02.239,8,17,24,0,4126755,110
2022-01-01 00:00:02.240,8,18,25,0,4476088,110
2022-01-01 00:00:02.241,8,17,21,1,3644533,110
2022-01-01 00:00:02.242,8,14,8,0,802844,110
2022-01-01 00:00:02.243,9,14,1,0,8266,110
2022-01-01 00:00:02.244,8,12,1,1,6561,110
2022-01-01 00:00:02.245,8,16,3,0,256444,110
2022-01-01 00:00:02.246,8,18,1,0,74577,110
2022-01-01 00:00:02.247,8,13,2,0,83022,110
2022-01-01 00:00:02.248,9,11,1,0,5538,110
2022-01-01 00:00:02.249,8,18,3,0,439820,110
2022-01-01 00:00:02.250,8,16,4,0,566133,110
2022-01-01 00:00:02.251,8,15,1,0,57333,110
2022-01-01 00:00:02.252,8,18,2,0,152533,110
2022-01-01 00:00:02.253,8,16,3,0,316404,110
2022-01-01 00:00:02.254,9,18,4,2,557866,110
2022-01-01 00:00:02.255,8,18,3,0,515200,110
2022-01-01 00:00:02.256,8,16,2,1,251288,110
2022-01-01 00:00:02.257,8,15,4,0,517010,110
2022-01-01 00:00:02.258,8,16,3,0,262666,110
2022-01-01 00:00:02.259,8,17,5,0,635235,110
2022-01-01 00:00:02.260,8,0,3,0,377333,110
2022-01-01 00:00:02.261,8,16,6,2,744263,110
2022-01-01 00:00:02.262,8,16,8,0,1142921,110
2022-01-01 00:00:02.263,8,16,5,1,701866,110
2022-01-01 00:00:02.264,8,17,5,1,754813,110
2022-01-01 00:00:02.265,8,18,1,0,132943,110
2022-01-01 00:00:02.266,8,15,1,0,134241,110
2022-01-01 00:00:02.267,8,18,2,0,265887,110
2022-01-01 00:00:02.268,8,17,5,1,753955,110
2022-01-01 00:00:02.269,8,15,2,0,190945,110
2022-01-01 00:00:02.270,8,15,1,1,135733,110
2022-01-01 00:00:02.271,8,16,2,1,254112,110
2022-01-01 00:00:02.272,7,15,6,1,758945,110
2022-01-01 00:00:02.273,8,16,4,2,517752,110
2022-01-01 00:00:02.274,8,15,4,0,506373,110
2022-01-01 00:00:02.275,8,15,1,0,135733,110
2022-01-01 00:00:02.276,8,15,2,0,271466,110
2022-01-01 00:00:02.277,8,15,2,0,274516,110
2022-01-01 00:00:02.278,8,17,2,1,198153,110
2022-01-01 00:00:02.279,8,17,7,1,1200000,110
2022-01-01 00:00:02.280,8,17,2,1,259822,110
2022-01-01 00:00:02.281,8,14,2,0,27865,110
2022-01-01 00:00:02.282,8,12,1,0,6488,110
2022-01-01 00:00:02.283,8,14,3,0,332000,110
2022-01-01 00:00:02.284,8,18,2,0,77333,110
2022-01-01 00:00:02.285,8,17,3,0,547200,110
2022-01-01 00:00:02.286,8,16,6,0,617333,110
2022-01-01 00:00:02.287,8,12,6,0,965777,110
2022-01-01 00:00:02.288,8,0,1,0,13244,110
2022-01-01 00:00:02.289,8,0,1,0,5538,110
2022-01-01 00:00:02.290,9,14,1,0,8266,110
2022-01-01 00:00:02.291,8,12,1,0,6488,110
2022-01-01 00:00:02.292,8,15,4,0,356088,110
2022-01-01 00:00:02.293,8,0,1,0,11466,110
2022-01-01 00:00:02.294,9,17,3,1,580800,110
2022-01-01 00:00:02.295,9,18,7,1,1073511,110
2022-01-01 00:00:02.296,8,17,16,1,2542577,110
2022-01-01 00:00:02.297,8,16,12,1,1890488,110
2022-01-01 00:00:02.298,8,17,3,1,386577,110
2022-01-01 00:00:02.299,8,17,6,2,668622,110
2022-01-01 00:00:02.300,8,17,3,1,471822,110
2022-01-01 00:00:02.301,9,15,2,0,250844,110
2022-01-01 00:00:02.302,8,16,3,1,376266,110
2022-01-01 00:00:02.303,8,17,2,1,251288,110
2022-01-01 00:00:02.304,7,13,1,0,127200,110
2022-01-01 00:00:02.305,8,18,3,0,382311,110
2022-01-01 00:00:02.306,8,17,2,1,251288,110
2022-01-01 00:00:02.307,8,16,3,1,320177,110
2022-01-01 00:00:02.308,8,16,4,0,569422,110
2022-01-01 00:00:02.309,8,16,4,1,507733,110
2022-01-01 00:00:02.310,8,15,3,0,407200,110
2022-01-01 00:00:02.311,9,19,2,1,250844,110
2022-01-01 00:00:02.312,9,18,3,1,392000,110
2022-01-01 00:00:02.313,8,17,4,1,635022,110
2022-01-01 00:00:02.314,8,19,2,1,383733,110
2022-01-01 00:00:02.315,9,18,1,0,131466,110
2022-01-01 00:00:02.316,8,16,4,0,530133,110
2022-01-01 00:00:02.317,8,18,4,1,655200,110
2022-01-01 00:00:02.318,8,18,3,1,390577,110
2022-01-01 00:00:02.319,8,12,1,0,20000,110
2022-01-01 00:00:02.320,8,12,1,0,6488,110
2022-01-01 00:00:02.321,9,17,3,0,429866,110
2022-01-01 00:00:02.322,9,14,6,0,244444,110
2022-01-01 00:00:02.323,9,12,1,0,6488,110
2022-01-01 00:00:02.324,8,16,6,0,714755,110
2022-01-01 00:00:02.325,9,12,5,0,174044,110
2022-01-01 00:00:02.326,8,17,9,0,1312977,110
2022-01-01 00:00:02.327,8,17,29,0,4209777,110
2022-01-01 00:00:02.328,8,16,10,0,1517511,110
2022-01-01 00:00:02.329,9,9,1,0,5066,110
2022-01-01 00:00:02.330,9,12,1,0,6488,110
2022-01-01 00:00:02.331,8,12,6,0,456088,110
2022-01-01 00:00:02.332,8,13,5,0,314133,110
2022-01-01 00:00:02.333,8,13,1,0,53066,110
2022-01-01 00:00:02.334,8,18,1,0,55200,110
2022-01-01 00:00:02.335,8,13,1,0,53066,110
2022-01-01 00:00:02.336,8,18,1,0,55200,110
2022-01-01 00:00:02.337,8,15,1,0,57333,110
2022-01-01 00:00:02.338,8,13,1,0,53066,110
2022-01-01 00:00:02.339,8,15,1,0,57333,110
2022-01-01 00:00:02.340,8,6,1,0,6666,110
2022-01-01 00:00:02.341,9,16,4,0,525010,110
2022-01-01 00:00:02.342,7,10,2,0,16355,110
2022-01-01 00:00:02.343,8,19,8,0,1434933,110
2022-01-01 00:00:02.344,8,18,10,0,1478222,110
2022-01-01 00:00:02.345,8,16,2,0,239733,110
2022-01-01 00:00:02.346,8,16,7,0,904088,110
2022-01-01 00:00:02.347,8,17,8,0,690933,110
2022-01-01 00:00:02.348,8,14,6,0,343111,110
2022-01-01 00:00:02.349,9,16,2,0,101155,110
2022-01-01 00:00:02.350,7,15,4,0,338044,110
2022-01-01 00:00:02.351,8,11,3,0,225333,110
2022-01-01 00:00:02.352,8,15,3,0,232355,110
2022-01-01 00:00:02.353,8,17,2,0,229777,110
2022-01-01 00:00:02.354,8,15,2,0,236177,110
2022-01-01 00:00:02.355,8,15,2,0,160533,110
2022-01-01 00:00:02.356,8,14,3,0,180000,110
2022-01-01 00:00:02.357,8,15,1,0,80266,110
2022-01-01 00:00:02.358,9,16,2,0,114844,110
2022-01-01 00:00:02.359,8,15,2,0,170311,110
2022-01-01 00:00:02.360,8,14,2,0,114844,110
2022-01-01 00:00:02.361,8,16,5,0,495288,110
2022-01-01 00:00:02.362,8,15,4,0,496000,110
2022-01-01 00:00:02.363,8,15,6,0,620711,110
2022-01-01 00:00:02.364,8,15,2,0,236177,110
2022-01-01 00:00:02.365,8,16,4,0,484888,110
2022-01-01 00:00:02.366,8,15,5,0,490933,110
2022-01-01 00:00:02.367,8,17,1,0,80266,110
2022-01-01 00:00:02.368,7,13,4,0,379644,110
2022-01-01 00:00:02.369,8,14,5,0,620266,110
2022-01-01 00:00:02.370,8,13,2,0,58488,110
2022-01-01 00:00:02.371,8,12,1,0,6488,108
2022-01-01 00:00:02.372,8,14,2,0,114844,110
2022-01-01 00:00:02.373,8,9,1,0,5600,108
2022-01-01 00:00:02.374,8,15,2,0,114844,110
2022-01-01 00:00:02.375,8,7,10,0,488355,108
2022-01-01 00:00:02.376,8,15,1,0,80266,110
2022-01-01 00:00:02.377,9,13,2,0,162400,108
2022-01-01 00:00:02.378,8,16,2,0,114844,110
2022-01-01 00:00:02.379,8,6,1,0,6666,108
2022-01-01 00:00:02.380,8,15,3,0,116533,110
2022-01-01 00:00:02.381,8,11,7,0,505688,108
2022-01-01 00:00:02.382,8,16,2,0,113422,110
2022-01-01 00:00:02.383,7,10,4,1,207822,108
2022-01-01 00:00:02.384,8,14,2,0,120533,110
2022-01-01 00:00:02.385,8,9,6,0,175644,108
2022-01-01 00:00:02.386,8,16,2,0,114844,110
2022-01-01 00:00:02.387,8,13,11,0,1284444,108
2022-01-01 00:00:02.388,8,15,1,0,34577,110
2022-01-01 00:00:02.389,8,14,2,0,114844,110
2022-01-01 00:00:02.390,8,14,3,0,242044,110
2022-01-01 00:00:02.391,8,12,5,0,550666,108
2022-01-01 00:00:02.392,8,17,2,0,113422,110
2022-01-01 00:00:02.393,7,13,41,3,5077155,108
2022-01-01 00:00:02.394,8,14,3,0,242755,110
2022-01-01 00:00:02.395,7,7,1,0,16444,108
2022-01-01 00:00:02.396,8,16,5,0,165244,110
2022-01-01 00:00:02.397,8,15,1,0,80266,110
2022-01-01 00:00:02.398,7,13,2,0,117688,110
2022-01-01 00:00:02.399,8,12,1,0,6488,108
2022-01-01 00:00:02.400,8,14,2,0,114844,110
2022-01-01 00:00:02.401,8,15,2,0,114844,110
2022-01-01 00:00:02.402,8,10,7,0,707111,108
2022-01-01 00:00:02.403,8,15,1,0,34577,110
2022-01-01 00:00:02.404,8,0,2,0,12266,108
2022-01-01 00:00:02.405,8,14,2,0,114844,110
2022-01-01 00:00:02.406,8,16,2,0,113422,110
2022-01-01 00:00:02.407,8,14,2,0,114844,110
2022-01-01 00:00:02.408,8,15,2,0,114844,110
2022-01-01 00:00:02.409,8,14,2,0,113422,110
2022-01-01 00:00:02.410,8,13,1,0,83111,110
2022-01-01 00:00:02.411,8,16,2,0,114844,110
2022-01-01 00:00:02.412,8,14,2,0,114844,110
2022-01-01 00:00:02.413,8,15,2,0,114844,110
2022-01-01 00:00:02.414,8,15,1,0,34577,110
2022-01-01 00:00:02.415,8,6,1,0,6666,108
2022-01-01 00:00:02.416,8,18,2,0,113422,110
2022-01-01 00:00:02.417,8,14,2,0,114844,110
2022-01-01 00:00:02.418,7,10,8,0,414044,108
2022-01-01 00:00:02.419,8,15,2,0,114844,110
2022-01-01 00:00:02.420,7,10,6,0,238933,108
2022-01-01 00:00:02.421,8,15,2,0,114844,110
2022-01-01 00:00:02.422,8,3,2,0,7288,108
2022-01-01 00:00:02.423,8,14,2,0,114844,110
2022-01-01 00:00:02.424,8,12,5,2,503466,108
2022-01-01 00:00:02.425,8,16,1,0,80266,110
2022-01-01 00:00:02.426,8,10,3,0,203288,108
2022-01-01 00:00:02.427,8,14,3,0,148000,110
2022-01-01 00:00:02.428,8,10,4,0,171644,108
2022-01-01 00:00:02.429,8,16,1,0,80266,110
2022-01-01 00:00:02.430,7,11,13,0,1287911,108
2022-01-01 00:00:02.431,8,14,2,0,114844,110
2022-01-01 00:00:02.432,8,17,1,0,33155,110
2022-01-01 00:00:02.433,8,14,2,0,114844,110
2022-01-01 00:00:02.434,8,15,2,0,114844,110
2022-01-01 00:00:02.435,6,13,43,2,5609511,108
2022-01-01 00:00:02.436,7,14,2,0,113422,110
2022-01-01 00:00:02.437,8,0,1,0,16444,108
2022-01-01 00:00:02.438,8,13,2,0,117688,110
2022-01-01 00:00:02.439,8,15,2,0,114844,110
2022-01-01 00:00:02.440,8,15,1,0,80266,110
2022-01-01 00:00:02.441,8,16,3,0,114933,110
2022-01-01 00:00:02.442,8,16,2,0,114844,110
2022-01-01 00:00:02.443,9,16,2,0,113422,110
2022-01-01 00:00:02.444,8,15,1,0,34577,110
2022-01-01 00:00:02.445,9,14,2,0,114844,110
2022-01-01 00:00:02.446,7,15,2,0,114844,110
2022-01-01 00:00:02.447,8,13,2,0,117688,110
2022-01-01 00:00:02.448,8,15,2,0,114844,110
2022-01-01 00:00:02.449,8,15,4,0,119111,110
2022-01-01 00:00:02.450,8,15,1,0,80266,110
2022-01-01 00:00:02.451,8,6,1,0,6666,108
2022-01-01 00:00:02.452,8,16,2,0,114844,110
2022-01-01 00:00:02.453,8,16,2,0,113422,110
2022-01-01 00:00:02.454,8,11,5,1,410577,108
2022-01-01 00:00:02.455,8,13,2,0,114844,110
2022-01-01 00:00:02.456,7,9,11,0,264622,108
2022-01-01 00:00:02.457,9,15,1,0,34577,110
2022-01-01 00:00:02.458,8,12,1,0,6488,108
2022-01-01 00:00:02.459,8,14,2,0,114844,110
2022-01-01 00:00:02.460,8,15,2,0,114844,110
2022-01-01 00:00:02.461,8,12,8,0,712977,108
2022-01-01 00:00:02.462,7,15,2,0,114844,110
2022-01-01 00:00:02.463,8,10,4,0,170400,108
2022-01-01 00:00:02.464,8,13,2,0,117688,110
2022-01-01 00:00:02.465,6,9,15,5,1158844,108
2022-01-01 00:00:02.466,8,15,2,0,114844,110
2022-01-01 00:00:02.467,8,17,1,0,80266,110
2022-01-01 00:00:02.468,8,16,3,0,113688,110
2022-01-01 00:00:02.469,8,9,2,0,130133,108
2022-01-01 00:00:02.470,8,14,2,0,114844,110
2022-01-01 00:00:02.471,8,14,14,1,1804800,108
2022-01-01 00:00:02.472,8,17,2,0,113422,110
2022-01-01 00:00:02.473,6,10,54,7,5142311,108
2022-01-01 00:00:02.474,8,15,2,0,114844,110
2022-01-01 00:00:02.475,6,5,30,3,1389333,108
2022-01-01 00:00:02.476,9,14,1,0,34577,110
2022-01-01 00:00:02.477,6,5,44,1,2182666,108
2022-01-01 00:00:02.478,7,15,2,0,114844,110
2022-01-01 00:00:02.479,7,3,3,1,20266,108
2022-01-01 00:00:02.480,8,15,2,0,114844,110
2022-01-01 00:00:02.481,8,14,2,0,114844,110
2022-01-01 00:00:02.482,8,15,3,0,115111,110
2022-01-01 00:00:02.483,8,15,1,0,80266,110
2022-01-01 00:00:02.484,8,16,2,0,114844,110
2022-01-01 00:00:02.485,8,15,2,0,114844,110
2022-01-01 00:00:02.486,8,14,2,0,114844,110
2022-01-01 00:00:02.487,9,16,1,0,33155,110
2022-01-01 00:00:02.488,7,14,2,0,114844,110
2022-01-01 00:00:02.489,8,13,2,0,117688,110
2022-01-01 00:00:02.490,8,6,1,0,6666,108
2022-01-01 00:00:02.491,8,15,2,0,114844,110
2022-01-01 00:00:02.492,8,14,2,0,113422,110
2022-01-01 00:00:02.493,8,10,5,0,414488,108
2022-01-01 00:00:02.494,8,14,2,0,114844,110
2022-01-01 00:00:02.495,7,7,8,0,318577,108
2022-01-01 00:00:02.496,8,15,1,0,80266,110
2022-01-01 00:00:02.497,8,14,2,0,120533,110
2022-01-01 00:00:02.498,8,15,2,0,114844,110
2022-01-01 00:00:02.499,9,14,2,0,113422,110
2022-01-01 00:00:02.500,7,13,1,0,34577,110
2022-01-01 00:00:02.501,9,14,2,0,117688,110
2022-01-01 00:00:02.502,9,17,2,0,113422,110
2022-01-01 00:00:02.503,9,17,2,0,113422,110
2022-01-01 00:00:02.504,8,15,2,0,114844,110
2022-01-01 00:00:02.505,8,15,2,0,114844,110
2022-01-01 00:00:02.506,8,15,1,0,80266,110
2022-01-01 00:00:02.507,8,16,2,0,114844,110
2022-01-01 00:00:02.508,8,14,2,0,114844,110
2022-01-01 00:00:02.509,8,15,2,0,114844,110
2022-01-01 00:00:02.510,9,14,1,0,34577,110
2022-01-01 00:00:02.511,8,14,2,0,114844,110
2022-01-01 00:00:02.512,8,15,2,0,114844,110
2022-01-01 00:00:02.513,8,15,2,0,114844,110
2022-01-01 00:00:02.514,8,15,2,0,114844,110
2022-01-01 00:00:02.515,8,14,2,0,114844,110
2022-01-01 00:00:02.516,8,15,2,0,114844,110
2022-01-01 00:00:02.517,8,16,1,0,80266,110
2022-01-01 00:00:02.518,7,13,2,0,117688,110
2022-01-01 00:00:02.519,8,14,2,0,114844,110
2022-01-01 00:00:02.520,8,15,1,0,34577,110
2022-01-01 00:00:02.521,9,14,2,0,114844,110
2022-01-01 00:00:02.522,8,15,2,0,114844,110
2022-01-01 00:00:02.523,8,16,2,0,113422,110
2022-01-01 00:00:02.524,8,6,1,0,6666,108
2022-01-01 00:00:02.525,8,15,2,0,114844,110
2022-01-01 00:00:02.526,7,7,7,0,474755,108
2022-01-01 00:00:02.527,9,17,2,0,113422,110
2022-01-01 00:00:02.528,7,6,9,0,183644,108
2022-01-01 00:00:02.529,8,16,2,0,81955,110
2022-01-01 00:00:02.530,7,12,2,0,116266,110
2022-01-01 00:00:02.531,8,11,7,1,503555,108
2022-01-01 00:00:02.532,8,14,2,0,114844,110
2022-01-01 00:00:02.533,8,14,2,0,120533,110
2022-01-01 00:00:02.534,8,14,1,0,34577,110
2022-01-01 00:00:02.535,8,14,2,0,120533,110
2022-01-01 00:00:02.536,8,16,2,0,113422,110
2022-01-01 00:00:02.537,8,15,2,0,114844,110
2022-01-01 00:00:02.538,8,14,2,0,114844,110
2022-01-01 00:00:02.539,9,17,2,0,113422,110
2022-01-01 00:00:02.540,8,11,2,0,129066,108
2022-01-01 00:00:02.541,8,14,1,0,80266,110
2022-01-01 00:00:02.542,8,8,6,0,228088,108
2022-01-01 00:00:02.543,8,16,2,0,114844,110
2022-01-01 00:00:02.544,7,6,25,1,1297422,108
2022-01-01 00:00:02.545,8,14,2,0,114844,110
2022-01-01 00:00:02.546,8,15,2,0,114844,110
2022-01-01 00:00:02.547,8,15,1,0,34966,110
2022-01-01 00:00:02.548,8,18,2,0,112175,110
2022-01-01 00:00:02.549,7,8,43,3,3232266,108
2022-01-01 00:00:02.550,8,14,2,0,114844,110
2022-01-01 00:00:02.551,6,5,41,2,2144977,108
2022-01-01 00:00:02.552,8,16,2,0,113422,110
2022-01-01 00:00:02.553,7,6,9,0,275733,108
2022-01-01 00:00:02.554,8,14,1,0,80266,110
2022-01-01 00:00:02.555,8,15,3,0,149422,110
2022-01-01 00:00:02.556,8,15,1,0,80266,110
2022-01-01 00:00:02.557,8,14,4,0,129600,110
2022-01-01 00:00:02.558,8,14,2,0,114844,110
2022-01-01 00:00:02.559,8,16,2,0,114844,110
2022-01-01 00:00:02.560,9,17,1,0,33155,110
2022-01-01 00:00:02.561,8,12,2,0,113422,110
2022-01-01 00:00:02.562,8,15,2,0,114844,110
2022-01-01 00:00:02.563,7,15,2,0,114844,110
2022-01-01 00:00:02.564,8,15,2,0,116266,110
2022-01-01 00:00:02.565,8,15,2,0,114844,110
2022-01-01 00:00:02.566,8,15,1,0,80266,110
2022-01-01 00:00:02.567,8,16,2,0,114844,110
2022-01-01 00:00:02.568,8,14,2,0,120533,110
2022-01-01 00:00:02.569,8,17,2,0,113422,110
2022-01-01 00:00:02.570,8,14,1,0,34577,110
2022-01-01 00:00:02.571,8,6,1,0,6666,108
2022-01-01 00:00:02.572,8,18,2,0,113422,110
2022-01-01 00:00:02.573,8,8,6,0,285511,108
2022-01-01 00:00:02.574,9,10,2,0,128711,108
2022-01-01 00:00:02.575,8,8,6,2,245866,108
2022-01-01 00:00:02.576,7,9,9,0,708177,108
2022-01-01 00:00:02.577,9,9,5,0,176266,108
2022-01-01 00:00:02.578,7,10,15,0,1159555,108
2022-01-01 00:00:02.579,8,9,2,0,130488,108
2022-01-01 00:00:02.580,7,8,62,3,5136533,108
2022-01-01 00:00:02.581,8,6,9,1,503733,108
2022-01-01 00:00:02.582,7,6,1,0,6666,108
2022-01-01 00:00:02.583,8,9,6,0,411022,108
2022-01-01 00:00:02.584,8,7,7,0,314400,108
2022-01-01 00:00:02.585,8,3,1,0,19288,108
2022-01-01 00:00:02.586,8,6,2,0,75911,108
2022-01-01 00:00:02.587,8,6,1,0,6666,108
2022-01-01 00:00:02.588,6,6,28,0,1680711,108
2022-01-01 00:00:02.589,6,6,60,5,3776800,108
2022-01-01 00:00:02.590,6,5,37,3,1996177,108
2022-01-01 00:00:02.591,6,5,43,6,2535733,108
2022-01-01 00:00:02.592,5,4,34,2,1509333,108
2022-01-01 00:00:02.593,6,5,45,2,2294666,108
2022-01-01 00:00:02.594,7,8,41,1,3113511,108
2022-01-01 00:00:02.595,6,5,40,1,2235022,108
2022-01-01 00:00:02.596,6,5,48,1,2647288,108
2022-01-01 00:00:02.597,6,5,47,2,2499111,108
2022-01-01 00:00:02.598,6,4,53,4,2278044,108
2022-01-01 00:00:02.599,6,5,48,4,2040800,108
2022-01-01 00:00:02.600,6,3,57,4,1775111,108
2022-01-01 00:00:02.601,6,5,45,7,2238222,108
2022-01-01 00:00:02.602,7,7,50,2,3082577,108
2022-01-01 00:00:02.603,6,5,42,1,2248615,108
2022-01-01 00:00:02.604,5,4,23,2,1022112,108
2022-01-01 00:00:02.605,8,6,3,0,50577,108
2022-01-01 00:00:02.606,8,0,1,0,5600,108
2022-01-01 00:00:02.607,8,7,1,0,7911,108
2022-01-01 00:00:02.608,8,6,3,0,79730,108
2022-01-01 00:00:02.609,9,0,1,0,8977,108
2022-01-01 00:00:02.610,8,9,6,1,411377,108
2022-01-01 00:00:02.611,8,3,1,0,5600,108
2022-01-01 00:00:02.612,8,11,15,0,1536800,108
2022-01-01 00:00:02.613,8,10,8,1,783466,108
2022-01-01 00:00:02.614,8,8,1,0,18577,108
2022-01-01 00:00:02.615,9,12,1,0,6417,108
2022-01-01 00:00:02.616,7,5,2,0,65955,108
2022-01-01 00:00:02.617,8,0,1,0,6741,108
2022-01-01 00:00:02.618,7,6,5,0,332888,108
2022-01-01 00:00:02.619,7,8,21,3,1346666,108
2022-01-01 00:00:02.620,6,4,61,3,2474755,108
2022-01-01 00:00:02.621,6,5,33,3,1452177,108
2022-01-01 00:00:02.622,6,6,34,4,2019377,108
2022-01-01 00:00:02.623,7,6,24,2,1430844,108
2022-01-01 00:00:02.624,6,6,36,1,2296711,108
2022-01-01 00:00:02.625,6,4,41,2,1817955,108
2022-01-01 00:00:02.626,7,6,39,2,2229066,108
2022-01-01 00:00:02.627,6,5,21,2,1216800,108
2022-01-01 00:00:02.628,8,3,3,0,90222,108
2022-01-01 00:00:02.629,8,0,1,0,622,108
2022-01-01 00:00:02.630,8,4,1,0,7022,108
2022-01-01 00:00:02.631,8,3,1,0,5600,108
2022-01-01 00:00:02.632,9,9,2,0,65066,108
2022-01-01 00:00:02.633,8,0,1,0,6666,108
2022-01-01 00:00:02.634,8,6,6,0,335733,108
2022-01-01 00:00:02.635,6,6,21,1,1348888,108
2022-01-01 00:00:02.636,6,4,55,4,2283466,108
2022-01-01 00:00:02.637,6,6,27,3,1469866,108
2022-01-01 00:00:02.638,6,5,34,0,1736177,108
2022-01-01 00:00:02.639,6,5,37,4,2064800,108
2022-01-01 00:00:02.640,6,4,21,2,919911,108
2022-01-01 00:00:02.641,8,9,14,4,1030755,108
2022-01-01 00:00:02.642,8,9,2,0,130488,108
2022-01-01 00:00:02.643,8,6,1,0,20711,108
2022-01-01 00:00:02.644,9,11,1,0,5600,108
2022-01-01 00:00:02.645,8,7,1,0,7911,108
2022-01-01 00:00:02.646,7,4,4,0,83377,108
2022-01-01 00:00:02.647,8,4,1,1,7022,108
2022-01-01 00:00:02.648,8,7,4,0,203733,108
2022-01-01 00:00:02.649,8,9,9,2,620177,108
2022-01-01 00:00:02.650,7,6,26,4,1638222,108
2022-01-01 00:00:02.651,5,4,37,3,1633955,108
2022-01-01 00:00:02.652,6,4,40,3,1848177,108
2022-01-01 00:00:02.653,6,6,24,1,1312355,108
2022-01-01 00:00:02.654,6,4,38,2,1977066,108
2022-01-01 00:00:02.655,6,4,36,1,1692800,108
2022-01-01 00:00:02.656,6,4,35,3,1596000,108
2022-01-01 00:00:02.657,5,4,31,5,1258222,108
2022-01-01 00:00:02.658,6,5,32,4,1533155,108
2022-01-01 00:00:02.659,6,6,33,4,1910933,108
2022-01-01 00:00:02.660,6,6,33,5,1754755,108
2022-01-01 00:00:02.661,6,6,35,1,1962755,108
2022-01-01 00:00:02.662,6,9,24,5,2096000,108
2022-01-01 00:00:02.663,7,6,24,6,1429333,108
2022-01-01 00:00:02.664,7,9,26,3,2154844,108
2022-01-01 00:00:02.665,7,6,33,3,2046666,108
2022-01-01 00:00:02.666,6,6,30,2,1803733,108
2022-01-01 00:00:02.667,6,4,39,3,1385333,108
2022-01-01 00:00:02.668,6,5,37,4,1648977,108
2022-01-01 00:00:02.669,7,6,31,5,1868711,108
2022-01-01 00:00:02.670,6,4,28,2,1260088,108
2022-01-01 00:00:02.671,6,3,33,1,1258044,108
2022-01-01 00:00:02.672,6,2,41,0,986044,108
2022-01-01 00:00:02.673,7,5,35,3,1876177,108
2022-01-01 00:00:02.674,6,3,38,1,1507692,108
2022-01-01 00:00:02.675,7,7,34,2,2319730,108
2022-01-01 00:00:02.676,7,5,28,2,1515733,108
2022-01-01 00:00:02.677,7,6,33,1,2032622,108
2022-01-01 00:00:02.678,6,4,42,4,1814933,108
2022-01-01 00:00:02.679,6,4,28,0,1024000,108
2022-01-01 00:00:02.680,7,4,38,4,1503822,108
2022-01-01 00:00:02.681,6,4,37,4,1501244,108
2022-01-01 00:00:02.682,6,3,31,5,1296622,108
2022-01-01 00:00:02.683,6,3,40,3,1407288,108
2022-01-01 00:00:02.684,6,3,34,1,1265244,108
2022-01-01 00:00:02.685,6,3,34,3,1270933,108
2022-01-01 00:00:02.686,6,3,39,2,1362044,108
2022-01-01 00:00:02.687,6,3,36,7,1276088,108
2022-01-01 00:00:02.688,7,5,35,4,2076355,108
2022-01-01 00:00:02.689,6,5,37,3,1769866,108
2022-01-01 00:00:02.690,6,6,29,0,1929333,108
2022-01-01 00:00:02.691,7,4,30,1,1367550,108
2022-01-01 00:00:02.692,7,4,38,2,1709978,108
2022-01-01 00:00:02.693,7,6,34,1,2049155,108
2022-01-01 00:00:02.694,7,5,30,0,1608888,108
2022-01-01 00:00:02.695,7,4,33,1,1441866,108
2022-01-01 00:00:02.696,6,3,38,1,1465494,108
2022-01-01 00:00:02.697,7,5,25,2,1476943,108
2022-01-01 00:00:02.698,7,5,41,1,2125244,108
2022-01-01 00:00:02.699,6,3,33,5,1215111,108
2022-01-01 00:00:02.700,6,3,38,1,1524444,108
2022-01-01 00:00:02.701,5,0,26,2,654044,108
2022-01-01 00:00:02.702,6,3,46,0,1635377,108
2022-01-01 00:00:02.703,6,4,36,1,1552000,108
2022-01-01 00:00:02.704,7,5,34,3,1916266,108
2022-01-01 00:00:02.705,6,3,37,1,1437600,108
2022-01-01 00:00:02.706,7,5,37,2,2013955,108
2022-01-01 00:00:02.707,7,4,32,1,1526222,108
2022-01-01 00:00:02.708,7,4,36,2,1634577,108
2022-01-01 00:00:02.709,5,2,35,0,1067644,108
2022-01-01 00:00:02.710,6,4,33,3,1312444,108
2022-01-01 00:00:02.711,6,5,42,0,2033422,108
2022-01-01 00:00:02.712,7,6,36,3,2147200,108
2022-01-01 00:00:02.713,7,6,22,6,1364088,108
2022-01-01 00:00:02.714,6,2,42,4,1216711,108
2022-01-01 00:00:02.715,6,3,39,2,1386933,108
2022-01-01 00:00:02.716,6,1,41,2,983022,108
2022-01-01 00:00:02.717,6,3,43,2,1378755,108
2022-01-01 00:00:02.718,6,4,32,5,1322311,108
2022-01-01 00:00:02.719,6,3,36,1,1379022,108
2022-01-01 00:00:02.720,6,3,30,0,1102755,108
2022-01-01 00:00:02.721,8,6,1,0,20711,108
2022-01-01 00:00:02.722,8,6,1,0,6666,108
2022-01-01 00:00:02.723,7,3,4,1,73777,108
2022-01-01 00:00:02.724,7,4,8,0,333688,108
2022-01-01 00:00:02.725,8,3,3,0,76888,108
2022-01-01 00:00:02.726,8,6,1,0,5600,108
2022-01-01 00:00:02.727,7,6,45,1,2872266,108
2022-01-01 00:00:02.728,6,2,39,1,1132355,108
2022-01-01 00:00:02.729,7,5,39,1,1971644,108
2022-01-01 00:00:02.730,7,4,3,0,145866,108
2022-01-01 00:00:02.731,8,5,2,2,15111,108
2022-01-01 00:00:02.732,8,5,11,0,408266,108
2022-01-01 00:00:02.733,9,3,1,1,5600,108
2022-01-01 00:00:02.734,7,6,16,3,1085511,108
2022-01-01 00:00:02.735,6,2,56,3,1520711,108
2022-01-01 00:00:02.736,7,4,38,0,1740622,108
2022-01-01 00:00:02.737,6,4,7,2,275111,108
2022-01-01 00:00:02.738,8,4,1,0,7022,108
2022-01-01 00:00:02.739,8,6,3,0,173600,108
2022-01-01 00:00:02.740,7,4,5,0,230488,108
2022-01-01 00:00:02.741,8,0,1,0,8977,108
2022-01-01 00:00:02.742,7,5,31,2,1787822,108
2022-01-01 00:00:02.743,6,2,42,0,1069866,108
2022-01-01 00:00:02.744,6,2,43,1,1042755,108
2022-01-01 00:00:02.745,7,3,39,1,1343560,108
2022-01-01 00:00:02.746,8,6,4,0,149274,108
2022-01-01 00:00:02.747,8,6,1,0,6666,108
2022-01-01 00:00:02.748,8,6,5,0,330755,108
2022-01-01 00:00:02.749,7,4,34,1,1550382,108
2022-01-01 00:00:02.750,6,3,52,2,2010755,108
2022-01-01 00:00:02.751,6,4,37,0,1453450,108
2022-01-01 00:00:02.752,4,1,35,3,919733,108
2022-01-01 00:00:02.753,6,2,50,2,1545168,108
2022-01-01 00:00:02.754,6,3,44,0,1457422,108
2022-01-01 00:00:02.755,6,2,17,0,380444,108
2022-01-01 00:00:02.756,8,6,1,0,6741,108
2022-01-01 00:00:02.757,8,5,4,0,206022,108
2022-01-01 00:00:02.758,8,6,6,0,201318,108
2022-01-01 00:00:02.759,8,3,2,0,11200,108
2022-01-01 00:00:02.760,7,5,43,1,2632703,108
2022-01-01 00:00:02.761,6,5,41,1,1971146,108
2022-01-01 00:00:02.762,7,4,37,1,1711911,108
2022-01-01 00:00:02.763,6,4,27,7,1211868,108
2022-01-01 00:00:02.764,8,4,13,0,550577,108
2022-01-01 00:00:02.765,7,7,4,0,149155,108
2022-01-01 00:00:02.766,8,3,1,0,7555,108
2022-01-01 00:00:02.767,8,6,6,0,337758,108
2022-01-01 00:00:02.768,8,5,3,0,78311,108
2022-01-01 00:00:02.769,8,8,18,0,1384967,108
2022-01-01 00:00:02.770,7,4,33,1,1559200,108
2022-01-01 00:00:02.771,7,4,48,1,2172444,108
2022-01-01 00:00:02.772,7,5,33,4,1668764,108
2022-01-01 00:00:02.773,7,5,30,0,1532307,108
2022-01-01 00:00:02.774,8,4,1,0,14311,108
2022-01-01 00:00:02.775,7,2,1,0,7280,108
2022-01-01 00:00:02.776,7,6,4,0,201494,108
2022-01-01 00:00:02.777,8,8,3,0,128088,108
2022-01-01 00:00:02.778,8,5,3,0,75235,108
2022-01-01 00:00:02.779,8,5,1,0,5538,108
2022-01-01 00:00:02.780,7,6,26,1,1534044,108
2022-01-01 00:00:02.781,6,5,55,1,2893777,108
2022-01-01 00:00:02.782,6,6,17,1,1099822,108
2022-01-01 00:00:02.783,8,7,1,0,16444,108
2022-01-01 00:00:02.784,8,9,2,0,131955,108
2022-01-01 00:00:02.785,8,6,2,0,19733,108
2022-01-01 00:00:02.786,8,4,1,0,7022,108
2022-01-01 00:00:02.787,8,8,1,0,76571,108
2022-01-01 00:00:02.788,8,11,3,0,258400,108
2022-01-01 00:00:02.789,8,9,15,0,1239191,108
2022-01-01 00:00:02.790,8,10,18,0,1530901,108
2022-01-01 00:00:02.791,7,8,2,0,130488,108
2022-01-01 00:00:02.792,8,6,3,0,153078,108
2022-01-01 00:00:02.793,8,4,1,0,6945,108
2022-01-01 00:00:02.794,8,9,4,0,330844,108
2022-01-01 00:00:02.795,7,5,2,0,80177,108
2022-01-01 00:00:02.796,9,10,1,0,5600,108
2022-01-01 00:00:02.797,7,10,27,0,2297866,108
2022-01-01 00:00:02.798,7,9,7,0,540355,108
2022-01-01 00:00:02.799,7,7,3,0,152179,108
2022-01-01 00:00:02.800,8,0,1,0,6741,108
2022-01-01 00:00:02.801,7,8,9,0,500533,108
2022-01-01 00:00:02.802,6,5,6,0,163076,108
2022-01-01 00:00:02.803,8,9,8,0,632000,108
2022-01-01 00:00:02.804,7,7,5,0,237066,108
2022-01-01 00:00:02.805,7,9,14,1,1159911,108
2022-01-01 00:00:02.806,8,0,2,0,126222,108
2022-01-01 00:00:02.807,8,10,14,0,1181333,108
2022-01-01 00:00:02.808,6,6,51,3,3206844,108
2022-01-01 00:00:02.809,7,6,21,1,1328977,108
2022-01-01 00:00:02.810,8,0,1,0,6666,108
2022-01-01 00:00:02.811,8,11,5,1,410577,108
2022-01-01 00:00:02.812,7,6,7,0,263733,108
2022-01-01 00:00:02.813,8,6,1,0,6666,108
2022-01-01 00:00:02.814,8,11,8,0,636088,108
2022-01-01 00:00:02.815,7,6,6,0,245866,108
2022-01-01 00:00:02.816,7,9,18,1,1308622,108
2022-01-01 00:00:02.817,7,10,42,4,3833777,108
2022-01-01 00:00:02.818,7,6,35,0,1817617,108
2022-01-01 00:00:02.819,7,5,2,0,22505,108
2022-01-01 00:00:02.820,8,6,1,0,6666,108
2022-01-01 00:00:02.821,8,8,8,0,420923,108
2022-01-01 00:00:02.822,7,8,6,1,291377,108
2022-01-01 00:00:02.823,8,6,1,0,17155,108
2022-01-01 00:00:02.824,8,0,1,0,8266,108
2022-01-01 00:00:02.825,7,6,2,0,74488,108
2022-01-01 00:00:02.826,8,0,4,0,209155,108
2022-01-01 00:00:02.827,7,8,2,0,130488,108
2022-01-01 00:00:02.828,7,6,7,0,235022,108
2022-01-01 00:00:02.829,8,11,7,0,630844,108
2022-01-01 00:00:02.830,8,6,5,0,238311,108
2022-01-01 00:00:02.831,8,10,15,0,1297155,108
2022-01-01 00:00:02.832,7,9,31,1,2617333,108
2022-01-01 00:00:02.833,7,6,36,3,2396444,108
2022-01-01 00:00:02.834,7,0,6,0,360177,108
2022-01-01 00:00:02.835,8,9,2,0,130488,108
2022-01-01 00:00:02.836,8,8,3,0,146933,108
2022-01-01 00:00:02.837,7,6,1,0,6666,108
2022-01-01 00:00:02.838,8,9,8,1,498666,108
2022-01-01 00:00:02.839,7,6,5,0,184444,108
2022-01-01 00:00:02.840,8,11,7,0,630844,108
2022-01-01 00:00:02.841,8,7,8,0,257777,108
2022-01-01 00:00:02.842,7,10,14,1,1281422,108
2022-01-01 00:00:02.843,7,11,39,5,3830666,108
2022-01-01 00:00:02.844,7,9,23,2,1786400,108
2022-01-01 00:00:02.845,8,6,1,0,20711,108
2022-01-01 00:00:02.846,8,6,1,0,6666,108
2022-01-01 00:00:02.847,7,8,11,1,618400,108
2022-01-01 00:00:02.848,7,6,1,1,6666,108
2022-01-01 00:00:02.849,8,8,5,0,289422,108
2022-01-01 00:00:02.850,8,9,3,0,205066,108
2022-01-01 00:00:02.851,7,3,7,0,189955,108
2022-01-01 00:00:02.852,7,10,43,3,3947288,108
2022-01-01 00:00:02.853,6,5,32,3,1821511,108
2022-01-01 00:00:02.854,6,5,53,3,2785333,108
2022-01-01 00:00:02.855,6,5,30,2,1470933,108
2022-01-01 00:00:02.856,7,6,38,1,2526577,108
2022-01-01 00:00:02.857,7,5,10,0,519191,108
2022-01-01 00:00:02.858,7,6,1,0,6741,108
2022-01-01 00:00:02.859,8,9,2,0,101802,108
2022-01-01 00:00:02.860,7,6,9,0,612000,108
2022-01-01 00:00:02.861,9,9,2,0,119111,108
2022-01-01 00:00:02.862,8,7,1,0,12177,108
2022-01-01 00:00:02.863,8,10,30,0,2932355,108
2022-01-01 00:00:02.864,6,5,51,10,2341600,108
2022-01-01 00:00:02.865,6,3,53,5,1452711,108
2022-01-01 00:00:02.866,6,6,28,2,1630741,108
2022-01-01 00:00:02.867,6,4,28,2,1176263,108
2022-01-01 00:00:02.868,7,5,33,5,1640444,108
2022-01-01 00:00:02.869,6,3,33,1,1368622,108
2022-01-01 00:00:02.870,7,4,41,2,1792088,108
2022-01-01 00:00:02.871,6,4,29,1,1310311,108
2022-01-01 00:00:02.872,6,5,40,1,2105244,108
2022-01-01 00:00:02.873,6,2,32,2,935822,108
2022-01-01 00:00:02.874,6,1,37,2,794044,108
2022-01-01 00:00:02.875,7,4,48,2,2093333,108
2022-01-01 00:00:02.876,6,4,29,3,1309955,108
2022-01-01 00:00:02.877,7,4,39,4,1621600,108
2022-01-01 00:00:02.878,6,3,43,0,1716888,108
2022-01-01 00:00:02.879,5,2,48,5,1695377,108
2022-01-01 00:00:02.880,6,2,62,3,1654933,108
2022-01-01 00:00:02.881,7,6,28,1,1642488,108
2022-01-01 00:00:02.882,7,4,40,2,1889600,108
2022-01-01 00:00:02.883,6,3,39,4,1415022,108
2022-01-01 00:00:02.884,7,5,31,3,1788674,108
2022-01-01 00:00:02.885,7,4,41,1,1635604,108
2022-01-01 00:00:02.886,6,4,41,5,1922933,108
2022-01-01 00:00:02.887,6,1,46,0,1036800,108
2022-01-01 00:00:02.888,6,3,52,3,2033422,108
2022-01-01 00:00:02.889,6,3,45,4,1669777,108
2022-01-01 00:00:02.890,6,4,59,5,2659111,108
2022-01-01 00:00:02.891,6,3,46,1,1797155,108
2022-01-01 00:00:02.892,7,3,45,2,1229600,108
2022-01-01 00:00:02.893,6,4,30,1,1297511,108
2022-01-01 00:00:02.894,6,3,46,3,1488711,108
2022-01-01 00:00:02.895,6,3,35,2,1130577,108
2022-01-01 00:00:02.896,6,2,42,1,1020977,108
2022-01-01 00:00:02.897,5,1,35,2,785688,108
2022-01-01 00:00:02.898,6,2,48,2,1132800,108
2022-01-01 00:00:02.899,6,4,37,1,1662311,108
2022-01-01 00:00:02.900,6,3,44,1,1470222,108
2022-01-01 00:00:02.901,6,4,43,3,1747325,108
2022-01-01 00:00:02.902,7,6,31,0,1800175,108
2022-01-01 00:00:02.903,7,6,29,1,1872977,108
2022-01-01 00:00:02.904,6,5,29,2,1487377,108
2022-01-01 00:00:02.905,6,3,24,19,1145244,108
2022-01-01 00:00:02.906,0,1,1,72,10400,108
2022-01-01 00:00:02.907,8,12,1,0,6488,114
2022-01-01 00:00:02.908,8,14,6,0,633777,114
2022-01-01 00:00:02.909,8,9,3,0,86741,114
2022-01-01 00:00:02.910,8,15,19,11,3042577,114
2022-01-01 00:00:02.911,7,11,33,6,2935555,114
2022-01-01 00:00:02.912,5,10,46,11,4205777,114
2022-01-01 00:00:02.913,5,5,52,10,2139911,114
2022-01-01 00:00:02.914,5,5,71,7,2965483,114
2022-01-01 00:00:02.915,6,7,47,10,2739428,114
2022-01-01 00:00:02.916,6,8,19,7,1168622,114
2022-01-01 00:00:02.917,5,6,28,4,1315644,114
2022-01-01 00:00:02.918,5,5,38,2,1992622,114
2022-01-01 00:00:02.919,6,6,34,4,1841066,114
2022-01-01 00:00:02.920,6,6,32,2,2042133,114
2022-01-01 00:00:02.921,6,6,34,3,2014400,114
2022-01-01 00:00:02.922,6,8,32,4,2317155,114
2022-01-01 00:00:02.923,6,6,27,3,1795555,114
2022-01-01 00:00:02.924,6,8,37,2,2937688,114
2022-01-01 00:00:02.925,5,5,42,6,2266133,114
2022-01-01 00:00:02.926,5,5,50,8,2325422,114
2022-01-01 00:00:02.927,6,6,42,6,2154400,114
2022-01-01 00:00:02.928,7,10,25,5,2304800,114
2022-01-01 00:00:02.929,6,7,24,6,1508800,114
2022-01-01 00:00:02.930,7,9,32,4,2103644,114
2022-01-01 00:00:02.931,7,8,32,1,2516800,114
2022-01-01 00:00:02.932,7,9,33,1,2593866,114
2022-01-01 00:00:02.933,7,7,23,5,1534400,114
2022-01-01 00:00:02.934,8,9,47,6,3568355,114
2022-01-01 00:00:02.935,6,6,57,5,2693955,114
2022-01-01 00:00:02.936,6,3,53,5,1594488,114
2022-01-01 00:00:02.937,7,8,34,1,1990044,114
2022-01-01 00:00:02.938,6,8,33,4,2454133,114
2022-01-01 00:00:02.939,7,5,38,2,1753600,114
2022-01-01 00:00:02.940,6,6,29,3,1420533,114
2022-01-01 00:00:02.941,6,4,48,4,1955911,114
2022-01-01 00:00:02.942,7,6,40,2,2436266,114
2022-01-01 00:00:02.943,6,7,44,2,2323200,114
2022-01-01 00:00:02.944,7,7,44,1,3226133,114
2022-01-01 00:00:02.945,6,5,33,7,1416711,114
2022-01-01 00:00:02.946,6,4,45,4,1562755,114
2022-01-01 00:00:02.947,6,4,59,9,2045066,114
2022-01-01 00:00:02.948,5,3,50,4,1552088,114
2022-01-01 00:00:02.949,7,2,14,0,167200,114
2022-01-01 00:00:02.950,8,6,1,0,6666,114
2022-01-01 00:00:02.951,7,6,8,0,411022,114
2022-01-01 00:00:02.952,7,5,7,3,184622,114
2022-01-01 00:00:02.953,7,6,9,1,525244,114
2022-01-01 00:00:02.954,7,7,4,0,196977,114
2022-01-01 00:00:02.955,5,6,46,3,2986844,114
2022-01-01 00:00:02.956,7,11,16,0,1695822,114
2022-01-01 00:00:02.957,5,1,48,1,953777,114
2022-01-01 00:00:02.958,6,7,40,6,2463644,114
2022-01-01 00:00:02.959,6,6,21,3,1536622,114
2022-01-01 00:00:02.960,7,6,36,1,2288177,114
2022-01-01 00:00:02.961,6,9,25,2,2047377,114
2022-01-01 00:00:02.962,6,6,26,4,1513955,114
2022-01-01 00:00:02.963,6,5,32,1,1786844,114
2022-01-01 00:00:02.964,6,5,29,4,1663200,114
2022-01-01 00:00:02.965,6,6,36,1,2049422,114
2022-01-01 00:00:02.966,6,4,34,3,1556000,114
2022-01-01 00:00:02.967,7,5,19,2,868800,114
2022-01-01 00:00:02.968,9,10,2,0,128711,114
2022-01-01 00:00:02.969,8,9,1,0,15733,114
2022-01-01 00:00:02.970,8,6,1,0,6666,114
2022-01-01 00:00:02.971,8,8,1,0,5600,114
2022-01-01 00:00:02.972,8,10,12,0,1024711,114
2022-01-01 00:00:02.973,7,7,43,5,3136800,114
2022-01-01 00:00:02.974,7,5,21,1,1058844,114
2022-01-01 00:00:02.975,7,3,2,0,7288,114
2022-01-01 00:00:02.976,7,7,16,0,731822,114
2022-01-01 00:00:02.977,7,6,1,0,6666,114
2022-01-01 00:00:02.978,8,7,6,0,394488,114
2022-01-01 00:00:02.979,8,9,4,1,245866,114
2022-01-01 00:00:02.980,8,9,9,0,580355,114
2022-01-01 00:00:02.981,6,8,57,1,3694844,114
2022-01-01 00:00:02.982,6,5,47,6,2355466,114
2022-01-01 00:00:02.983,6,4,61,3,2555466,114
2022-01-01 00:00:02.984,7,9,30,3,2125866,114
2022-01-01 00:00:02.985,7,6,24,3,1641422,114
2022-01-01 00:00:02.986,6,6,43,5,2345333,114
2022-01-01 00:00:02.987,6,5,31,3,1369600,114
2022-01-01 00:00:02.988,7,9,22,6,1707022,114
2022-01-01 00:00:02.989,7,5,33,2,1946755,114
2022-01-01 00:00:02.990,6,4,38,0,1655555,114
2022-01-01 00:00:02.991,6,6,25,4,1454133,114
2022-01-01 00:00:02.992,7,5,42,2,1948088,114
2022-01-01 00:00:02.993,7,4,34,2,1520444,114
2022-01-01 00:00:02.994,7,3,8,0,298311,114
2022-01-01 00:00:02.995,8,20,1,0,53066,112
2022-01-01 00:00:02.996,9,20,1,0,53066,112
2022-01-01 00:00:02.997,8,20,1,0,52483,112
2022-01-01 00:00:02.998,8,20,1,0,53662,112
2022-01-01 00:00:02.999,7,20,1,0,53662,112
2022-01-01 00:00:03.000,8,12,1,0,6488,112
2022-01-01 00:00:03.001,8,17,4,0,476533,112
2022-01-01 00:00:03.002,8,18,5,0,250844,112
2022-01-01 00:00:03.003,7,18,5,0,639111,112
2022-01-01 00:00:03.004,8,17,3,0,234133,112
2022-01-01 00:00:03.005,8,20,9,0,1319288,112
2022-01-01 00:00:03.006,8,19,32,0,5560000,112
2022-01-01 00:00:03.007,7,21,1,0,127200,112
2022-01-01 00:00:03.008,8,18,1,0,21422,112
2022-01-01 00:00:03.009,8,20,1,0,53066,112
2022-01-01 00:00:03.010,7,20,1,0,53066,112
2022-01-01 00:00:03.011,7,12,1,0,6488,112
2022-01-01 00:00:03.012,8,19,4,0,503911,112
2022-01-01 00:00:03.013,8,17,6,0,189688,112
2022-01-01 00:00:03.014,8,21,4,0,703733,112
2022-01-01 00:00:03.015,7,15,3,0,192355,112
2022-01-01 00:00:03.016,8,20,8,0,1347911,112
2022-01-01 00:00:03.017,8,20,31,0,5482844,112
2022-01-01 00:00:03.018,8,14,4,0,153422,112
2022-01-01 00:00:03.019,7,11,1,0,5600,112
2022-01-01 00:00:03.020,7,20,1,0,52483,112
2022-01-01 00:00:03.021,8,12,1,0,6488,112
2022-01-01 00:00:03.022,8,21,2,0,417866,112
2022-01-01 00:00:03.023,7,18,4,0,187200,112
2022-01-01 00:00:03.024,8,16,3,0,143555,112
2022-01-01 00:00:03.025,8,12,1,0,6488,112
2022-01-01 00:00:03.026,8,18,3,0,412800,112
2022-01-01 00:00:03.027,7,14,7,0,254933,112
2022-01-01 00:00:03.028,7,18,4,0,514400,112
2022-01-01 00:00:03.029,8,21,3,0,198844,112
2022-01-01 00:00:03.030,7,14,3,0,168000,112
2022-01-01 00:00:03.031,7,19,6,0,1052355,112
2022-01-01 00:00:03.032,8,0,2,0,254755,112
2022-01-01 00:00:03.033,7,18,22,0,2887555,112
2022-01-01 00:00:03.034,8,19,19,0,2672088,112
2022-01-01 00:00:03.035,7,18,2,0,102044,112
2022-01-01 00:00:03.036,8,12,1,0,6488,112
2022-01-01 00:00:03.037,7,16,7,0,502311,112
2022-01-01 00:00:03.038,8,20,33,0,5269866,112
2022-01-01 00:00:03.039,7,21,16,0,3652800,112
2022-01-01 00:00:03.040,8,21,21,0,3809600,112
2022-01-01 00:00:03.041,8,21,14,0,3183288,112
2022-01-01 00:00:03.042,8,21,12,0,2851200,112
2022-01-01 00:00:03.043,7,21,13,0,3071733,112
2022-01-01 00:00:03.044,8,21,15,0,3564000,112
2022-01-01 00:00:03.045,8,21,8,1,1655466,112
2022-01-01 00:00:03.046,7,17,2,0,144355,112
2022-01-01 00:00:03.047,8,12,1,0,6417,112
2022-01-01 00:00:03.048,7,18,6,0,718488,112
2022-01-01 00:00:03.049,8,11,1,0,5600,112
2022-01-01 00:00:03.050,8,18,3,0,111733,112
2022-01-01 00:00:03.051,8,20,42,1,6588177,112
2022-01-01 00:00:03.052,7,21,22,1,4329066,112
2022-01-01 00:00:03.053,8,21,23,0,5043466,112
2022-01-01 00:00:03.054,8,21,20,2,3610067,112
2022-01-01 00:00:03.055,8,21,25,0,4147340,112
2022-01-01 00:00:03.056,7,21,23,0,4563466,112
2022-01-01 00:00:03.057,8,21,20,0,3858488,112
2022-01-01 00:00:03.058,7,21,15,0,3273066,112
2022-01-01 00:00:03.059,8,21,18,0,3759733,112
2022-01-01 00:00:03.060,9,20,21,1,4100888,112
2022-01-01 00:00:03.061,7,21,14,0,3094577,112
2022-01-01 00:00:03.062,8,21,12,0,2825600,112
2022-01-01 00:00:03.063,8,21,15,0,3186400,112
2022-01-01 00:00:03.064,8,21,19,0,3589511,112
2022-01-01 00:00:03.065,7,21,17,0,3656800,112
2022-01-01 00:00:03.066,8,21,16,0,3569777,112
2022-01-01 00:00:03.067,7,21,17,0,3416800,112
2022-01-01 00:00:03.068,8,21,18,0,3640711,112
2022-01-01 00:00:03.069,8,21,12,0,2842666,112
2022-01-01 00:00:03.070,8,21,17,0,3806311,112
2022-01-01 00:00:03.071,8,21,15,0,3283377,112
2022-01-01 00:00:03.072,7,21,17,0,3584088,112
2022-01-01 00:00:03.073,8,21,15,0,3364266,112
2022-01-01 00:00:03.074,7,19,3,0,515200,112
2022-01-01 00:00:03.075,8,0,1,0,17155,112
2022-01-01 00:00:03.076,7,15,2,0,61688,112
2022-01-01 00:00:03.077,7,18,5,0,410755,112
2022-01-01 00:00:03.078,8,21,1,0,156800,112
2022-01-01 00:00:03.079,7,16,2,0,217600,112
2022-01-01 00:00:03.080,8,18,1,0,10755,112
2022-01-01 00:00:03.081,8,12,1,0,6488,112
2022-01-01 00:00:03.082,8,18,3,0,387200,112
2022-01-01 00:00:03.083,8,18,2,0,23644,112
2022-01-01 00:00:03.084,7,15,5,0,246222,112
2022-01-01 00:00:03.085,7,19,10,0,857422,112
2022-01-01 00:00:03.086,8,18,8,0,862844,112
2022-01-01 00:00:03.087,8,0,3,0,458488,112
2022-01-01 00:00:03.088,8,20,29,1,4638577,112
2022-01-01 00:00:03.089,7,20,6,0,1005422,112
2022-01-01 00:00:03.090,7,12,1,0,6488,112
2022-01-01 00:00:03.091,8,17,2,0,426400,112
2022-01-01 00:00:03.092,7,15,7,0,292977,112
2022-01-01 00:00:03.093,8,20,3,0,388711,112
2022-01-01 00:00:03.094,8,21,1,0,127200,112
2022-01-01 00:00:03.095,8,17,5,0,371200,112
2022-01-01 00:00:03.096,8,11,3,0,16800,112
2022-01-01 00:00:03.097,7,21,6,0,1281066,112
2022-01-01 00:00:03.098,8,19,37,1,5623288,112
2022-01-01 00:00:03.099,8,11,2,0,15911,112
2022-01-01 00:00:03.100,8,12,1,0,6488,112
2022-01-01 00:00:03.101,8,17,3,0,412800,112
2022-01-01 00:00:03.102,7,18,4,0,235644,112
2022-01-01 00:00:03.103,8,19,20,1,2386222,112
2022-01-01 00:00:03.104,7,18,21,1,2352266,112
2022-01-01 00:00:03.105,8,12,1,0,6488,112
2022-01-01 00:00:03.106,8,18,5,0,592355,112
2022-01-01 00:00:03.107,7,15,1,0,9333,112
2022-01-01 00:00:03.108,8,15,1,0,5600,112
2022-01-01 00:00:03.109,8,11,3,0,68355,112
2022-01-01 00:00:03.110,7,12,1,0,6488,112
2022-01-01 00:00:03.111,8,21,5,0,413244,112
2022-01-01 00:00:03.112,8,17,6,0,360444,112
2022-01-01 00:00:03.113,7,20,37,1,6609333,112
2022-01-01 00:00:03.114,8,20,10,0,2350400,112
2022-01-01 00:00:03.115,7,11,2,0,16355,112
2022-01-01 00:00:03.116,8,2,1,0,7200,112
2022-01-01 00:00:03.117,8,11,1,0,5600,112
2022-01-01 00:00:03.118,8,21,2,0,441333,112
2022-01-01 00:00:03.119,7,15,5,0,103111,112
2022-01-01 00:00:03.120,8,21,8,0,1524711,112
2022-01-01 00:00:03.121,8,20,14,0,2447822,112
2022-01-01 00:00:03.122,7,18,1,0,10755,112
2022-01-01 00:00:03.123,8,12,1,0,6488,112
2022-01-01 00:00:03.124,7,18,4,0,637600,112
2022-01-01 00:00:03.125,8,12,2,0,80533,112
2022-01-01 00:00:03.126,8,15,4,0,268977,112
2022-01-01 00:00:03.127,7,11,2,0,11200,112
2022-01-01 00:00:03.128,8,12,1,0,6488,112
2022-01-01 00:00:03.129,8,16,2,0,243200,112
2022-01-01 00:00:03.130,7,21,2,0,167466,112
2022-01-01 00:00:03.131,8,13,6,0,248800,112
2022-01-01 00:00:03.132,7,18,1,0,53662,112
2022-01-01 00:00:03.133,7,19,9,0,915252,112
2022-01-01 00:00:03.134,9,19,11,0,1362488,112
2022-01-01 00:00:03.135,8,0,1,0,55200,112
2022-01-01 00:00:03.136,8,20,1,0,53066,112
2022-01-01 00:00:03.137,7,20,1,0,53066,112
2022-01-01 00:00:03.138,8,18,42,0,5519822,112
2022-01-01 00:00:03.139,7,17,3,0,155111,112
2022-01-01 00:00:03.140,8,20,1,0,53066,112
2022-01-01 00:00:03.141,8,16,2,0,59555,112
2022-01-01 00:00:03.142,8,21,2,0,426400,112
2022-01-01 00:00:03.143,7,13,7,0,337333,112
2022-01-01 00:00:03.144,7,20,1,0,53066,112
2022-01-01 00:00:03.145,7,12,1,0,6488,112
2022-01-01 00:00:03.146,8,16,3,0,283466,112
2022-01-01 00:00:03.147,8,21,1,0,127200,112
2022-01-01 00:00:03.148,8,16,4,0,140266,112
2022-01-01 00:00:03.149,8,21,1,0,101600,112
2022-01-01 00:00:03.150,7,20,1,0,53066,112
2022-01-01 00:00:03.151,8,21,1,0,101600,112
2022-01-01 00:00:03.152,7,12,1,0,6488,112
2022-01-01 00:00:03.153,8,18,4,0,637600,112
2022-01-01 00:00:03.154,7,17,5,0,232444,112
2022-01-01 00:00:03.155,8,19,10,0,1294133,112
2022-01-01 00:00:03.156,8,20,1,0,53066,112
2022-01-01 00:00:03.157,8,19,39,0,5245155,112
2022-01-01 00:00:03.158,7,18,3,0,398755,112
2022-01-01 00:00:03.159,8,16,2,0,59555,112
2022-01-01 00:00:03.160,8,21,3,0,408711,112
2022-01-01 00:00:03.161,7,15,4,0,328888,112
2022-01-01 00:00:03.162,8,14,1,0,17155,112
2022-01-01 00:00:03.163,8,20,1,0,53066,112
2022-01-01 00:00:03.164,7,20,1,0,53066,112
2022-01-01 00:00:03.165,7,20,1,0,53066,112
2022-01-01 00:00:03.166,8,15,2,0,59555,112
2022-01-01 00:00:03.167,8,15,3,0,446933,112
2022-01-01 00:00:03.168,7,9,4,0,37333,112
2022-01-01 00:00:03.169,7,20,25,0,3112711,112
2022-01-01 00:00:03.170,8,20,31,0,5185155,112
2022-01-01 00:00:03.171,7,21,14,1,3326400,112
2022-01-01 00:00:03.172,7,21,17,0,3807377,112
2022-01-01 00:00:03.173,8,21,22,0,4763555,112
2022-01-01 00:00:03.174,8,21,9,0,2104266,112
2022-01-01 00:00:03.175,8,14,2,0,16355,112
2022-01-01 00:00:03.176,8,0,1,0,6488,112
2022-01-01 00:00:03.177,7,17,3,0,446666,112
2022-01-01 00:00:03.178,8,11,3,0,36711,112
2022-01-01 00:00:03.179,7,20,2,0,63111,112
2022-01-01 00:00:03.180,8,20,1,0,53066,112
2022-01-01 00:00:03.181,8,20,1,0,53066,112
2022-01-01 00:00:03.182,8,20,1,0,53066,112
2022-01-01 00:00:03.183,8,17,3,0,111733,112
2022-01-01 00:00:03.184,7,20,1,0,53066,112
2022-01-01 00:00:03.185,8,11,3,0,246311,112
2022-01-01 00:00:03.186,8,17,2,0,123377,112
2022-01-01 00:00:03.187,7,19,26,1,5463466,112
2022-01-01 00:00:03.188,8,20,15,0,2907733,112
2022-01-01 00:00:03.189,8,21,22,1,4557333,112
2022-01-01 00:00:03.190,8,21,13,0,3088800,112
2022-01-01 00:00:03.191,7,21,16,0,3801600,112
2022-01-01 00:00:03.192,8,21,17,0,4013600,112
2022-01-01 00:00:03.193,7,21,14,1,3317866,112
2022-01-01 00:00:03.194,8,21,16,1,3784533,112
2022-01-01 00:00:03.195,8,20,14,0,2924622,112
2022-01-01 00:00:03.196,7,0,1,0,127200,112
2022-01-01 00:00:03.197,8,16,3,0,143022,112
2022-01-01 00:00:03.198,8,11,1,0,5600,112
2022-01-01 00:00:03.199,7,11,3,0,246311,112
2022-01-01 00:00:03.200,8,13,3,0,81866,112
2022-01-01 00:00:03.201,8,18,4,0,669600,112
2022-01-01 00:00:03.202,8,20,1,0,53066,112
2022-01-01 00:00:03.203,8,21,1,0,127200,112
2022-01-01 00:00:03.204,8,9,1,0,5066,112
2022-01-01 00:00:03.205,7,12,1,0,6488,112
2022-01-01 00:00:03.206,7,16,4,0,484533,112
2022-01-01 00:00:03.207,8,15,4,1,182844,112
2022-01-01 00:00:03.208,8,21,2,0,394400,112
2022-01-01 00:00:03.209,8,20,2,0,245866,112
2022-01-01 00:00:03.210,7,16,2,0,77333,112
2022-01-01 00:00:03.211,8,17,4,0,165955,112
2022-01-01 00:00:03.212,8,19,9,0,1161422,112
2022-01-01 00:00:03.213,7,21,1,0,127200,112
2022-01-01 00:00:03.214,8,20,32,1,5608977,112
2022-01-01 00:00:03.215,8,12,2,0,22755,112
2022-01-01 00:00:03.216,8,0,1,0,6488,112
2022-01-01 00:00:03.217,8,20,3,0,413600,112
2022-01-01 00:00:03.218,8,17,6,0,255288,112
2022-01-01 00:00:03.219,8,12,1,0,6488,112
2022-01-01 00:00:03.220,7,18,5,0,704177,112
2022-01-01 00:00:03.221,8,15,4,0,182311,112
2022-01-01 00:00:03.222,7,17,10,0,1297600,112
2022-01-01 00:00:03.223,9,19,11,0,1759822,112
2022-01-01 00:00:03.224,7,20,38,0,5744266,112
2022-01-01 00:00:03.225,8,21,16,0,3072703,112
2022-01-01 00:00:03.226,8,20,1,0,26337,112
2022-01-01 00:00:03.227,7,12,1,0,6488,112
2022-01-01 00:00:03.228,8,19,6,0,736977,112
2022-01-01 00:00:03.229,8,9,2,0,21333,112
2022-01-01 00:00:03.230,8,12,1,0,6417,112
2022-01-01 00:00:03.231,7,15,6,0,509752,112
2022-01-01 00:00:03.232,8,18,3,0,165422,112
2022-01-01 00:00:03.233,8,18,5,0,622505,112
2022-01-01 00:00:03.234,8,16,6,0,230844,112
2022-01-01 00:00:03.235,8,19,11,1,1311550,112
2022-01-01 00:00:03.236,7,19,30,0,3970222,112
2022-01-01 00:00:03.237,8,19,11,0,1709213,112
2022-01-01 00:00:03.238,7,0,1,0,5538,112
2022-01-01 00:00:03.239,8,12,1,0,6488,112
2022-01-01 00:00:03.240,7,21,4,0,518202,112
2022-01-01 00:00:03.241,8,19,3,0,231560,112
2022-01-01 00:00:03.242,8,11,1,0,5600,112
2022-01-01 00:00:03.243,8,15,1,0,19505,112
2022-01-01 00:00:03.244,7,21,2,0,182505,112
2022-01-01 00:00:03.245,8,21,3,0,255911,112
2022-01-01 00:00:03.246,8,16,2,0,87822,112
2022-01-01 00:00:03.247,8,12,2,0,14561,112
2022-01-01 00:00:03.248,8,12,1,0,6417,112
2022-01-01 00:00:03.249,8,11,1,0,5600,112
2022-01-01 00:00:03.250,7,19,1,0,23911,112
2022-01-01 00:00:03.251,8,18,3,0,386247,112
2022-01-01 00:00:03.252,8,14,7,0,248444,112
2022-01-01 00:00:03.253,8,20,6,0,498813,112
2022-01-01 00:00:03.254,8,21,1,0,128629,112
2022-01-01 00:00:03.255,8,16,4,0,224439,112
2022-01-01 00:00:03.256,8,18,8,0,844622,112
2022-01-01 00:00:03.257,8,21,3,0,348088,112
2022-01-01 00:00:03.258,8,20,2,0,106133,112
2022-01-01 00:00:03.259,7,20,2,0,53978,112
2022-01-01 00:00:03.260,8,20,1,0,53066,112
2022-01-01 00:00:03.261,7,20,1,0,53066,112
2022-01-01 00:00:03.262,8,18,1,0,55200,112
2022-01-01 00:00:03.263,8,21,1,0,127200,112
2022-01-01 00:00:03.264,8,19,6,0,650044,112
2022-01-01 00:00:03.265,7,18,34,2,4706222,112
2022-01-01 00:00:03.266,8,19,5,0,436533,112
2022-01-01 00:00:03.267,7,18,1,0,21422,112
2022-01-01 00:00:03.268,8,16,2,0,59555,112
2022-01-01 00:00:03.269,8,18,5,0,413422,112
2022-01-01 00:00:03.270,7,18,5,0,233155,112
2022-01-01 00:00:03.271,8,18,25,1,3255111,112
2022-01-01 00:00:03.272,7,20,9,0,1490933,112
2022-01-01 00:00:03.273,8,20,1,0,53066,112
2022-01-01 00:00:03.274,7,12,1,0,6488,112
2022-01-01 00:00:03.275,7,16,5,0,498666,112
2022-01-01 00:00:03.276,8,20,29,1,4887200,112
2022-01-01 00:00:03.277,8,20,20,0,3613688,112
2022-01-01 00:00:03.278,7,21,26,0,4439466,112
2022-01-01 00:00:03.279,8,21,20,0,3699200,112
2022-01-01 00:00:03.280,8,21,19,0,3868000,112
2022-01-01 00:00:03.281,8,21,14,0,3300800,112
2022-01-01 00:00:03.282,7,21,14,0,3269066,112
2022-01-01 00:00:03.283,8,20,1,0,53066,112
2022-01-01 00:00:03.284,8,19,2,0,137955,112
2022-01-01 00:00:03.285,8,20,1,0,53066,112
2022-01-01 00:00:03.286,8,12,1,0,6488,112
2022-01-01 00:00:03.287,8,20,6,0,627822,112
2022-01-01 00:00:03.288,8,21,1,0,102741,112
2022-01-01 00:00:03.289,7,12,1,0,6417,112
2022-01-01 00:00:03.290,8,16,5,0,704177,112
2022-01-01 00:00:03.291,7,17,4,0,174311,112
2022-01-01 00:00:03.292,8,18,8,0,1298577,112
2022-01-01 00:00:03.293,8,19,32,1,4286400,112
2022-01-01 00:00:03.294,7,20,9,0,1341511,112
2022-01-01 00:00:03.295,8,0,1,0,21422,112
2022-01-01 00:00:03.296,8,20,1,0,53066,112
2022-01-01 00:00:03.297,8,20,1,0,53066,112
2022-01-01 00:00:03.298,8,0,1,0,6488,112
2022-01-01 00:00:03.299,8,17,7,0,736355,112
2022-01-01 00:00:03.300,8,20,1,0,53066,112
2022-01-01 00:00:03.301,8,0,1,0,53066,112
2022-01-01 00:00:03.302,8,0,1,0,6488,112
2022-01-01 00:00:03.303,8,20,3,0,412177,112
2022-01-01 00:00:03.304,7,16,6,0,255555,112
2022-01-01 00:00:03.305,8,12,1,0,6488,112
2022-01-01 00:00:03.306,8,18,4,0,637600,112
2022-01-01 00:00:03.307,8,11,5,0,108533,112
2022-01-01 00:00:03.308,7,19,3,0,143555,112
2022-01-01 00:00:03.309,8,21,7,0,1289244,112
2022-01-01 00:00:03.310,7,20,18,0,2755911,112
2022-01-01 00:00:03.311,8,19,20,0,2897688,112
2022-01-01 00:00:03.312,8,12,1,0,6488,112
2022-01-01 00:00:03.313,7,17,3,0,286651,112
2022-01-01 00:00:03.314,8,15,5,0,434373,112
2022-01-01 00:00:03.315,8,0,1,0,17155,112
2022-01-01 00:00:03.316,8,12,1,0,6488,112
2022-01-01 00:00:03.317,8,18,3,0,412800,112
2022-01-01 00:00:03.318,9,17,4,0,248444,112
2022-01-01 00:00:03.319,7,0,1,0,6488,112
2022-01-01 00:00:03.320,8,19,6,0,757244,112
2022-01-01 00:00:03.321,8,16,8,0,248177,112
2022-01-01 00:00:03.322,8,20,10,0,1350488,112
2022-01-01 00:00:03.323,7,20,1,0,53066,112
2022-01-01 00:00:03.324,8,20,1,0,53066,112
2022-01-01 00:00:03.325,8,17,43,0,5735822,112
2022-01-01 00:00:03.326,8,12,1,0,6488,112
2022-01-01 00:00:03.327,8,18,3,0,423466,112
2022-01-01 00:00:03.328,7,18,7,0,236355,112
2022-01-01 00:00:03.329,8,20,12,0,2387377,112
2022-01-01 00:00:03.330,7,17,14,0,2193155,112
2022-01-01 00:00:03.331,7,19,3,0,193155,112
2022-01-01 00:00:03.332,8,12,1,0,6488,112
2022-01-01 00:00:03.333,8,14,3,0,69422,112
2022-01-01 00:00:03.334,8,15,6,1,710488,112
2022-01-01 00:00:03.335,8,18,2,0,21511,112
2022-01-01 00:00:03.336,8,20,1,0,53066,112
2022-01-01 00:00:03.337,8,12,1,0,6488,112
2022-01-01 00:00:03.338,8,17,4,0,410666,112
2022-01-01 00:00:03.339,7,15,5,0,243111,112
2022-01-01 00:00:03.340,8,12,1,0,6488,112
2022-01-01 00:00:03.341,8,18,5,0,629422,112
2022-01-01 00:00:03.342,7,13,5,0,230755,112
2022-01-01 00:00:03.343,8,18,10,1,1066577,112
2022-01-01 00:00:03.344,8,21,2,0,309333,112
2022-01-01 00:00:03.345,8,20,26,1,4931022,112
2022-01-01 00:00:03.346,7,21,3,0,576800,112
2022-01-01 00:00:03.347,7,13,1,0,127200,112
2022-01-01 00:00:03.348,9,0,1,0,15733,112
2022-01-01 00:00:03.349,8,12,1,0,6488,112
2022-01-01 00:00:03.350,8,18,3,0,412800,112
2022-01-01 00:00:03.351,7,15,7,0,273777,112
2022-01-01 00:00:03.352,8,17,8,0,754044,112
2022-01-01 00:00:03.353,8,13,3,0,144266,112
2022-01-01 00:00:03.354,8,18,10,0,1294133,112
2022-01-01 00:00:03.355,8,19,37,0,5610755,112
2022-01-01 00:00:03.356,9,13,3,0,21955,112
2022-01-01 00:00:03.357,8,12,1,0,6488,112
2022-01-01 00:00:03.358,8,19,5,0,498844,112
2022-01-01 00:00:03.359,8,16,2,0,125155,112
2022-01-01 00:00:03.360,8,20,2,0,426400,112
2022-01-01 00:00:03.361,7,13,6,1,271022,112
2022-01-01 00:00:03.362,8,19,24,0,3406844,112
2022-01-01 00:00:03.363,8,20,24,1,4505422,112
2022-01-01 00:00:03.364,7,21,17,0,3807377,112
2022-01-01 00:00:03.365,8,20,8,0,1270400,112
2022-01-01 00:00:03.366,7,12,1,0,6488,112
2022-01-01 00:00:03.367,8,17,3,0,412800,112
2022-01-01 00:00:03.368,8,20,3,0,274933,112
2022-01-01 00:00:03.369,8,15,1,0,9333,112
2022-01-01 00:00:03.370,8,11,2,0,11200,112
2022-01-01 00:00:03.371,8,0,1,0,6488,112
2022-01-01 00:00:03.372,7,18,6,0,655644,112
2022-01-01 00:00:03.373,8,12,2,0,12088,112
2022-01-01 00:00:03.374,8,20,4,0,698577,112
2022-01-01 00:00:03.375,8,14,4,0,169511,112
2022-01-01 00:00:03.376,7,19,11,0,1323555,112
2022-01-01 00:00:03.377,7,20,28,0,4728355,112
2022-01-01 00:00:03.378,8,21,23,0,4331288,112
2022-01-01 00:00:03.379,7,19,8,1,1467022,112
2022-01-01 00:00:03.380,8,12,1,0,6488,112
2022-01-01 00:00:03.381,8,17,3,0,412800,112
2022-01-01 00:00:03.382,8,21,3,0,255644,112
2022-01-01 00:00:03.383,8,12,2,0,15822,112
2022-01-01 00:00:03.384,7,0,1,0,5600,112
2022-01-01 00:00:03.385,8,19,4,0,637600,112
2022-01-01 00:00:03.386,8,16,6,0,240800,112
2022-01-01 00:00:03.387,8,20,7,0,1307111,112
2022-01-01 00:00:03.388,8,20,29,1,5606133,112
2022-01-01 00:00:03.389,8,15,2,0,22222,112
2022-01-01 00:00:03.390,8,12,1,0,6488,112
2022-01-01 00:00:03.391,8,21,3,1,498133,112
2022-01-01 00:00:03.392,8,13,4,0,254577,112
2022-01-01 00:00:03.393,7,20,1,0,53066,112
2022-01-01 00:00:03.394,8,16,2,0,59555,112
2022-01-01 00:00:03.395,8,17,4,0,518666,112
2022-01-01 00:00:03.396,8,18,8,0,357688,112
2022-01-01 00:00:03.397,8,18,4,0,629066,112
2022-01-01 00:00:03.398,8,17,4,0,230488,112
2022-01-01 00:00:03.399,7,18,12,0,1305333,112
2022-01-01 00:00:03.400,7,20,1,0,53066,112
2022-01-01 00:00:03.401,8,19,19,0,2499111,112
2022-01-01 00:00:03.402,7,18,25,0,3234488,112
2022-01-01 00:00:03.403,7,12,1,0,6488,112
2022-01-01 00:00:03.404,8,18,3,0,412800,112
2022-01-01 00:00:03.405,8,18,6,0,320622,112
2022-01-01 00:00:03.406,7,18,1,0,10755,112
2022-01-01 00:00:03.407,7,20,1,0,53066,112
2022-01-01 00:00:03.408,8,11,1,0,5600,112
2022-01-01 00:00:03.409,8,13,3,0,248266,112
2022-01-01 00:00:03.410,7,12,3,0,81866,112
2022-01-01 00:00:03.411,8,21,5,0,1139200,112
2022-01-01 00:00:03.412,8,21,2,0,449600,112
2022-01-01 00:00:03.413,8,9,1,0,5066,112
2022-01-01 00:00:03.414,8,20,1,0,53066,112
2022-01-01 00:00:03.415,8,12,1,0,6488,112
2022-01-01 00:00:03.416,8,20,4,0,320355,112
2022-01-01 00:00:03.417,7,14,3,0,47200,112
2022-01-01 00:00:03.418,8,21,4,0,798755,112
2022-01-01 00:00:03.419,8,21,11,0,2537066,112
2022-01-01 00:00:03.420,7,21,14,1,3317866,112
2022-01-01 00:00:03.421,8,20,20,1,4389066,112
2022-01-01 00:00:03.422,7,21,17,0,3397422,112
2022-01-01 00:00:03.423,8,21,16,1,3801600,112
2022-01-01 00:00:03.424,8,21,17,0,3790311,112
2022-01-01 00:00:03.425,7,21,16,0,3801600,112
2022-01-01 00:00:03.426,8,18,3,0,320088,112
2022-01-01 00:00:03.427,8,0,1,0,53066,112
2022-01-01 00:00:03.428,7,11,1,0,5600,112
2022-01-01 00:00:03.429,8,16,2,0,242666,112
2022-01-01 00:00:03.430,8,19,1,0,23911,112
2022-01-01 00:00:03.431,8,11,3,0,29777,112
2022-01-01 00:00:03.432,7,21,3,0,704266,112
2022-01-01 00:00:03.433,8,18,7,0,1114400,112
2022-01-01 00:00:03.434,8,0,1,0,53066,112
2022-01-01 00:00:03.435,7,20,2,0,54577,112
2022-01-01 00:00:03.436,8,20,1,0,53066,112
2022-01-01 00:00:03.437,8,11,1,0,5600,112
2022-01-01 00:00:03.438,7,19,2,0,247644,112
2022-01-01 00:00:03.439,8,12,3,0,81866,112
2022-01-01 00:00:03.440,7,21,11,0,2571200,112
2022-01-01 00:00:03.441,7,15,1,0,9333,112
2022-01-01 00:00:03.442,9,6,1,0,6666,114
2022-01-01 00:00:03.443,8,9,8,2,505955,114
2022-01-01 00:00:03.444,8,8,5,1,178755,114
2022-01-01 00:00:03.445,9,11,6,1,520711,114
2022-01-01 00:00:03.446,8,7,8,1,362549,114
2022-01-01 00:00:03.447,7,10,14,0,1308943,114
2022-01-01 00:00:03.448,8,9,48,3,4688179,114
2022-01-01 00:00:03.449,7,6,17,0,1009333,114
2022-01-01 00:00:03.450,9,6,1,0,6741,114
2022-01-01 00:00:03.451,8,9,8,4,444622,114
2022-01-01 00:00:03.452,8,8,6,3,261802,114
2022-01-01 00:00:03.453,9,11,6,1,520711,114
2022-01-01 00:00:03.454,8,7,6,0,344967,114
2022-01-01 00:00:03.455,8,9,17,0,1304622,114
2022-01-01 00:00:03.456,8,9,48,3,4571200,114
2022-01-01 00:00:03.457,6,6,18,7,1096629,114
2022-01-01 00:00:03.458,8,0,1,0,6666,114
2022-01-01 00:00:03.459,9,11,6,1,415820,114
2022-01-01 00:00:03.460,7,7,7,0,212800,114
2022-01-01 00:00:03.461,7,9,9,1,700888,114
2022-01-01 00:00:03.462,8,6,5,0,127377,114
2022-01-01 00:00:03.463,8,0,1,0,12314,114
2022-01-01 00:00:03.464,7,10,29,3,2996355,114
2022-01-01 00:00:03.465,7,6,67,1,3956483,114
2022-01-01 00:00:03.466,6,5,63,0,3212533,114
2022-01-01 00:00:03.467,6,5,62,3,3435865,114
2022-01-01 00:00:03.468,6,5,57,3,3301066,114
2022-01-01 00:00:03.469,6,4,71,9,2930549,114
2022-01-01 00:00:03.470,6,4,80,2,2459377,114
2022-01-01 00:00:03.471,6,3,72,1,2323235,114
2022-01-01 00:00:03.472,6,5,80,2,3441758,114
2022-01-01 00:00:03.473,6,4,84,4,2738844,114
2022-01-01 00:00:03.474,9,9,73,8,5255377,114
2022-01-01 00:00:03.475,6,6,67,11,4163505,114
2022-01-01 00:00:03.476,7,9,41,3,3122400,114
2022-01-01 00:00:03.477,6,4,84,3,2695912,114
2022-01-01 00:00:03.478,7,6,71,5,3605955,114
2022-01-01 00:00:03.479,5,2,67,8,1605244,114
2022-01-01 00:00:03.480,7,6,68,1,3886741,114
2022-01-01 00:00:03.481,7,6,60,3,3946901,114
2022-01-01 00:00:03.482,7,8,63,4,4515466,114
2022-01-01 00:00:03.483,6,4,74,6,2661155,114
2022-01-01 00:00:03.484,6,6,65,3,3713887,114
2022-01-01 00:00:03.485,7,6,59,3,3887560,114
2022-01-01 00:00:03.486,6,4,72,0,3205752,114
2022-01-01 00:00:03.487,7,6,68,3,4053274,114
2022-01-01 00:00:03.488,6,5,74,3,3074876,114
2022-01-01 00:00:03.489,6,5,65,0,3570021,114
2022-01-01 00:00:03.490,7,4,23,1,965932,114
2022-01-01 00:00:03.491,8,6,1,1,6741,114
2022-01-01 00:00:03.492,7,7,13,1,803466,114
2022-01-01 00:00:03.493,8,0,1,0,12177,114
2022-01-01 00:00:03.494,8,4,1,0,7022,114
2022-01-01 00:00:03.495,7,9,6,1,411022,114
2022-01-01 00:00:03.496,8,7,7,0,253244,114
2022-01-01 00:00:03.497,8,10,8,1,636266,114
2022-01-01 00:00:03.498,8,7,7,0,222844,114
2022-01-01 00:00:03.499,8,10,16,2,1287288,114
2022-01-01 00:00:03.500,6,9,50,3,4162844,114
2022-01-01 00:00:03.501,7,6,24,1,1480000,114
2022-01-01 00:00:03.502,7,6,1,0,6666,114
2022-01-01 00:00:03.503,8,9,11,1,730755,114
2022-01-01 00:00:03.504,7,6,2,0,22044,114
2022-01-01 00:00:03.505,8,6,1,0,6741,114
2022-01-01 00:00:03.506,7,8,6,2,340219,114
2022-01-01 00:00:03.507,6,4,50,4,2432888,114
2022-01-01 00:00:03.508,6,4,47,3,1847822,114
2022-01-01 00:00:03.509,7,6,37,4,2132355,114
2022-01-01 00:00:03.510,7,6,33,2,2111377,114
2022-01-01 00:00:03.511,7,6,34,2,2134844,114
2022-01-01 00:00:03.512,7,7,34,1,2247288,114
2022-01-01 00:00:03.513,7,8,29,2,2162222,114
2022-01-01 00:00:03.514,6,6,30,1,1830933,114
2022-01-01 00:00:03.515,7,7,36,3,2285155,114
2022-01-01 00:00:03.516,7,8,36,1,2560000,114
2022-01-01 00:00:03.517,6,6,29,2,1779466,114
2022-01-01 00:00:03.518,6,4,9,0,364533,114
2022-01-01 00:00:03.519,8,6,1,0,6593,114
2022-01-01 00:00:03.520,7,5,10,1,389688,114
2022-01-01 00:00:03.521,9,12,4,0,435692,114
2022-01-01 00:00:03.522,7,8,28,2,2271466,114
2022-01-01 00:00:03.523,8,6,1,0,6593,114
2022-01-01 00:00:03.524,7,7,12,0,638222,114
2022-01-01 00:00:03.525,7,4,2,0,12622,114
2022-01-01 00:00:03.526,7,7,15,1,884533,114
2022-01-01 00:00:03.527,8,9,17,0,1316224,114
2022-01-01 00:00:03.528,7,10,26,0,2392355,114
2022-01-01 00:00:03.529,7,7,42,3,2897934,114
2022-01-01 00:00:03.530,8,8,5,0,331775,114
2022-01-01 00:00:03.531,8,6,1,0,6741,114
2022-01-01 00:00:03.532,8,11,5,1,406065,114
2022-01-01 00:00:03.533,7,6,7,1,320444,114
2022-01-01 00:00:03.534,8,4,1,0,7022,114
2022-01-01 00:00:03.535,7,9,9,1,648800,114
2022-01-01 00:00:03.536,8,0,1,0,6666,114
2022-01-01 00:00:03.537,7,9,9,1,698577,114
2022-01-01 00:00:03.538,8,9,8,0,384800,114
2022-01-01 00:00:03.539,7,11,11,0,1062133,114
2022-01-01 00:00:03.540,7,11,37,4,3933626,114
2022-01-01 00:00:03.541,7,6,33,0,1714133,114
2022-01-01 00:00:03.542,7,6,2,0,40355,114
2022-01-01 00:00:03.543,8,6,1,0,6666,114
2022-01-01 00:00:03.544,8,9,8,1,493866,114
2022-01-01 00:00:03.545,7,9,5,2,245777,114
2022-01-01 00:00:03.546,7,3,1,0,5600,114
2022-01-01 00:00:03.547,8,10,4,0,250666,114
2022-01-01 00:00:03.548,7,5,2,0,68266,114
2022-01-01 00:00:03.549,8,10,13,0,1127022,114
2022-01-01 00:00:03.550,7,10,29,1,2723644,114
2022-01-01 00:00:03.551,7,8,42,2,3239822,114
2022-01-01 00:00:03.552,7,9,29,2,2365932,114
2022-01-01 00:00:03.553,7,9,30,2,2434637,114
2022-01-01 00:00:03.554,7,8,29,2,2171955,114
2022-01-01 00:00:03.555,7,4,1,0,4483,114
2022-01-01 00:00:03.556,7,6,1,0,6666,114
2022-01-01 00:00:03.557,8,9,8,0,552089,114
2022-01-01 00:00:03.558,8,9,11,0,871648,114
2022-01-01 00:00:03.559,6,7,42,2,3176000,114
2022-01-01 00:00:03.560,7,6,36,6,1963555,114
2022-01-01 00:00:03.561,7,8,35,3,2484800,114
2022-01-01 00:00:03.562,7,7,29,0,2063911,114
2022-01-01 00:00:03.563,7,6,32,2,2147911,114
2022-01-01 00:00:03.564,7,6,34,0,2245866,114
2022-01-01 00:00:03.565,7,6,34,1,2211200,114
2022-01-01 00:00:03.566,7,6,31,2,2043111,114
2022-01-01 00:00:03.567,6,6,31,0,2080266,114
2022-01-01 00:00:03.568,7,8,31,5,2216622,114
2022-01-01 00:00:03.569,7,6,33,1,2140711,114
2022-01-01 00:00:03.570,7,6,33,2,2223200,114
2022-01-01 00:00:03.571,6,7,30,0,1913244,114
2022-01-01 00:00:03.572,7,9,17,1,1472266,114
2022-01-01 00:00:03.573,8,5,1,0,5600,114
2022-01-01 00:00:03.574,8,8,1,0,14112,114
2022-01-01 00:00:03.575,7,0,1,0,6666,114
2022-01-01 00:00:03.576,8,10,4,0,380800,114
2022-01-01 00:00:03.577,7,8,10,0,585600,114
2022-01-01 00:00:03.578,7,9,35,2,3109244,114
2022-01-01 00:00:03.579,7,8,37,4,2399733,114
2022-01-01 00:00:03.580,7,6,34,2,2120177,114
2022-01-01 00:00:03.581,6,5,28,4,1568533,114
2022-01-01 00:00:03.582,6,6,36,2,2343733,114
2022-01-01 00:00:03.583,8,9,35,2,2910311,114
2022-01-01 00:00:03.584,6,6,23,2,1569333,114
2022-01-01 00:00:03.585,7,7,37,2,2299644,114
2022-01-01 00:00:03.586,7,7,32,3,2335644,114
2022-01-01 00:00:03.587,6,5,35,3,1826844,114
2022-01-01 00:00:03.588,7,6,34,1,2140888,114
2022-01-01 00:00:03.589,6,6,36,0,2124088,114
2022-01-01 00:00:03.590,7,6,33,0,2171822,114
2022-01-01 00:00:03.591,7,6,9,0,559555,114
2022-01-01 00:00:03.592,9,8,2,0,19775,114
2022-01-01 00:00:03.593,7,6,1,0,6666,114
2022-01-01 00:00:03.594,8,10,19,0,1480622,114
2022-01-01 00:00:03.595,7,7,46,1,3207644,114
2022-01-01 00:00:03.596,7,7,29,4,1896359,114
2022-01-01 00:00:03.597,7,7,31,3,2434373,114
2022-01-01 00:00:03.598,6,6,26,3,1650844,114
2022-01-01 00:00:03.599,6,5,30,6,1664355,114
2022-01-01 00:00:03.600,6,6,33,2,2191555,114
2022-01-01 00:00:03.601,7,6,36,3,2144000,114
2022-01-01 00:00:03.602,7,6,33,1,2192444,114
2022-01-01 00:00:03.603,7,6,29,4,1952800,114
2022-01-01 00:00:03.604,7,8,34,2,2437866,114
2022-01-01 00:00:03.605,6,5,36,3,1869688,114
2022-01-01 00:00:03.606,7,8,36,2,2631822,114
2022-01-01 00:00:03.607,7,6,29,1,2020177,114
2022-01-01 00:00:03.608,7,6,33,2,2210400,114
2022-01-01 00:00:03.609,7,6,30,3,2003733,114
2022-01-01 00:00:03.610,7,6,35,2,2318666,114
2022-01-01 00:00:03.611,7,9,21,3,1756888,114
2022-01-01 00:00:03.612,7,6,1,0,13600,114
2022-01-01 00:00:03.613,8,6,1,0,6666,114
2022-01-01 00:00:03.614,7,6,10,0,546311,114
2022-01-01 00:00:03.615,8,10,12,1,912177,114
2022-01-01 00:00:03.616,6,6,30,2,2057955,114
2022-01-01 00:00:03.617,6,4,51,3,2193866,114
2022-01-01 00:00:03.618,7,6,42,3,2020800,114
2022-01-01 00:00:03.619,6,5,29,1,1432444,114
2022-01-01 00:00:03.620,7,6,39,2,2190133,114
2022-01-01 00:00:03.621,7,8,38,2,2570488,114
2022-01-01 00:00:03.622,7,6,31,2,1822666,114
2022-01-01 00:00:03.623,7,7,39,1,2429955,114
2022-01-01 00:00:03.624,7,7,22,2,1696177,114
2022-01-01 00:00:03.625,7,8,39,0,2950666,114
2022-01-01 00:00:03.626,7,9,35,2,2869483,114
2022-01-01 00:00:03.627,7,9,32,2,2511120,114
2022-01-01 00:00:03.628,7,9,38,0,3076177,114
2022-01-01 00:00:03.629,7,9,33,2,2665333,114
2022-01-01 00:00:03.630,7,7,28,0,1828800,114
2022-01-01 00:00:03.631,9,11,1,0,5600,114
2022-01-01 00:00:03.632,8,6,2,0,12977,114
2022-01-01 00:00:03.633,8,6,1,0,6666,114
2022-01-01 00:00:03.634,8,9,9,0,593333,114
2022-01-01 00:00:03.635,8,10,25,0,1976622,114
2022-01-01 00:00:03.636,6,7,51,1,3283911,114
2022-01-01 00:00:03.637,7,8,35,1,2555111,114
2022-01-01 00:00:03.638,7,6,41,1,2717244,114
2022-01-01 00:00:03.639,7,8,40,0,2903111,114
2022-01-01 00:00:03.640,7,9,33,0,2845777,114
2022-01-01 00:00:03.641,7,8,39,0,2884533,114
2022-01-01 00:00:03.642,7,10,31,0,2877600,114
2022-01-01 00:00:03.643,7,6,33,3,2190577,114
2022-01-01 00:00:03.644,7,6,38,1,2449422,114
2022-01-01 00:00:03.645,7,9,31,3,2480977,114
2022-01-01 00:00:03.646,7,9,37,3,3063022,114
2022-01-01 00:00:03.647,7,8,31,0,2526488,114
2022-01-01 00:00:03.648,8,8,1,0,18577,114
2022-01-01 00:00:03.649,8,6,1,0,6666,114
2022-01-01 00:00:03.650,8,9,7,0,542844,114
2022-01-01 00:00:03.651,7,9,37,1,2955822,114
2022-01-01 00:00:03.652,6,6,63,2,3259288,114
2022-01-01 00:00:03.653,7,8,39,0,2958133,114
2022-01-01 00:00:03.654,7,9,35,1,2799733,114
2022-01-01 00:00:03.655,8,10,36,2,3107235,114
2022-01-01 00:00:03.656,7,7,32,0,2327032,114
2022-01-01 00:00:03.657,7,8,31,1,2453422,114
2022-01-01 00:00:03.658,7,9,38,0,3095111,114
2022-01-01 00:00:03.659,7,9,37,2,3054311,114
2022-01-01 00:00:03.660,7,7,40,3,2853777,114
2022-01-01 00:00:03.661,7,6,66,0,3793258,114
2022-01-01 00:00:03.662,7,9,28,4,2151384,114
2022-01-01 00:00:03.663,8,6,15,0,773777,114
2022-01-01 00:00:03.664,9,11,1,0,5600,114
2022-01-01 00:00:03.665,8,5,1,0,8622,114
2022-01-01 00:00:03.666,8,6,1,0,6666,114
2022-01-01 00:00:03.667,8,9,9,0,593494,114
2022-01-01 00:00:03.668,8,11,33,0,3300404,114
2022-01-01 00:00:03.669,7,8,32,1,2502222,114
2022-01-01 00:00:03.670,7,7,42,0,2849955,114
2022-01-01 00:00:03.671,7,9,33,1,2729866,114
2022-01-01 00:00:03.672,7,8,37,3,2785155,114
2022-01-01 00:00:03.673,7,9,27,5,2184088,114
2022-01-01 00:00:03.674,7,7,40,1,2762044,114
2022-01-01 00:00:03.675,7,9,34,2,2858311,114
2022-01-01 00:00:03.676,7,8,42,3,2510666,114
2022-01-01 00:00:03.677,7,9,37,3,2457688,114
2022-01-01 00:00:03.678,7,7,47,2,2572977,114
2022-01-01 00:00:03.679,8,10,34,2,2812800,114
2022-01-01 00:00:03.680,7,9,31,0,2684711,114
2022-01-01 00:00:03.681,8,10,33,5,2943911,114
2022-01-01 00:00:03.682,8,5,3,0,140355,114
2022-01-01 00:00:03.683,9,8,1,0,13802,114
2022-01-01 00:00:03.684,9,7,1,0,7911,114
2022-01-01 00:00:03.685,8,6,1,0,6666,114
2022-01-01 00:00:03.686,8,10,6,0,548266,114
2022-01-01 00:00:03.687,7,9,23,0,1771644,114
2022-01-01 00:00:03.688,7,8,43,2,3220000,114
2022-01-01 00:00:03.689,6,4,57,3,2601688,114
2022-01-01 00:00:03.690,7,6,34,1,1821155,114
2022-01-01 00:00:03.691,7,10,27,5,2531111,114
2022-01-01 00:00:03.692,7,6,36,3,2327466,114
2022-01-01 00:00:03.693,7,6,37,2,2405600,114
2022-01-01 00:00:03.694,7,6,34,3,2252266,114
2022-01-01 00:00:03.695,7,7,38,2,2676977,114
2022-01-01 00:00:03.696,7,7,30,3,2277155,114
2022-01-01 00:00:03.697,7,8,33,4,2447022,114
2022-01-01 00:00:03.698,6,6,29,3,1980355,114
2022-01-01 00:00:03.699,7,6,39,4,2240888,114
2022-01-01 00:00:03.700,6,6,29,3,1891111,114
2022-01-01 00:00:03.701,7,9,31,1,2449511,114
2022-01-01 00:00:03.702,7,6,1,0,24622,114
2022-01-01 00:00:03.703,9,6,1,0,6666,114
2022-01-01 00:00:03.704,8,10,6,0,548266,114
2022-01-01 00:00:03.705,8,8,2,0,48533,114
2022-01-01 00:00:03.706,9,7,2,0,13511,114
2022-01-01 00:00:03.707,8,11,1,0,83111,114
2022-01-01 00:00:03.708,8,12,3,0,326133,114
2022-01-01 00:00:03.709,7,10,35,4,3395111,114
2022-01-01 00:00:03.710,7,5,12,0,557842,114
2022-01-01 00:00:03.711,8,6,2,0,17066,114
2022-01-01 00:00:03.712,8,8,1,0,13802,114
2022-01-01 00:00:03.713,8,6,1,0,6666,114
2022-01-01 00:00:03.714,8,9,7,1,488444,114
2022-01-01 00:00:03.715,8,5,4,0,167644,114
2022-01-01 00:00:03.716,7,9,13,3,845777,114
2022-01-01 00:00:03.717,8,10,15,0,1289230,114
2022-01-01 00:00:03.718,8,10,2,0,180444,114
2022-01-01 00:00:03.719,7,9,50,3,4599288,114
2022-01-01 00:00:03.720,8,8,14,1,877155,114
2022-01-01 00:00:03.721,8,4,1,1,7022,114
2022-01-01 00:00:03.722,9,11,6,0,411377,114
2022-01-01 00:00:03.723,7,7,7,1,329866,114
2022-01-01 00:00:03.724,9,7,1,0,7911,114
2022-01-01 00:00:03.725,9,4,1,0,7022,114
2022-01-01 00:00:03.726,9,11,9,1,642577,114
2022-01-01 00:00:03.727,8,6,1,0,6666,114
2022-01-01 00:00:03.728,8,9,7,0,631555,114
2022-01-01 00:00:03.729,8,7,9,0,246400,114
2022-01-01 00:00:03.730,8,11,19,1,1303911,114
2022-01-01 00:00:03.731,7,10,38,2,3865066,114
2022-01-01 00:00:03.732,7,9,25,1,1857688,114
2022-01-01 00:00:03.733,8,4,1,0,6945,114
2022-01-01 00:00:03.734,8,9,16,0,737777,114
2022-01-01 00:00:03.735,8,6,1,0,6666,114
2022-01-01 00:00:03.736,8,9,8,0,505422,114
2022-01-01 00:00:03.737,7,7,53,3,3749777,114
2022-01-01 00:00:03.738,8,9,23,1,1905688,114
2022-01-01 00:00:03.739,8,0,2,0,5955,114
2022-01-01 00:00:03.740,9,11,1,0,5600,114
2022-01-01 00:00:03.741,8,0,1,0,7911,114
2022-01-01 00:00:03.742,9,7,1,0,7911,114
2022-01-01 00:00:03.743,9,6,1,0,6666,114
2022-01-01 00:00:03.744,8,11,6,0,412977,114
2022-01-01 00:00:03.745,9,3,1,0,5600,114
2022-01-01 00:00:03.746,9,11,19,0,2060494,114
2022-01-01 00:00:03.747,7,6,49,0,3290755,114
2022-01-01 00:00:03.748,8,7,4,0,164266,114
2022-01-01 00:00:03.749,8,6,1,0,6666,114
2022-01-01 00:00:03.750,8,10,5,0,407022,114
2022-01-01 00:00:03.751,8,3,2,0,11200,114
2022-01-01 00:00:03.752,9,11,16,0,1713438,114
2022-01-01 00:00:03.753,8,11,35,0,3643822,114
2022-01-01 00:00:03.754,9,8,1,0,18577,114
2022-01-01 00:00:03.755,9,7,1,0,7911,114
2022-01-01 00:00:03.756,9,6,1,0,6666,114
2022-01-01 00:00:03.757,8,10,5,0,409977,114
2022-01-01 00:00:03.758,9,11,2,0,11200,114
2022-01-01 00:00:03.759,9,11,19,0,2037600,114
2022-01-01 00:00:03.760,9,13,27,0,3672622,114
2022-01-01 00:00:03.761,8,10,53,4,4907516,114
2022-01-01 00:00:03.762,8,10,14,0,1133155,114
2022-01-01 00:00:03.763,9,6,1,0,6593,114
2022-01-01 00:00:03.764,8,11,11,0,1060355,114
2022-01-01 00:00:03.765,8,11,41,0,4249688,114
2022-01-01 00:00:03.766,7,6,71,2,3938901,114
2022-01-01 00:00:03.767,9,8,6,0,320898,114
2022-01-01 00:00:03.768,8,7,1,0,7911,114
2022-01-01 00:00:03.769,9,6,1,0,6666,114
2022-01-01 00:00:03.770,8,10,14,0,1039460,114
2022-01-01 00:00:03.771,8,11,54,2,4891111,114
2022-01-01 00:00:03.772,8,9,35,2,2989600,114
2022-01-01 00:00:03.773,9,7,4,0,214153,114
2022-01-01 00:00:03.774,9,7,1,0,7911,114
2022-01-01 00:00:03.775,9,6,1,0,6593,114
2022-01-01 00:00:03.776,9,12,10,1,956533,114
2022-01-01 00:00:03.777,7,8,48,1,4163775,114
2022-01-01 00:00:03.778,6,4,79,0,3035288,114
2022-01-01 00:00:03.779,7,9,27,1,2047912,114
2022-01-01 00:00:03.780,7,6,11,0,674933,114
2022-01-01 00:00:03.781,9,0,1,0,6666,114
2022-01-01 00:00:03.782,8,10,4,0,332977,114
2022-01-01 00:00:03.783,9,11,2,0,74488,114
2022-01-01 00:00:03.784,9,11,1,0,5662,114
2022-01-01 00:00:03.785,9,13,15,0,2011516,114
2022-01-01 00:00:03.786,8,10,53,2,4769511,114
2022-01-01 00:00:03.787,8,8,8,0,524622,114
2022-01-01 00:00:03.788,8,0,1,0,5600,114
2022-01-01 00:00:03.789,9,7,1,0,8000,114
2022-01-01 00:00:03.790,8,7,1,0,7911,114
2022-01-01 00:00:03.791,9,6,1,0,6666,114
2022-01-01 00:00:03.792,8,8,7,0,408266,114
2022-01-01 00:00:03.793,9,3,1,0,5600,114
2022-01-01 00:00:03.794,9,11,22,0,2360355,114
2022-01-01 00:00:03.795,7,8,60,2,4950755,114
2022-01-01 00:00:03.796,9,6,2,0,32177,114
2022-01-01 00:00:03.797,9,5,1,0,8622,114
2022-01-01 00:00:03.798,9,6,1,0,6593,114
2022-01-01 00:00:03.799,9,11,6,0,409600,114
2022-01-01 00:00:03.800,7,7,60,1,4350202,114
2022-01-01 00:00:03.801,7,7,70,1,4402109,114
2022-01-01 00:00:03.802,9,8,1,0,13955,114
2022-01-01 00:00:03.803,8,0,1,0,6666,114
2022-01-01 00:00:03.804,8,9,24,1,1684444,114
2022-01-01 00:00:03.805,7,7,50,1,3558921,114
2022-01-01 00:00:03.806,8,7,7,0,387252,114
2022-01-01 00:00:03.807,9,0,1,0,7911,114
2022-01-01 00:00:03.808,8,6,1,0,6666,114
2022-01-01 00:00:03.809,8,10,4,0,330488,114
2022-01-01 00:00:03.810,9,7,4,0,77333,114
2022-01-01 00:00:03.811,8,11,1,0,5600,114
2022-01-01 00:00:03.812,8,11,41,3,4156314,114
2022-01-01 00:00:03.813,7,10,20,2,1617758,114
2022-01-01 00:00:03.814,9,11,1,0,5600,114
2022-01-01 00:00:03.815,9,6,1,0,6593,114
2022-01-01 00:00:03.816,8,0,1,0,7911,114
2022-01-01 00:00:03.817,8,11,6,0,408888,114
2022-01-01 00:00:03.818,9,3,1,0,5600,114
2022-01-01 00:00:03.819,9,7,1,0,7911,114
2022-01-01 00:00:03.820,7,8,49,0,3988355,114
2022-01-01 00:00:03.821,8,7,14,0,795595,114
2022-01-01 00:00:03.822,9,6,1,0,6666,114
2022-01-01 00:00:03.823,8,10,4,0,330488,114
2022-01-01 00:00:03.824,8,6,2,0,74488,114
2022-01-01 00:00:03.825,9,11,1,0,5600,114
2022-01-01 00:00:03.826,9,14,5,0,792808,114
2022-01-01 00:00:03.827,8,12,22,0,2586109,114
2022-01-01 00:00:03.828,8,0,1,0,20000,114
2022-01-01 00:00:03.829,9,14,1,0,8266,114
2022-01-01 00:00:03.830,9,6,2,0,14577,114
2022-01-01 00:00:03.831,9,14,13,1,960898,114
2022-01-01 00:00:03.832,6,9,42,2,3534769,114
2022-01-01 00:00:03.833,9,8,1,0,13955,114
2022-01-01 00:00:03.834,8,11,1,0,5600,114
2022-01-01 00:00:03.835,8,12,1,0,6488,114
2022-01-01 00:00:03.836,9,7,1,0,7911,114
2022-01-01 00:00:03.837,9,14,3,0,329955,114
2022-01-01 00:00:03.838,8,12,29,0,3229955,114
2022-01-01 00:00:03.839,7,11,62,4,5454577,114
2022-01-01 00:00:03.840,7,9,37,3,2331288,114
2022-01-01 00:00:03.841,9,6,2,0,123733,114
2022-01-01 00:00:03.842,8,7,1,0,7911,114
2022-01-01 00:00:03.843,9,7,1,0,7911,114
2022-01-01 00:00:03.844,9,12,1,0,6488,114
2022-01-01 00:00:03.845,9,14,3,0,329955,114
2022-01-01 00:00:03.846,8,11,24,1,2156224,114
2022-01-01 00:00:03.847,7,11,40,2,4055384,114
2022-01-01 00:00:03.848,7,11,22,0,1811733,114
2022-01-01 00:00:03.849,9,7,1,0,7911,114
2022-01-01 00:00:03.850,9,11,1,0,5600,114
2022-01-01 00:00:03.851,9,7,1,0,7911,114
2022-01-01 00:00:03.852,9,5,1,0,8622,114
2022-01-01 00:00:03.853,9,6,1,0,6666,114
2022-01-01 00:00:03.854,9,14,3,0,329955,114
2022-01-01 00:00:03.855,9,17,11,1,1716088,114
2022-01-01 00:00:03.856,8,12,39,0,4779685,114
2022-01-01 00:00:03.857,8,11,39,0,3433406,114
2022-01-01 00:00:03.858,8,11,9,0,875111,114
2022-01-01 00:00:03.859,9,14,1,0,8266,114
2022-01-01 00:00:03.860,9,7,1,0,7911,114
2022-01-01 00:00:03.861,9,12,1,0,6488,114
2022-01-01 00:00:03.862,8,13,14,1,1678222,114
2022-01-01 00:00:03.863,7,11,52,1,5165511,114
2022-01-01 00:00:03.864,8,10,30,1,2459377,114
2022-01-01 00:00:03.865,8,6,1,0,6666,114
2022-01-01 00:00:03.866,8,13,9,0,945244,114
2022-01-01 00:00:03.867,8,12,34,2,4070112,114
2022-01-01 00:00:03.868,7,11,40,2,3863736,114
2022-01-01 00:00:03.869,8,11,19,1,1945688,114
2022-01-01 00:00:03.870,8,6,1,0,6666,114
2022-01-01 00:00:03.871,8,12,5,0,404444,114
2022-01-01 00:00:03.872,9,11,1,0,5600,114
2022-01-01 00:00:03.873,8,12,36,1,4459466,114
2022-01-01 00:00:03.874,7,10,50,0,4609244,114
2022-01-01 00:00:03.875,8,11,6,0,541155,114
2022-01-01 00:00:03.876,9,11,1,0,5600,114
2022-01-01 00:00:03.877,9,5,1,0,8622,114
2022-01-01 00:00:03.878,8,6,1,0,6666,114
2022-01-01 00:00:03.879,8,12,5,0,406755,114
2022-01-01 00:00:03.880,9,5,2,0,11200,114
2022-01-01 00:00:03.881,7,11,47,0,5218725,114
2022-01-01 00:00:03.882,7,11,60,1,5651022,114
2022-01-01 00:00:03.883,7,9,10,0,628800,114
2022-01-01 00:00:03.884,9,12,1,0,20000,114
2022-01-01 00:00:03.885,9,0,1,0,7911,114
2022-01-01 00:00:03.886,9,5,1,0,8622,114
2022-01-01 00:00:03.887,9,0,1,0,7911,114
2022-01-01 00:00:03.888,8,0,1,0,7200,114
2022-01-01 00:00:03.889,8,12,4,0,399288,114
2022-01-01 00:00:03.890,9,11,2,0,11200,114
2022-01-01 00:00:03.891,8,11,9,0,804177,114
2022-01-01 00:00:03.892,8,11,48,1,4686400,114
2022-01-01 00:00:03.893,7,10,39,3,3674577,114
2022-01-01 00:00:03.894,7,9,34,3,2552533,114
2022-01-01 00:00:03.895,8,8,4,0,273422,114
2022-01-01 00:00:03.896,9,7,1,0,7824,114
2022-01-01 00:00:03.897,9,7,1,0,7824,114
2022-01-01 00:00:03.898,9,7,1,0,7911,114
2022-01-01 00:00:03.899,8,0,1,0,6741,114
2022-01-01 00:00:03.900,9,15,3,0,336175,114
2022-01-01 00:00:03.901,8,4,3,0,65600,114
2022-01-01 00:00:03.902,9,10,7,0,524177,114
2022-01-01 00:00:03.903,7,6,38,0,2245450,114
2022-01-01 00:00:03.904,6,7,56,0,3549662,114
2022-01-01 00:00:03.905,6,5,57,1,2742666,114
2022-01-01 00:00:03.906,7,6,59,1,3411466,114
2022-01-01 00:00:03.907,7,7,15,0,909244,114
2022-01-01 00:00:03.908,8,8,2,0,12404,114
2022-01-01 00:00:03.909,8,9,4,0,329318,114
2022-01-01 00:00:03.910,8,11,23,0,2112622,114
2022-01-01 00:00:03.911,6,7,50,4,3286112,114
2022-01-01 00:00:03.912,7,8,36,1,2271466,114
2022-01-01 00:00:03.913,8,6,1,0,20483,114
2022-01-01 00:00:03.914,9,5,1,0,5600,114
2022-01-01 00:00:03.915,9,7,1,0,7911,114
2022-01-01 00:00:03.916,8,7,2,0,15822,114
2022-01-01 00:00:03.917,8,6,1,0,6666,114
2022-01-01 00:00:03.918,8,7,1,0,7911,114
2022-01-01 00:00:03.919,9,14,3,0,330755,114
2022-01-01 00:00:03.920,9,8,1,0,68888,114
2022-01-01 00:00:03.921,9,11,1,0,5600,114
2022-01-01 00:00:03.922,9,11,32,0,3127822,114
2022-01-01 00:00:03.923,8,10,7,1,571111,114
2022-01-01 00:00:03.924,8,7,1,0,7824,114
2022-01-01 00:00:03.925,8,2,2,0,7370,114
2022-01-01 00:00:03.926,9,8,5,0,335912,114
2022-01-01 00:00:03.927,8,10,28,0,2654022,114
2022-01-01 00:00:03.928,5,6,33,10,2022241,114
2022-01-01 00:00:03.929,8,2,1,1,14666,114
2022-01-01 00:00:03.930,8,8,3,0,142311,114
2022-01-01 00:00:03.931,9,7,1,0,7911,114
2022-01-01 00:00:03.932,8,0,1,0,8266,114
2022-01-01 00:00:03.933,8,6,1,0,6666,114
2022-01-01 00:00:03.934,8,8,7,1,413422,114
2022-01-01 00:00:03.935,9,11,1,0,5600,114
2022-01-01 00:00:03.936,9,11,13,0,1396177,114
2022-01-01 00:00:03.937,8,0,35,2,3216800,114
2022-01-01 00:00:03.938,8,15,1,0,20000,114
2022-01-01 00:00:03.939,9,17,1,0,15733,114
2022-01-01 00:00:03.940,9,16,1,0,6666,114
2022-01-01 00:00:03.941,8,14,1,0,7911,114
2022-01-01 00:00:03.942,8,17,18,1,1558755,114
2022-01-01 00:00:03.943,8,18,42,3,3847200,114
2022-01-01 00:00:03.944,7,17,67,0,4403111,114
2022-01-01 00:00:03.945,8,16,22,0,1101511,114
2022-01-01 00:00:03.946,8,18,1,0,6666,114
2022-01-01 00:00:03.947,8,19,5,0,330933,114
2022-01-01 00:00:03.948,8,20,2,0,74488,114
2022-01-01 00:00:03.949,9,18,1,0,5600,114
2022-01-01 00:00:03.950,8,19,22,1,2221511,114
2022-01-01 00:00:03.951,7,17,19,2,1647733,114
2022-01-01 00:00:03.952,8,15,1,0,6666,114
2022-01-01 00:00:03.953,8,17,6,0,407466,114
2022-01-01 00:00:03.954,9,17,3,0,306400,114
2022-01-01 00:00:03.955,8,19,20,0,2034488,114
2022-01-01 00:00:03.956,8,19,2,0,130488,114
2022-01-01 00:00:03.957,9,19,2,0,129054,114
2022-01-01 00:00:03.958,8,17,2,0,130488,114
2022-01-01 00:00:03.959,8,18,1,0,7824,114
2022-01-01 00:00:03.960,8,19,2,0,130488,114
2022-01-01 00:00:03.961,9,17,1,0,7911,114
2022-01-01 00:00:03.962,9,17,1,0,15733,114
2022-01-01 00:00:03.963,9,18,1,0,97333,114
2022-01-01 00:00:03.964,6,0,4,0,39555,135
2022-01-01 00:00:03.965,6,0,34,0,494488,135
2022-01-01 00:00:03.966,6,0,16,0,202133,135
2022-01-01 00:00:03.967,6,0,49,0,724800,135
2022-01-01 00:00:03.968,6,0,15,0,186311,135
2022-01-01 00:00:03.969,6,0,76,0,1162311,135
2022-01-01 00:00:03.970,6,0,10,0,151288,135
2022-01-01 00:00:03.971,6,0,47,0,643288,135
2022-01-01 00:00:03.972,6,0,52,1,651288,135
2022-01-01 00:00:03.973,6,0,59,0,809155,135
2022-01-01 00:00:03.974,6,4,50,6,707377,135
2022-01-01 00:00:03.975,6,0,49,4,583911,135
2022-01-01 00:00:03.976,6,0,47,3,637777,135
2022-01-01 00:00:03.977,6,0,41,1,561777,135
2022-01-01 00:00:03.978,6,0,50,0,659377,135
2022-01-01 00:00:03.979,6,0,46,1,602488,135
2022-01-01 00:00:03.980,6,0,1,0,53066,119
2022-01-01 00:00:03.981,7,0,1,0,53066,119
2022-01-01 00:00:03.982,6,0,1,0,53066,119
2022-01-01 00:00:03.983,6,0,1,0,53066,119
2022-01-01 00:00:03.984,7,0,1,0,6488,119
2022-01-01 00:00:03.985,6,0,4,0,406153,119
2022-01-01 00:00:03.986,6,0,5,0,257797,119
2022-01-01 00:00:03.987,6,0,5,2,639111,119
2022-01-01 00:00:03.988,6,0,3,0,221333,119
2022-01-01 00:00:03.989,7,0,7,1,1302488,119
2022-01-01 00:00:03.990,7,0,36,1,5730786,119
2022-01-01 00:00:03.991,9,0,1,0,6488,119
2022-01-01 00:00:03.992,8,9,3,0,445362,119
2022-01-01 00:00:03.993,8,0,6,0,295460,119
2022-01-01 00:00:03.994,8,0,4,0,742417,119
2022-01-01 00:00:03.995,8,0,8,0,205688,119
2022-01-01 00:00:03.996,8,10,7,0,1309932,119
2022-01-01 00:00:03.997,8,0,1,0,52483,119
2022-01-01 00:00:03.998,9,0,1,0,53066,119
2022-01-01 00:00:03.999,8,0,29,0,5750844,119
2022-01-01 00:00:04.000,9,0,3,0,76674,119
2022-01-01 00:00:04.001,8,0,1,0,52483,119
2022-01-01 00:00:04.002,9,0,1,0,53066,119
2022-01-01 00:00:04.003,9,0,1,0,6488,119
2022-01-01 00:00:04.004,9,0,8,0,707555,119
2022-01-01 00:00:04.005,8,0,1,0,6417,119
2022-01-01 00:00:04.006,9,10,7,0,720533,119
2022-01-01 00:00:04.007,8,0,4,0,177797,119
2022-01-01 00:00:04.008,8,0,6,0,1279644,119
2022-01-01 00:00:04.009,9,11,16,0,3055370,119
2022-01-01 00:00:04.010,8,0,21,0,2606933,119
2022-01-01 00:00:04.011,9,0,1,0,52483,119
2022-01-01 00:00:04.012,8,0,2,0,54577,119
2022-01-01 00:00:04.013,9,0,1,0,6488,119
2022-01-01 00:00:04.014,8,0,2,0,426400,119
2022-01-01 00:00:04.015,8,0,6,1,341573,119
2022-01-01 00:00:04.016,8,0,1,0,6488,119
2022-01-01 00:00:04.017,8,0,6,0,655644,119
2022-01-01 00:00:04.018,9,0,1,0,6488,119
2022-01-01 00:00:04.019,9,0,7,0,709955,119
2022-01-01 00:00:04.020,8,0,3,0,160719,119
2022-01-01 00:00:04.021,8,0,11,2,1282434,119
2022-01-01 00:00:04.022,1,0,1,53,226549,119
2022-01-01 00:00:04.023,8,17,31,0,4111377,138
2022-01-01 00:00:04.024,9,18,11,1,1601422,138
2022-01-01 00:00:04.025,9,6,1,0,6666,138
2022-01-01 00:00:04.026,8,14,9,0,668622,138
2022-01-01 00:00:04.027,9,12,1,0,6561,138
2022-01-01 00:00:04.028,9,17,2,0,207032,138
2022-01-01 00:00:04.029,9,14,8,0,672888,138
2022-01-01 00:00:04.030,8,17,10,0,1323733,138
2022-01-01 00:00:04.031,8,17,34,1,5650488,138
2022-01-01 00:00:04.032,8,11,3,0,21955,138
2022-01-01 00:00:04.033,8,18,1,0,55200,138
2022-01-01 00:00:04.034,9,18,1,0,55200,138
2022-01-01 00:00:04.035,9,18,1,0,55200,138
2022-01-01 00:00:04.036,8,0,1,0,55200,138
2022-01-01 00:00:04.037,9,18,1,0,55200,138
2022-01-01 00:00:04.038,8,18,1,0,55820,138
2022-01-01 00:00:04.039,9,0,1,0,56703,138
2022-01-01 00:00:04.040,8,12,1,0,6488,138
2022-01-01 00:00:04.041,8,14,4,0,406153,138
2022-01-01 00:00:04.042,9,13,5,0,246400,138
2022-01-01 00:00:04.043,9,19,3,0,644800,138
2022-01-01 00:00:04.044,8,12,5,0,236800,138
2022-01-01 00:00:04.045,9,17,8,0,1300800,138
2022-01-01 00:00:04.046,8,0,1,0,55200,138
2022-01-01 00:00:04.047,9,19,26,0,4942933,138
2022-01-01 00:00:04.048,8,9,5,0,754755,138
2022-01-01 00:00:04.049,8,15,1,0,57333,138
2022-01-01 00:00:04.050,8,12,1,0,6488,138
2022-01-01 00:00:04.051,9,19,1,1,203733,138
2022-01-01 00:00:04.052,8,13,8,1,461333,138
2022-01-01 00:00:04.053,9,19,25,1,4708622,138
2022-01-01 00:00:04.054,8,11,1,0,5600,138
2022-01-01 00:00:04.055,9,18,1,0,55200,138
2022-01-01 00:00:04.056,8,12,1,0,6561,138
2022-01-01 00:00:04.057,9,14,5,0,516622,138
2022-01-01 00:00:04.058,8,11,3,0,229777,138
2022-01-01 00:00:04.059,9,18,1,0,55200,138
2022-01-01 00:00:04.060,8,15,1,0,57333,138
2022-01-01 00:00:04.061,8,12,1,0,6488,138
2022-01-01 00:00:04.062,8,14,7,0,654222,138
2022-01-01 00:00:04.063,9,12,1,0,6488,138
2022-01-01 00:00:04.064,8,16,6,0,715200,138
2022-01-01 00:00:04.065,8,18,5,0,800266,138
2022-01-01 00:00:04.066,9,0,4,0,635288,138
2022-01-01 00:00:04.067,8,19,3,0,390400,138
2022-01-01 00:00:04.068,9,18,29,0,5344444,138
2022-01-01 00:00:04.069,9,0,1,0,55200,138
2022-01-01 00:00:04.070,9,6,1,0,6666,138
2022-01-01 00:00:04.071,8,15,4,0,413511,138
2022-01-01 00:00:04.072,8,13,7,0,280622,138
2022-01-01 00:00:04.073,8,0,1,0,6488,138
2022-01-01 00:00:04.074,8,16,6,0,685422,138
2022-01-01 00:00:04.075,9,14,4,0,251822,138
2022-01-01 00:00:04.076,8,16,12,0,1318933,138
2022-01-01 00:00:04.077,8,18,35,1,5654400,138
2022-01-01 00:00:04.078,9,14,1,0,25333,138
2022-01-01 00:00:04.079,8,12,1,0,6488,138
2022-01-01 00:00:04.080,9,16,9,0,795377,138
2022-01-01 00:00:04.081,8,14,2,0,16355,138
2022-01-01 00:00:04.082,9,12,1,0,6561,138
2022-01-01 00:00:04.083,9,14,8,0,534112,138
2022-01-01 00:00:04.084,8,12,4,0,165098,138
2022-01-01 00:00:04.085,8,17,4,0,633600,138
2022-01-01 00:00:04.086,9,13,6,0,261600,138
2022-01-01 00:00:04.087,8,17,8,0,1280088,138
2022-01-01 00:00:04.088,8,17,34,0,5637777,138
2022-01-01 00:00:04.089,9,6,1,0,6666,138
2022-01-01 00:00:04.090,9,15,4,0,479644,138
2022-01-01 00:00:04.091,9,13,6,1,156444,138
2022-01-01 00:00:04.092,8,19,2,0,424266,138
2022-01-01 00:00:04.093,8,13,5,0,267644,138
2022-01-01 00:00:04.094,9,7,3,0,20888,138
2022-01-01 00:00:04.095,8,18,26,2,4553155,138
2022-01-01 00:00:04.096,8,18,34,1,6012000,138
2022-01-01 00:00:04.097,9,18,13,1,2369866,138
2022-01-01 00:00:04.098,9,12,1,0,6488,138
2022-01-01 00:00:04.099,8,16,4,0,612266,138
2022-01-01 00:00:04.100,9,13,3,0,98755,138
2022-01-01 00:00:04.101,8,0,1,0,5600,138
2022-01-01 00:00:04.102,9,16,3,0,138044,138
2022-01-01 00:00:04.103,8,17,10,0,1570044,138
2022-01-01 00:00:04.104,9,19,47,2,8351466,138
2022-01-01 00:00:04.105,8,19,18,1,3732533,138
2022-01-01 00:00:04.106,9,19,30,0,5829600,138
2022-01-01 00:00:04.107,8,19,27,0,5296622,138
2022-01-01 00:00:04.108,8,19,26,0,4943111,138
2022-01-01 00:00:04.109,8,18,28,0,4886844,138
2022-01-01 00:00:04.110,9,19,27,0,5239733,138
2022-01-01 00:00:04.111,8,19,25,0,5106755,138
2022-01-01 00:00:04.112,8,18,26,0,4768533,138
2022-01-01 00:00:04.113,9,19,26,2,5023733,138
2022-01-01 00:00:04.114,9,19,24,0,5242400,138
2022-01-01 00:00:04.115,9,20,26,0,5457955,138
2022-01-01 00:00:04.116,8,19,25,0,5064266,138
2022-01-01 00:00:04.117,9,19,26,0,5249244,138
2022-01-01 00:00:04.118,8,19,23,0,4563022,138
2022-01-01 00:00:04.119,9,19,27,1,5367822,138
2022-01-01 00:00:04.120,9,18,13,0,2296622,138
2022-01-01 00:00:04.121,8,18,1,0,55200,138
2022-01-01 00:00:04.122,8,15,1,0,57333,138
2022-01-01 00:00:04.123,9,12,1,0,6488,138
2022-01-01 00:00:04.124,9,17,2,0,226133,138
2022-01-01 00:00:04.125,9,13,6,0,457777,138
2022-01-01 00:00:04.126,8,15,5,0,630222,138
2022-01-01 00:00:04.127,9,13,4,0,225866,138
2022-01-01 00:00:04.128,8,14,10,0,1289600,138
2022-01-01 00:00:04.129,9,15,1,0,77422,138
2022-01-01 00:00:04.130,9,19,29,1,5632000,138
2022-01-01 00:00:04.131,9,19,27,0,4949866,138
2022-01-01 00:00:04.132,8,12,1,0,6488,138
2022-01-01 00:00:04.133,8,17,2,0,392533,138
2022-01-01 00:00:04.134,9,13,7,0,327288,138
2022-01-01 00:00:04.135,8,13,3,0,72088,138
2022-01-01 00:00:04.136,8,12,1,0,6488,138
2022-01-01 00:00:04.137,8,16,3,0,404088,138
2022-01-01 00:00:04.138,9,18,29,0,4223733,138
2022-01-01 00:00:04.139,9,19,41,2,7461155,138
2022-01-01 00:00:04.140,8,18,27,0,4486577,138
2022-01-01 00:00:04.141,8,10,2,0,20444,138
2022-01-01 00:00:04.142,9,15,2,0,73066,138
2022-01-01 00:00:04.143,8,12,1,0,6488,138
2022-01-01 00:00:04.144,8,17,2,0,339200,138
2022-01-01 00:00:04.145,9,18,9,0,1351022,138
2022-01-01 00:00:04.146,8,17,45,1,6787022,138
2022-01-01 00:00:04.147,8,18,30,0,4892711,138
2022-01-01 00:00:04.148,9,19,25,1,5412533,138
2022-01-01 00:00:04.149,9,19,27,0,5261066,138
2022-01-01 00:00:04.150,9,20,21,1,4423555,138
2022-01-01 00:00:04.151,8,15,1,0,19288,138
2022-01-01 00:00:04.152,9,12,1,0,6488,138
2022-01-01 00:00:04.153,8,14,1,0,68888,138
2022-01-01 00:00:04.154,9,12,1,0,6488,138
2022-01-01 00:00:04.155,8,17,4,0,408000,138
2022-01-01 00:00:04.156,9,11,1,0,5600,138
2022-01-01 00:00:04.157,8,18,30,2,4995911,138
2022-01-01 00:00:04.158,8,18,28,3,5061777,138
2022-01-01 00:00:04.159,9,19,27,0,5661688,138
2022-01-01 00:00:04.160,8,19,25,0,4931288,138
2022-01-01 00:00:04.161,9,20,19,0,4042577,138
2022-01-01 00:00:04.162,8,19,1,0,23911,138
2022-01-01 00:00:04.163,9,12,1,0,6488,138
2022-01-01 00:00:04.164,8,14,4,0,412266,138
2022-01-01 00:00:04.165,9,11,1,0,5600,138
2022-01-01 00:00:04.166,8,18,2,0,108266,138
2022-01-01 00:00:04.167,9,20,2,0,54577,138
2022-01-01 00:00:04.168,8,13,1,0,53066,138
2022-01-01 00:00:04.169,9,18,1,0,55200,138
2022-01-01 00:00:04.170,8,20,1,0,53066,138
2022-01-01 00:00:04.171,8,20,1,0,53066,138
2022-01-01 00:00:04.172,8,19,18,1,3728888,138
2022-01-01 00:00:04.173,9,20,42,0,8047644,138
2022-01-01 00:00:04.174,8,20,22,0,4808444,138
2022-01-01 00:00:04.175,9,21,25,0,5708177,138
2022-01-01 00:00:04.176,8,20,23,0,5269066,138
2022-01-01 00:00:04.177,8,20,24,1,5498133,138
2022-01-01 00:00:04.178,8,20,21,0,4861866,138
2022-01-01 00:00:04.179,9,20,16,0,3448000,138
2022-01-01 00:00:04.180,8,0,1,0,7200,138
2022-01-01 00:00:04.181,9,19,3,0,406666,138
2022-01-01 00:00:04.182,8,12,3,0,63733,138
2022-01-01 00:00:04.183,8,19,11,1,2030755,138
2022-01-01 00:00:04.184,8,19,28,1,4960977,138
2022-01-01 00:00:04.185,9,15,1,0,19288,138
2022-01-01 00:00:04.186,8,20,1,0,53066,138
2022-01-01 00:00:04.187,8,12,1,0,6488,138
2022-01-01 00:00:04.188,8,19,2,0,335200,138
2022-01-01 00:00:04.189,9,15,2,0,77333,138
2022-01-01 00:00:04.190,8,11,1,0,5600,138
2022-01-01 00:00:04.191,9,19,28,0,4934400,138
2022-01-01 00:00:04.192,8,12,5,0,310133,138
2022-01-01 00:00:04.193,8,18,1,0,55200,138
2022-01-01 00:00:04.194,8,12,1,0,6488,138
2022-01-01 00:00:04.195,9,17,5,0,409511,138
2022-01-01 00:00:04.196,8,11,1,0,5600,138
2022-01-01 00:00:04.197,8,17,2,0,254666,138
2022-01-01 00:00:04.198,9,15,1,0,19288,138
2022-01-01 00:00:04.199,8,20,1,0,53066,138
2022-01-01 00:00:04.200,8,12,1,0,6488,138
2022-01-01 00:00:04.201,9,17,4,0,408000,138
2022-01-01 00:00:04.202,9,11,1,1,5600,138
2022-01-01 00:00:04.203,8,18,1,0,55200,138
2022-01-01 00:00:04.204,9,11,2,0,168800,138
2022-01-01 00:00:04.205,8,20,12,0,2079466,138
2022-01-01 00:00:04.206,9,15,1,0,19288,138
2022-01-01 00:00:04.207,8,20,1,0,53066,138
2022-01-01 00:00:04.208,8,12,1,0,6488,138
2022-01-01 00:00:04.209,9,20,2,0,334933,138
2022-01-01 00:00:04.210,8,15,2,0,77333,138
2022-01-01 00:00:04.211,9,11,1,0,5600,138
2022-01-01 00:00:04.212,8,20,15,0,2989688,138
2022-01-01 00:00:04.213,8,15,1,0,19288,138
2022-01-01 00:00:04.214,9,20,1,0,53066,138
2022-01-01 00:00:04.215,8,18,1,0,55200,138
2022-01-01 00:00:04.216,8,12,1,0,6488,138
2022-01-01 00:00:04.217,9,16,3,0,412800,138
2022-01-01 00:00:04.218,9,13,2,0,31820,138
2022-01-01 00:00:04.219,8,17,4,0,245777,138
2022-01-01 00:00:04.220,9,12,1,0,6488,138
2022-01-01 00:00:04.221,8,17,4,0,633600,138
2022-01-01 00:00:04.222,8,13,6,0,248266,138
2022-01-01 00:00:04.223,8,18,11,0,1288444,138
2022-01-01 00:00:04.224,9,19,39,2,5692622,138
2022-01-01 00:00:04.225,8,6,1,0,6593,138
2022-01-01 00:00:04.226,9,17,6,0,737155,138
2022-01-01 00:00:04.227,8,18,1,0,10755,138
2022-01-01 00:00:04.228,9,3,1,0,7472,138
2022-01-01 00:00:04.229,9,15,6,0,501303,138
2022-01-01 00:00:04.230,8,12,3,0,159022,138
2022-01-01 00:00:04.231,8,17,4,0,622417,138
2022-01-01 00:00:04.232,8,15,4,0,244000,138
2022-01-01 00:00:04.233,9,18,9,0,1323775,138
2022-01-01 00:00:04.234,9,12,1,0,6488,145
2022-01-01 00:00:04.235,9,16,3,0,414933,145
2022-01-01 00:00:04.236,8,13,6,0,263384,145
2022-01-01 00:00:04.237,8,14,7,0,716088,145
2022-01-01 00:00:04.238,9,14,4,1,156533,145
2022-01-01 00:00:04.239,8,17,9,0,1289494,145
2022-01-01 00:00:04.240,9,17,39,0,5689318,145
2022-01-01 00:00:04.241,8,12,1,0,6561,145
2022-01-01 00:00:04.242,9,11,8,0,532307,145
2022-01-01 00:00:04.243,8,18,48,1,8189955,145
2022-01-01 00:00:04.244,8,19,29,0,6273333,145
2022-01-01 00:00:04.245,9,19,35,4,6241617,145
2022-01-01 00:00:04.246,9,19,32,0,6102933,145
2022-01-01 00:00:04.247,8,9,4,0,492533,145
2022-01-01 00:00:04.248,9,12,1,0,6488,145
2022-01-01 00:00:04.249,8,15,4,0,419595,145
2022-01-01 00:00:04.250,9,12,7,0,248175,145
2022-01-01 00:00:04.251,9,0,1,0,6488,145
2022-01-01 00:00:04.252,8,13,9,0,861600,145
2022-01-01 00:00:04.253,9,16,12,0,1334292,145
2022-01-01 00:00:04.254,8,16,16,1,2121066,145
2022-01-01 00:00:04.255,9,18,53,0,8260747,145
2022-01-01 00:00:04.256,9,12,4,0,174311,145
2022-01-01 00:00:04.257,9,12,1,0,6488,145
2022-01-01 00:00:04.258,9,14,6,0,513688,145
2022-01-01 00:00:04.259,8,16,4,0,245422,145
2022-01-01 00:00:04.260,9,11,1,0,5600,145
2022-01-01 00:00:04.261,9,14,4,0,312533,145
2022-01-01 00:00:04.262,8,9,1,0,5066,145
2022-01-01 00:00:04.263,9,19,10,1,2001155,145
2022-01-01 00:00:04.264,8,19,22,1,4628853,145
2022-01-01 00:00:04.265,9,19,32,1,6294065,145
2022-01-01 00:00:04.266,9,16,7,1,1105600,145
2022-01-01 00:00:04.267,9,18,1,0,55200,145
2022-01-01 00:00:04.268,8,13,1,0,53066,145
2022-01-01 00:00:04.269,9,18,1,0,55820,145
2022-01-01 00:00:04.270,8,13,1,0,52483,145
2022-01-01 00:00:04.271,8,12,2,0,59555,145
2022-01-01 00:00:04.272,9,18,1,0,55200,145
2022-01-01 00:00:04.273,8,16,3,0,429866,145
2022-01-01 00:00:04.274,8,12,5,0,251911,145
2022-01-01 00:00:04.275,9,12,1,0,6488,145
2022-01-01 00:00:04.276,9,14,8,0,860088,145
2022-01-01 00:00:04.277,8,15,12,0,1374844,145
2022-01-01 00:00:04.278,8,16,18,1,2666933,145
2022-01-01 00:00:04.279,8,15,23,0,3070400,145
2022-01-01 00:00:04.280,8,13,1,0,53066,145
2022-01-01 00:00:04.281,9,12,1,0,6488,145
2022-01-01 00:00:04.282,8,15,6,0,706222,145
2022-01-01 00:00:04.283,9,11,3,0,175288,145
2022-01-01 00:00:04.284,9,14,10,0,881422,145
2022-01-01 00:00:04.285,8,15,1,0,110133,145
2022-01-01 00:00:04.286,9,0,1,0,6488,145
2022-01-01 00:00:04.287,8,15,4,0,414933,145
2022-01-01 00:00:04.288,9,10,3,0,98247,145
2022-01-01 00:00:04.289,9,18,1,0,54593,145
2022-01-01 00:00:04.290,8,17,11,0,1984351,145
2022-01-01 00:00:04.291,9,19,41,0,8471111,145
2022-01-01 00:00:04.292,8,19,35,1,6717422,145
2022-01-01 00:00:04.293,8,17,42,1,5914844,145
2022-01-01 00:00:04.294,8,18,41,2,6527822,145
2022-01-01 00:00:04.295,8,18,40,2,5913866,145
2022-01-01 00:00:04.296,8,18,30,1,4671911,145
2022-01-01 00:00:04.297,9,0,1,0,17155,145
2022-01-01 00:00:04.298,9,12,1,0,6488,145
2022-01-01 00:00:04.299,9,16,3,0,414933,145
2022-01-01 00:00:04.300,8,13,9,0,250755,145
2022-01-01 00:00:04.301,8,15,6,0,629600,145
2022-01-01 00:00:04.302,8,16,1,0,120000,145
2022-01-01 00:00:04.303,8,13,7,0,309866,145
2022-01-01 00:00:04.304,9,18,8,0,1306133,145
2022-01-01 00:00:04.305,9,17,36,1,5661600,145
2022-01-01 00:00:04.306,8,9,2,0,21333,145
2022-01-01 00:00:04.307,8,12,1,0,6488,145
2022-01-01 00:00:04.308,8,14,8,0,557511,145
2022-01-01 00:00:04.309,9,18,3,0,248533,145
2022-01-01 00:00:04.310,9,11,1,0,5600,145
2022-01-01 00:00:04.311,8,13,3,0,254044,145
2022-01-01 00:00:04.312,9,14,3,0,195466,145
2022-01-01 00:00:04.313,8,17,1,0,10044,145
2022-01-01 00:00:04.314,9,18,48,1,8553777,145
2022-01-01 00:00:04.315,9,19,26,2,5537777,145
2022-01-01 00:00:04.316,8,15,1,0,9333,145
2022-01-01 00:00:04.317,9,18,1,0,55200,145
2022-01-01 00:00:04.318,8,13,1,0,53066,145
2022-01-01 00:00:04.319,9,12,1,0,6488,145
2022-01-01 00:00:04.320,8,17,3,0,414933,145
2022-01-01 00:00:04.321,8,14,4,0,259644,145
2022-01-01 00:00:04.322,9,12,1,0,6488,145
2022-01-01 00:00:04.323,8,16,5,0,634488,145
2022-01-01 00:00:04.324,9,13,5,0,246755,145
2022-01-01 00:00:04.325,8,16,12,2,1366222,145
2022-01-01 00:00:04.326,8,15,1,0,77422,145
2022-01-01 00:00:04.327,8,17,37,2,5670222,145
2022-01-01 00:00:04.328,9,10,2,0,21333,145
2022-01-01 00:00:04.329,9,12,1,0,6488,145
2022-01-01 00:00:04.330,9,17,3,0,414933,145
2022-01-01 00:00:04.331,8,14,5,0,325688,145
2022-01-01 00:00:04.332,9,18,1,0,10876,145
2022-01-01 00:00:04.333,9,12,1,0,6488,145
2022-01-01 00:00:04.334,8,15,4,0,410755,145
2022-01-01 00:00:04.335,8,13,5,0,255288,145
2022-01-01 00:00:04.336,9,16,7,0,871733,145
2022-01-01 00:00:04.337,8,16,11,0,1322844,145
2022-01-01 00:00:04.338,9,16,21,0,2753422,145
2022-01-01 00:00:04.339,8,17,22,0,3029244,145
2022-01-01 00:00:04.340,9,12,1,0,6488,145
2022-01-01 00:00:04.341,9,14,7,0,515555,145
2022-01-01 00:00:04.342,9,11,3,0,228977,145
2022-01-01 00:00:04.343,9,18,1,0,55200,145
2022-01-01 00:00:04.344,9,18,1,0,55200,145
2022-01-01 00:00:04.345,9,13,1,0,53066,145
2022-01-01 00:00:04.346,8,18,1,0,55200,145
2022-01-01 00:00:04.347,8,15,1,0,57333,145
2022-01-01 00:00:04.348,8,18,1,0,55200,145
2022-01-01 00:00:04.349,9,15,2,0,61688,145
2022-01-01 00:00:04.350,9,17,3,0,429866,145
2022-01-01 00:00:04.351,8,14,5,0,236355,145
2022-01-01 00:00:04.352,9,16,4,0,633600,145
2022-01-01 00:00:04.353,8,13,6,2,263733,145
2022-01-01 00:00:04.354,8,17,10,1,1298577,145
2022-01-01 00:00:04.355,9,18,25,1,4698488,145
2022-01-01 00:00:04.356,8,15,1,0,57333,145
2022-01-01 00:00:04.357,8,12,1,0,6488,144
2022-01-01 00:00:04.358,9,16,3,0,411200,144
2022-01-01 00:00:04.359,9,13,4,0,253600,144
2022-01-01 00:00:04.360,9,16,5,0,699733,144
2022-01-01 00:00:04.361,9,13,6,0,174666,144
2022-01-01 00:00:04.362,9,17,8,0,1285777,144
2022-01-01 00:00:04.363,9,19,1,0,220533,144
2022-01-01 00:00:04.364,8,17,31,2,5424355,144
2022-01-01 00:00:04.365,8,12,1,0,6488,144
2022-01-01 00:00:04.366,8,15,5,0,484355,144
2022-01-01 00:00:04.367,9,11,5,0,258488,144
2022-01-01 00:00:04.368,8,12,1,0,6488,144
2022-01-01 00:00:04.369,8,13,8,1,511022,144
2022-01-01 00:00:04.370,9,6,2,0,157066,144
2022-01-01 00:00:04.371,8,14,7,1,728449,144
2022-01-01 00:00:04.372,9,16,12,0,1440088,144
2022-01-01 00:00:04.373,9,19,5,0,855822,144
2022-01-01 00:00:04.374,7,15,55,3,7504355,144
2022-01-01 00:00:04.375,8,12,25,0,2178400,144
2022-01-01 00:00:04.376,8,12,1,0,6561,144
2022-01-01 00:00:04.377,8,16,3,0,407648,144
2022-01-01 00:00:04.378,8,14,5,0,314133,144
2022-01-01 00:00:04.379,8,0,1,0,6488,144
2022-01-01 00:00:04.380,9,14,6,0,498133,144
2022-01-01 00:00:04.381,7,15,3,0,177258,144
2022-01-01 00:00:04.382,8,15,8,0,714933,144
2022-01-01 00:00:04.383,8,15,12,0,1445600,144
2022-01-01 00:00:04.384,9,17,36,1,5695466,144
2022-01-01 00:00:04.385,9,12,1,0,6488,144
2022-01-01 00:00:04.386,8,15,4,1,413955,144
2022-01-01 00:00:04.387,9,14,4,0,210311,144
2022-01-01 00:00:04.388,8,12,1,0,6488,144
2022-01-01 00:00:04.389,8,17,5,2,511466,144
2022-01-01 00:00:04.390,9,12,4,0,186400,144
2022-01-01 00:00:04.391,9,19,38,5,7252000,144
2022-01-01 00:00:04.392,7,13,36,0,4371111,144
2022-01-01 00:00:04.393,9,12,11,0,1392622,144
2022-01-01 00:00:04.394,9,12,1,0,6488,144
2022-01-01 00:00:04.395,8,18,2,1,305333,144
2022-01-01 00:00:04.396,8,13,7,0,357066,144
2022-01-01 00:00:04.397,8,18,4,1,637866,144
2022-01-01 00:00:04.398,7,13,6,0,246153,144
2022-01-01 00:00:04.399,8,16,9,0,1294202,144
2022-01-01 00:00:04.400,8,17,32,4,5626666,144
2022-01-01 00:00:04.401,8,13,2,0,149688,144
2022-01-01 00:00:04.402,9,12,1,0,6417,144
2022-01-01 00:00:04.403,8,13,5,0,427595,144
2022-01-01 00:00:04.404,9,9,7,1,322133,144
2022-01-01 00:00:04.405,9,12,1,0,6561,144
2022-01-01 00:00:04.406,9,11,10,2,664533,144
2022-01-01 00:00:04.407,8,0,2,0,7111,144
2022-01-01 00:00:04.408,8,13,3,0,452571,144
2022-01-01 00:00:04.409,8,12,6,0,423550,144
2022-01-01 00:00:04.410,8,14,11,0,1298933,144
2022-01-01 00:00:04.411,8,14,37,2,5613066,144
2022-01-01 00:00:04.412,8,11,3,0,28533,144
2022-01-01 00:00:04.413,8,12,1,0,6561,144
2022-01-01 00:00:04.414,8,15,4,0,409511,144
2022-01-01 00:00:04.415,7,11,7,0,334933,144
2022-01-01 00:00:04.416,9,12,1,0,6488,144
2022-01-01 00:00:04.417,9,14,8,1,647288,144
2022-01-01 00:00:04.418,9,11,2,0,11956,144
2022-01-01 00:00:04.419,10,16,4,1,413932,144
2022-01-01 00:00:04.420,8,11,7,1,469626,144
2022-01-01 00:00:04.421,9,17,9,0,1281955,144
2022-01-01 00:00:04.422,8,0,1,0,622,144
2022-01-01 00:00:04.423,8,17,35,2,5694651,144
2022-01-01 00:00:04.424,9,14,1,0,25054,144
2022-01-01 00:00:04.425,9,6,1,0,6666,144
2022-01-01 00:00:04.426,8,15,7,1,723822,144
2022-01-01 00:00:04.427,9,9,2,0,17777,144
2022-01-01 00:00:04.428,8,12,1,0,6417,144
2022-01-01 00:00:04.429,9,16,3,1,409511,144
2022-01-01 00:00:04.430,8,11,6,1,258400,144
2022-01-01 00:00:04.431,7,13,14,3,870666,144
2022-01-01 00:00:04.432,8,12,12,0,1293866,144
2022-01-01 00:00:04.433,9,18,16,1,2873670,144
2022-01-01 00:00:04.434,8,15,18,1,2723466,144
2022-01-01 00:00:04.435,9,12,1,0,6488,144
2022-01-01 00:00:04.436,9,14,9,1,634989,144
2022-01-01 00:00:04.437,8,16,20,0,3066133,144
2022-01-01 00:00:04.438,8,14,15,1,1693955,144
2022-01-01 00:00:04.439,9,12,1,0,6488,144
2022-01-01 00:00:04.440,8,13,11,1,633777,144
2022-01-01 00:00:04.441,8,16,28,2,4702133,144
2022-01-01 00:00:04.442,9,0,1,0,15910,144
2022-01-01 00:00:04.443,9,12,1,0,6488,144
2022-01-01 00:00:04.444,9,13,11,1,623911,144
2022-01-01 00:00:04.445,8,17,25,1,4024000,144
2022-01-01 00:00:04.446,8,11,6,0,688266,144
2022-01-01 00:00:04.447,8,12,3,0,70202,144
2022-01-01 00:00:04.448,8,0,1,0,6417,144
2022-01-01 00:00:04.449,8,14,7,2,694382,144
2022-01-01 00:00:04.450,8,10,3,0,32088,144
2022-01-01 00:00:04.451,8,0,1,0,6417,144
2022-01-01 00:00:04.452,9,14,7,0,573511,144
2022-01-01 00:00:04.453,8,11,1,0,5600,144
2022-01-01 00:00:04.454,9,16,11,0,1528266,144
2022-01-01 00:00:04.455,8,14,23,1,3160711,144
2022-01-01 00:00:04.456,8,15,21,0,2866755,144
2022-01-01 00:00:04.457,8,11,1,0,11466,144
2022-01-01 00:00:04.458,9,12,1,0,6488,144
2022-01-01 00:00:04.459,9,14,5,1,582133,144
2022-01-01 00:00:04.460,9,0,1,0,5600,144
2022-01-01 00:00:04.461,9,15,11,0,1531822,144
2022-01-01 00:00:04.462,8,14,21,0,3161600,144
2022-01-01 00:00:04.463,8,16,19,1,2848088,144
2022-01-01 00:00:04.464,8,16,11,2,1679032,144
2022-01-01 00:00:04.465,8,14,44,5,5530426,144
2022-01-01 00:00:04.466,8,15,17,2,2046133,144
2022-01-01 00:00:04.467,8,12,1,1,6488,151
2022-01-01 00:00:04.468,8,13,5,2,409866,151
2022-01-01 00:00:04.469,8,10,7,1,319820,151
2022-01-01 00:00:04.470,8,12,1,0,6488,151
2022-01-01 00:00:04.471,7,12,8,2,520791,151
2022-01-01 00:00:04.472,8,12,2,0,163288,151
2022-01-01 00:00:04.473,8,13,6,0,630400,151
2022-01-01 00:00:04.474,8,11,7,0,239377,151
2022-01-01 00:00:04.475,8,14,12,0,1280711,151
2022-01-01 00:00:04.476,8,15,16,0,2624000,151
2022-01-01 00:00:04.477,8,14,20,5,2951733,151
2022-01-01 00:00:04.478,7,12,4,5,298044,151
2022-01-01 00:00:04.479,8,9,1,0,5066,151
2022-01-01 00:00:04.480,7,12,1,0,6488,151
2022-01-01 00:00:04.481,8,16,5,2,411466,151
2022-01-01 00:00:04.482,8,11,8,0,351733,151
2022-01-01 00:00:04.483,8,0,2,0,15466,151
2022-01-01 00:00:04.484,9,12,1,0,6488,151
2022-01-01 00:00:04.485,8,13,6,1,420533,151
2022-01-01 00:00:04.486,8,10,7,0,259644,151
2022-01-01 00:00:04.487,8,14,6,2,656888,151
2022-01-01 00:00:04.488,7,13,7,1,389777,151
2022-01-01 00:00:04.489,8,0,8,0,1125333,151
2022-01-01 00:00:04.490,8,16,24,0,4125511,151
2022-01-01 00:00:04.491,7,13,14,4,1521333,151
2022-01-01 00:00:04.492,8,12,1,0,6488,151
2022-01-01 00:00:04.493,8,13,4,0,410844,151
2022-01-01 00:00:04.494,8,12,7,0,325688,151
2022-01-01 00:00:04.495,8,0,1,0,6488,151
2022-01-01 00:00:04.496,8,12,4,1,413511,151
2022-01-01 00:00:04.497,7,11,5,0,242133,151
2022-01-01 00:00:04.498,8,14,9,5,726593,151
2022-01-01 00:00:04.499,8,15,13,0,1454844,151
2022-01-01 00:00:04.500,7,14,34,3,4903111,151
2022-01-01 00:00:04.501,7,11,8,1,759644,151
2022-01-01 00:00:04.502,8,12,1,0,6488,151
2022-01-01 00:00:04.503,7,11,7,1,493688,151
2022-01-01 00:00:04.504,7,11,4,0,242755,151
2022-01-01 00:00:04.505,8,12,1,0,6488,151
2022-01-01 00:00:04.506,8,14,4,1,418222,151
2022-01-01 00:00:04.507,7,11,4,0,244659,151
2022-01-01 00:00:04.508,8,13,9,1,739644,151
2022-01-01 00:00:04.509,8,16,11,1,1265155,151
2022-01-01 00:00:04.510,8,0,1,0,180395,151
2022-01-01 00:00:04.511,8,14,35,1,5092711,151
2022-01-01 00:00:04.512,7,9,6,0,524444,151
2022-01-01 00:00:04.513,8,12,1,0,6561,151
2022-01-01 00:00:04.514,8,13,8,2,730844,151
2022-01-01 00:00:04.515,8,7,2,0,11076,151
2022-01-01 00:00:04.516,8,12,1,0,6488,151
2022-01-01 00:00:04.517,8,12,7,0,505348,151
2022-01-01 00:00:04.518,7,13,4,0,164355,151
2022-01-01 00:00:04.519,8,16,4,0,626197,151
2022-01-01 00:00:04.520,8,12,3,3,89511,151
2022-01-01 00:00:04.521,8,13,4,0,361511,151
2022-01-01 00:00:04.522,8,15,7,0,1109932,151
2022-01-01 00:00:04.523,7,13,41,5,5708674,151
2022-01-01 00:00:04.524,7,9,1,0,15733,151
2022-01-01 00:00:04.525,7,12,1,0,6417,151
2022-01-01 00:00:04.526,7,12,15,2,757213,151
2022-01-01 00:00:04.527,7,11,1,0,5600,151
2022-01-01 00:00:04.528,8,12,1,0,6561,151
2022-01-01 00:00:04.529,8,14,4,2,413688,151
2022-01-01 00:00:04.530,7,11,5,1,238666,151
2022-01-01 00:00:04.531,7,11,7,0,637932,151
2022-01-01 00:00:04.532,7,11,8,3,253538,151
2022-01-01 00:00:04.533,8,14,11,0,1291022,151
2022-01-01 00:00:04.534,8,17,7,5,1144988,151
2022-01-01 00:00:04.535,7,17,27,7,4413450,151
2022-01-01 00:00:04.536,8,0,1,0,15910,151
2022-01-01 00:00:04.537,8,12,1,0,6561,151
2022-01-01 00:00:04.538,7,13,10,0,666133,151
2022-01-01 00:00:04.539,8,4,2,0,9244,151
2022-01-01 00:00:04.540,7,13,12,1,711200,151
2022-01-01 00:00:04.541,8,12,14,0,1464000,151
2022-01-01 00:00:04.542,8,17,25,0,4538157,151
2022-01-01 00:00:04.543,7,11,16,4,1233066,151
2022-01-01 00:00:04.544,8,12,1,0,6488,151
2022-01-01 00:00:04.545,8,14,3,1,412622,151
2022-01-01 00:00:04.546,8,10,8,3,334921,151
2022-01-01 00:00:04.547,8,12,1,0,6561,151
2022-01-01 00:00:04.548,7,10,11,5,653010,151
2022-01-01 00:00:04.549,8,4,1,1,7022,151
2022-01-01 00:00:04.550,7,10,8,1,701511,151
2022-01-01 00:00:04.551,8,8,4,2,147822,151
2022-01-01 00:00:04.552,8,11,14,2,1297777,151
2022-01-01 00:00:04.553,8,12,51,3,6309010,151
2022-01-01 00:00:04.554,7,9,44,3,3174044,151
2022-01-01 00:00:04.555,7,10,11,1,997955,151
2022-01-01 00:00:04.556,7,12,1,0,6488,151
2022-01-01 00:00:04.557,9,14,3,1,410933,151
2022-01-01 00:00:04.558,8,10,5,3,307111,151
2022-01-01 00:00:04.559,8,6,1,0,6666,151
2022-01-01 00:00:04.560,9,14,1,1,156800,151
2022-01-01 00:00:04.561,7,9,10,1,502666,151
2022-01-01 00:00:04.562,8,0,1,0,6666,151
2022-01-01 00:00:04.563,8,12,6,1,637752,151
2022-01-01 00:00:04.564,8,10,8,0,237186,151
2022-01-01 00:00:04.565,8,11,11,1,1279733,151
2022-01-01 00:00:04.566,9,14,19,2,2850311,151
2022-01-01 00:00:04.567,6,8,29,2,2715288,151
2022-01-01 00:00:04.568,8,9,2,0,73777,151
2022-01-01 00:00:04.569,8,0,1,0,6561,151
2022-01-01 00:00:04.570,8,13,6,2,474197,151
2022-01-01 00:00:04.571,7,7,6,1,247022,151
2022-01-01 00:00:04.572,8,3,1,1,5600,151
2022-01-01 00:00:04.573,7,8,1,0,18577,151
2022-01-01 00:00:04.574,7,9,7,0,524266,151
2022-01-01 00:00:04.575,8,0,1,0,8977,151
2022-01-01 00:00:04.576,8,0,1,0,6666,151
2022-01-01 00:00:04.577,7,9,8,1,495733,151
2022-01-01 00:00:04.578,7,8,4,0,164800,151
2022-01-01 00:00:04.579,8,11,6,0,633777,151
2022-01-01 00:00:04.580,7,6,7,0,241707,151
2022-01-01 00:00:04.581,7,11,12,0,1271912,151
2022-01-01 00:00:04.582,8,13,18,0,2372800,151
2022-01-01 00:00:04.583,7,12,27,3,3241066,151
2022-01-01 00:00:04.584,8,7,1,0,16629,151
2022-01-01 00:00:04.585,8,6,1,0,6666,151
2022-01-01 00:00:04.586,7,10,8,3,593955,151
2022-01-01 00:00:04.587,8,6,3,1,86844,151
2022-01-01 00:00:04.588,7,9,12,0,880177,151
2022-01-01 00:00:04.589,7,9,12,2,939911,151
2022-01-01 00:00:04.590,6,0,3,0,360977,151
2022-01-01 00:00:04.591,7,11,28,3,2975120,151
2022-01-01 00:00:04.592,6,8,34,11,2106577,151
2022-01-01 00:00:04.593,7,6,12,0,535288,151
2022-01-01 00:00:04.594,9,12,1,0,6561,151
2022-01-01 00:00:04.595,8,11,1,0,5538,151
2022-01-01 00:00:04.596,8,9,11,1,727280,151
2022-01-01 00:00:04.597,8,11,1,1,11340,151
2022-01-01 00:00:04.598,8,12,1,0,6488,151
2022-01-01 00:00:04.599,8,10,7,1,502577,151
2022-01-01 00:00:04.600,8,10,2,1,165303,151
2022-01-01 00:00:04.601,7,10,13,1,852266,151
2022-01-01 00:00:04.602,9,13,11,0,1293333,151
2022-01-01 00:00:04.603,9,14,30,2,4491415,151
2022-01-01 00:00:04.604,7,11,11,3,1189866,151
2022-01-01 00:00:04.605,8,6,1,1,6666,151
2022-01-01 00:00:04.606,8,13,4,1,410844,151
2022-01-01 00:00:04.607,7,8,9,0,336622,151
2022-01-01 00:00:04.608,8,8,2,0,74725,151
2022-01-01 00:00:04.609,9,0,1,0,6666,151
2022-01-01 00:00:04.610,8,12,3,0,331377,151
2022-01-01 00:00:04.611,7,10,36,0,3394133,151
2022-01-01 00:00:04.612,7,10,39,0,3650067,151
2022-01-01 00:00:04.613,7,10,39,4,3484747,151
2022-01-01 00:00:04.614,7,11,27,2,2720266,151
2022-01-01 00:00:04.615,8,11,33,2,3439377,151
2022-01-01 00:00:04.616,7,11,32,1,3340943,151
2022-01-01 00:00:04.617,7,10,27,4,2503472,151
2022-01-01 00:00:04.618,6,8,36,2,2734577,151
2022-01-01 00:00:04.619,7,11,31,3,3128266,151
2022-01-01 00:00:04.620,7,11,52,3,5165333,151
2022-01-01 00:00:04.621,7,9,60,1,4220088,151
2022-01-01 00:00:04.622,8,10,11,0,801511,151
2022-01-01 00:00:04.623,8,0,1,0,12177,151
2022-01-01 00:00:04.624,8,11,1,0,5600,151
2022-01-01 00:00:04.625,8,7,1,0,7911,151
2022-01-01 00:00:04.626,8,12,2,0,76224,151
2022-01-01 00:00:04.627,8,4,1,0,6945,151
2022-01-01 00:00:04.628,8,12,3,0,330400,151
2022-01-01 00:00:04.629,8,12,25,2,2888000,151
2022-01-01 00:00:04.630,7,10,40,3,3603555,151
2022-01-01 00:00:04.631,8,7,4,0,190400,151
2022-01-01 00:00:04.632,8,9,4,0,90488,151
2022-01-01 00:00:04.633,9,12,3,0,333752,151
2022-01-01 00:00:04.634,7,10,42,3,3639912,151
2022-01-01 00:00:04.635,8,12,34,4,3905066,151
2022-01-01 00:00:04.636,7,11,47,1,3795466,151
2022-01-01 00:00:04.637,8,11,41,4,3207555,151
2022-01-01 00:00:04.638,8,7,3,1,129333,151
2022-01-01 00:00:04.639,8,6,1,0,6666,151
2022-01-01 00:00:04.640,9,13,3,0,330755,151
2022-01-01 00:00:04.641,8,11,35,3,3272444,151
2022-01-01 00:00:04.642,7,11,38,0,3921955,151
2022-01-01 00:00:04.643,8,6,2,0,19555,151
2022-01-01 00:00:04.644,9,11,1,0,5538,151
2022-01-01 00:00:04.645,9,12,1,0,6488,151
2022-01-01 00:00:04.646,9,11,4,0,337955,151
2022-01-01 00:00:04.647,8,12,27,2,3142222,151
2022-01-01 00:00:04.648,7,11,63,3,5940000,151
2022-01-01 00:00:04.649,7,9,72,0,5584355,151
2022-01-01 00:00:04.650,7,10,83,2,6126311,151
2022-01-01 00:00:04.651,8,11,38,1,2857066,151
2022-01-01 00:00:04.652,9,5,1,0,8622,151
2022-01-01 00:00:04.653,9,7,1,0,7911,151
2022-01-01 00:00:04.654,7,6,1,0,6666,151
2022-01-01 00:00:04.655,7,9,11,4,663733,151
2022-01-01 00:00:04.656,8,11,6,0,633777,151
2022-01-01 00:00:04.657,7,9,7,2,264977,151
2022-01-01 00:00:04.658,8,11,12,1,1281777,151
2022-01-01 00:00:04.659,8,14,35,1,4999555,151
2022-01-01 00:00:04.660,7,9,9,0,626755,151
2022-01-01 00:00:04.661,8,7,1,0,7824,151
2022-01-01 00:00:04.662,8,6,1,0,6666,151
2022-01-01 00:00:04.663,7,10,9,3,494666,151
2022-01-01 00:00:04.664,7,9,5,0,184444,151
2022-01-01 00:00:04.665,7,8,12,1,723733,151
2022-01-01 00:00:04.666,7,7,4,1,157511,151
2022-01-01 00:00:04.667,8,12,12,0,1284622,151
2022-01-01 00:00:04.668,8,14,9,0,1326400,151
2022-01-01 00:00:04.669,7,11,40,9,4317511,151
2022-01-01 00:00:04.670,8,0,1,0,12177,151
2022-01-01 00:00:04.671,8,6,1,0,6666,151
2022-01-01 00:00:04.672,7,9,8,1,494222,151
2022-01-01 00:00:04.673,7,6,10,2,388977,151
2022-01-01 00:00:04.674,8,11,12,1,871288,151
2022-01-01 00:00:04.675,8,11,4,1,133866,151
2022-01-01 00:00:04.676,7,10,7,2,508355,151
2022-01-01 00:00:04.677,8,0,1,0,5600,151
2022-01-01 00:00:04.678,6,7,50,3,3605688,151
2022-01-01 00:00:04.679,6,5,30,3,1704533,151
2022-01-01 00:00:04.680,7,6,41,0,2398666,151
2022-01-01 00:00:04.681,6,6,35,3,2225600,151
2022-01-01 00:00:04.682,6,6,26,2,1608266,151
2022-01-01 00:00:04.683,6,5,40,0,2086400,151
2022-01-01 00:00:04.684,7,6,31,3,2100888,151
2022-01-01 00:00:04.685,7,6,28,2,1651200,151
2022-01-01 00:00:04.686,6,8,32,5,2454577,151
2022-01-01 00:00:04.687,6,6,30,0,1829866,151
2022-01-01 00:00:04.688,6,5,34,1,1950933,151
2022-01-01 00:00:04.689,7,6,36,2,2294577,151
2022-01-01 00:00:04.690,7,6,34,1,2297244,151
2022-01-01 00:00:04.691,6,6,28,0,1840355,151
2022-01-01 00:00:04.692,7,6,38,2,2334577,151
2022-01-01 00:00:04.693,6,6,33,1,2186044,151
2022-01-01 00:00:04.694,7,7,32,1,2165511,151
2022-01-01 00:00:04.695,7,7,31,3,2164622,151
2022-01-01 00:00:04.696,7,7,22,1,1456888,151
2022-01-01 00:00:04.697,7,5,2,0,40355,151
2022-01-01 00:00:04.698,8,6,1,0,6666,151
2022-01-01 00:00:04.699,8,9,8,1,485688,151
2022-01-01 00:00:04.700,7,6,5,0,164711,151
2022-01-01 00:00:04.701,7,8,15,3,856000,151
2022-01-01 00:00:04.702,8,8,18,2,1297066,151
2022-01-01 00:00:04.703,7,9,41,2,3482933,151
2022-01-01 00:00:04.704,6,6,38,0,2066844,151
2022-01-01 00:00:04.705,5,4,35,9,1695912,151
2022-01-01 00:00:04.706,6,3,46,3,1332674,151
2022-01-01 00:00:04.707,6,6,36,0,1998666,151
2022-01-01 00:00:04.708,8,6,1,0,6666,151
2022-01-01 00:00:04.709,7,8,14,2,728533,151
2022-01-01 00:00:04.710,7,6,2,1,17777,151
2022-01-01 00:00:04.711,7,3,1,0,5600,151
2022-01-01 00:00:04.712,7,8,4,0,250133,151
2022-01-01 00:00:04.713,7,5,3,2,77955,151
2022-01-01 00:00:04.714,7,10,14,0,1122311,151
2022-01-01 00:00:04.715,8,9,8,0,453155,151
2022-01-01 00:00:04.716,8,5,1,0,5600,151
2022-01-01 00:00:04.717,8,9,5,0,381098,151
2022-01-01 00:00:04.718,8,7,3,0,56088,151
2022-01-01 00:00:04.719,7,8,19,0,1426222,151
2022-01-01 00:00:04.720,7,4,7,0,287555,151
2022-01-01 00:00:04.721,7,6,29,0,1774133,151
2022-01-01 00:00:04.722,6,5,37,3,1823733,151
2022-01-01 00:00:04.723,6,6,40,1,2401244,151
2022-01-01 00:00:04.724,7,6,38,0,2531733,151
2022-01-01 00:00:04.725,7,6,22,7,1400177,151
2022-01-01 00:00:04.726,6,5,31,1,1500355,151
2022-01-01 00:00:04.727,7,6,38,1,2532977,151
2022-01-01 00:00:04.728,6,6,30,2,1937955,151
2022-01-01 00:00:04.729,6,6,27,2,1625866,151
2022-01-01 00:00:04.730,6,5,40,1,1902222,151
2022-01-01 00:00:04.731,7,6,39,2,2542488,151
2022-01-01 00:00:04.732,6,6,26,1,1560177,151
2022-01-01 00:00:04.733,6,5,7,0,381422,151
2022-01-01 00:00:04.734,8,4,1,0,4533,151
2022-01-01 00:00:04.735,8,6,1,0,6666,151
2022-01-01 00:00:04.736,8,11,1,0,5600,151
2022-01-01 00:00:04.737,8,9,8,0,499022,151
2022-01-01 00:00:04.738,8,11,12,1,1092800,151
2022-01-01 00:00:04.739,8,7,1,0,7911,151
2022-01-01 00:00:04.740,8,6,1,0,6666,151
2022-01-01 00:00:04.741,8,9,3,0,269244,151
2022-01-01 00:00:04.742,8,6,2,0,43022,151
2022-01-01 00:00:04.743,9,11,1,0,5600,151
2022-01-01 00:00:04.744,8,10,35,0,3173777,151
2022-01-01 00:00:04.745,8,5,3,0,191733,151
2022-01-01 00:00:04.746,8,9,2,0,130488,151
2022-01-01 00:00:04.747,8,9,2,0,130488,151
2022-01-01 00:00:04.748,8,9,2,0,130488,151
2022-01-01 00:00:04.749,8,4,1,0,40266,173
2022-01-01 00:00:04.750,8,4,13,0,488266,173
2022-01-01 00:00:04.751,8,3,8,1,210666,173
2022-01-01 00:00:04.752,7,3,18,1,641244,173
2022-01-01 00:00:04.753,8,3,11,1,249155,173
2022-01-01 00:00:04.754,7,4,31,0,1288800,173
2022-01-01 00:00:04.755,8,4,65,0,2721777,173
2022-01-01 00:00:04.756,8,4,73,0,2935200,173
2022-01-01 00:00:04.757,7,4,1,0,23911,173
2022-01-01 00:00:04.758,8,4,1,0,7022,173
2022-01-01 00:00:04.759,8,4,18,0,723200,173
2022-01-01 00:00:04.760,7,4,1,0,11822,173
2022-01-01 00:00:04.761,7,3,1,0,27466,173
2022-01-01 00:00:04.762,8,2,1,0,5777,173
2022-01-01 00:00:04.763,8,4,11,0,324888,173
2022-01-01 00:00:04.764,8,4,3,0,102133,173
2022-01-01 00:00:04.765,8,4,19,0,725955,173
2022-01-01 00:00:04.766,8,4,1,0,7022,173
2022-01-01 00:00:04.767,7,4,12,0,515200,173
2022-01-01 00:00:04.768,8,2,9,0,166311,173
2022-01-01 00:00:04.769,8,4,20,3,718755,173
2022-01-01 00:00:04.770,7,2,14,2,338222,173
2022-01-01 00:00:04.771,7,4,28,1,1118933,173
2022-01-01 00:00:04.772,7,4,29,1,1301244,173
2022-01-01 00:00:04.773,8,3,44,3,1490222,173
2022-01-01 00:00:04.774,7,2,42,1,1043288,173
2022-01-01 00:00:04.775,8,4,39,1,1423822,173
2022-01-01 00:00:04.776,8,4,11,0,421955,173
2022-01-01 00:00:04.777,7,4,1,0,7022,173
2022-01-01 00:00:04.778,8,4,26,0,726133,173
2022-01-01 00:00:04.779,7,0,1,0,11822,173
2022-01-01 00:00:04.780,7,2,1,0,7200,173
2022-01-01 00:00:04.781,7,2,25,2,654755,173
2022-01-01 00:00:04.782,8,4,1,0,9333,173
2022-01-01 00:00:04.783,8,3,11,1,375022,173
2022-01-01 00:00:04.784,8,4,12,4,464533,173
2022-01-01 00:00:04.785,7,2,4,0,28088,173
2022-01-01 00:00:04.786,7,2,43,2,1073887,173
2022-01-01 00:00:04.787,8,3,8,1,235780,173
2022-01-01 00:00:04.788,7,4,19,0,769777,173
2022-01-01 00:00:04.789,7,3,33,1,1134488,173
2022-01-01 00:00:04.790,8,4,27,4,1019288,173
2022-01-01 00:00:04.791,7,3,29,1,988177,173
2022-01-01 00:00:04.792,7,3,22,0,648355,173
2022-01-01 00:00:04.793,7,3,25,0,889688,173
2022-01-01 00:00:04.794,8,2,10,0,223822,173
2022-01-01 00:00:04.795,8,4,11,0,420533,173
2022-01-01 00:00:04.796,8,4,1,0,23911,173
2022-01-01 00:00:04.797,8,2,16,0,320888,173
2022-01-01 00:00:04.798,9,5,2,0,26844,173
2022-01-01 00:00:04.799,9,5,1,0,5600,173
2022-01-01 00:00:04.800,8,3,2,0,18133,173
2022-01-01 00:00:04.801,9,6,7,2,436355,173
2022-01-01 00:00:04.802,9,5,3,0,87022,173
2022-01-01 00:00:04.803,8,20,1,0,53066,189
2022-01-01 00:00:04.804,8,20,1,0,53066,189
2022-01-01 00:00:04.805,8,12,1,0,6488,189
2022-01-01 00:00:04.806,8,21,3,0,408711,189
2022-01-01 00:00:04.807,8,19,3,0,242844,189
2022-01-01 00:00:04.808,7,0,1,0,6488,189
2022-01-01 00:00:04.809,8,19,6,0,709955,189
2022-01-01 00:00:04.810,8,15,5,0,158311,189
2022-01-01 00:00:04.811,7,21,8,1,1297244,189
2022-01-01 00:00:04.812,8,20,15,0,2470133,189
2022-01-01 00:00:04.813,8,19,20,0,3207822,189
2022-01-01 00:00:04.814,7,12,1,0,6488,189
2022-01-01 00:00:04.815,8,17,3,0,423466,189
2022-01-01 00:00:04.816,7,17,5,0,286933,189
2022-01-01 00:00:04.817,7,17,8,1,717066,189
2022-01-01 00:00:04.818,8,13,5,0,179200,189
2022-01-01 00:00:04.819,7,20,7,0,1282577,189
2022-01-01 00:00:04.820,8,20,28,0,5661866,189
2022-01-01 00:00:04.821,8,12,1,0,6488,189
2022-01-01 00:00:04.822,7,17,3,0,423466,189
2022-01-01 00:00:04.823,8,18,4,0,206044,189
2022-01-01 00:00:04.824,7,12,1,0,6488,189
2022-01-01 00:00:04.825,8,19,4,1,629066,189
2022-01-01 00:00:04.826,7,16,4,0,210133,189
2022-01-01 00:00:04.827,8,21,2,0,100266,189
2022-01-01 00:00:04.828,8,18,1,0,10755,189
2022-01-01 00:00:04.829,8,19,13,0,1622222,189
2022-01-01 00:00:04.830,7,20,27,2,4566577,189
2022-01-01 00:00:04.831,8,21,12,0,2817066,189
2022-01-01 00:00:04.832,7,21,11,0,2613600,189
2022-01-01 00:00:04.833,8,21,11,1,2596533,189
2022-01-01 00:00:04.834,7,21,13,0,3088800,189
2022-01-01 00:00:04.835,8,21,14,1,3317866,189
2022-01-01 00:00:04.836,7,21,16,0,3569777,189
2022-01-01 00:00:04.837,8,21,14,0,3086044,189
2022-01-01 00:00:04.838,7,21,16,0,3561244,189
2022-01-01 00:00:04.839,8,21,15,0,3332177,189
2022-01-01 00:00:04.840,8,21,13,1,3088800,189
2022-01-01 00:00:04.841,8,21,24,0,5253333,189
2022-01-01 00:00:04.842,8,21,18,0,4268266,189
2022-01-01 00:00:04.843,8,21,28,0,5742577,189
2022-01-01 00:00:04.844,8,21,27,0,5951555,189
2022-01-01 00:00:04.845,7,21,24,0,5685333,189
2022-01-01 00:00:04.846,8,19,37,0,7303640,189
2022-01-01 00:00:04.847,7,19,45,0,5929318,189
2022-01-01 00:00:04.848,8,18,46,0,5959111,189
2022-01-01 00:00:04.849,8,19,35,0,5227644,189
2022-01-01 00:00:04.850,7,12,2,0,26488,189
2022-01-01 00:00:04.851,8,12,1,0,6488,189
2022-01-01 00:00:04.852,7,18,8,0,709422,189
2022-01-01 00:00:04.853,8,0,1,0,5600,189
2022-01-01 00:00:04.854,8,20,41,1,7164622,189
2022-01-01 00:00:04.855,8,21,25,0,5493422,189
2022-01-01 00:00:04.856,7,21,30,0,6870577,189
2022-01-01 00:00:04.857,8,15,2,0,16355,189
2022-01-01 00:00:04.858,7,12,1,0,6488,189
2022-01-01 00:00:04.859,8,17,8,1,717600,189
2022-01-01 00:00:04.860,8,11,3,0,156088,189
2022-01-01 00:00:04.861,8,19,7,0,715555,189
2022-01-01 00:00:04.862,8,20,45,0,7975111,189
2022-01-01 00:00:04.863,7,21,20,2,4743466,189
2022-01-01 00:00:04.864,8,21,11,0,2579466,189
2022-01-01 00:00:04.865,7,21,19,0,3836000,189
2022-01-01 00:00:04.866,8,21,13,1,3080266,189
2022-01-01 00:00:04.867,8,19,6,1,1103022,189
2022-01-01 00:00:04.868,7,20,1,0,53066,189
2022-01-01 00:00:04.869,8,20,1,0,53066,189
2022-01-01 00:00:04.870,8,20,1,0,53066,189
2022-01-01 00:00:04.871,7,18,1,0,55200,189
2022-01-01 00:00:04.872,8,20,1,0,53066,189
2022-01-01 00:00:04.873,7,20,1,0,53066,189
2022-01-01 00:00:04.874,8,20,1,0,53066,189
2022-01-01 00:00:04.875,8,12,1,0,6488,189
2022-01-01 00:00:04.876,8,16,7,0,666755,189
2022-01-01 00:00:04.877,7,12,2,0,12088,189
2022-01-01 00:00:04.878,8,20,5,0,700088,189
2022-01-01 00:00:04.879,7,14,5,0,193066,189
2022-01-01 00:00:04.880,8,21,8,0,1299377,189
2022-01-01 00:00:04.881,7,20,1,0,53066,189
2022-01-01 00:00:04.882,8,20,26,0,5608177,189
2022-01-01 00:00:04.883,8,0,1,0,17155,189
2022-01-01 00:00:04.884,8,20,1,0,53066,189
2022-01-01 00:00:04.885,8,12,1,0,6488,189
2022-01-01 00:00:04.886,7,18,8,0,729866,189
2022-01-01 00:00:04.887,8,14,2,1,16355,189
2022-01-01 00:00:04.888,7,20,1,0,53066,189
2022-01-01 00:00:04.889,7,20,1,0,53066,189
2022-01-01 00:00:04.890,7,12,1,0,6488,189
2022-01-01 00:00:04.891,7,17,3,0,412800,189
2022-01-01 00:00:04.892,8,16,6,1,260533,189
2022-01-01 00:00:04.893,7,19,4,1,629066,189
2022-01-01 00:00:04.894,8,16,6,0,241688,189
2022-01-01 00:00:04.895,7,18,8,0,1299733,189
2022-01-01 00:00:04.896,8,0,1,0,53066,189
2022-01-01 00:00:04.897,8,20,7,0,1374400,189
2022-01-01 00:00:04.898,7,19,27,0,4374666,189
2022-01-01 00:00:04.899,7,12,1,0,6488,189
2022-01-01 00:00:04.900,8,17,8,4,501066,189
2022-01-01 00:00:04.901,8,14,6,0,272977,189
2022-01-01 00:00:04.902,8,18,5,0,747733,189
2022-01-01 00:00:04.903,8,14,6,0,240088,189
2022-01-01 00:00:04.904,8,21,7,1,1295200,189
2022-01-01 00:00:04.905,7,20,1,0,53066,189
2022-01-01 00:00:04.906,8,20,23,0,4679377,189
2022-01-01 00:00:04.907,7,20,6,0,1090488,189
2022-01-01 00:00:04.908,8,12,1,0,6488,189
2022-01-01 00:00:04.909,8,17,10,1,883555,189
2022-01-01 00:00:04.910,8,17,5,1,682133,189
2022-01-01 00:00:04.911,8,16,7,0,360355,189
2022-01-01 00:00:04.912,7,12,1,0,6488,189
2022-01-01 00:00:04.913,8,20,1,1,229066,189
2022-01-01 00:00:04.914,7,19,5,0,304177,189
2022-01-01 00:00:04.915,8,11,1,0,5600,189
2022-01-01 00:00:04.916,7,19,11,0,1752533,189
2022-01-01 00:00:04.917,8,20,25,0,4844977,189
2022-01-01 00:00:04.918,8,21,16,0,3793066,189
2022-01-01 00:00:04.919,8,21,10,1,2376000,189
2022-01-01 00:00:04.920,7,21,13,0,3080266,189
2022-01-01 00:00:04.921,8,21,16,0,3793066,189
2022-01-01 00:00:04.922,7,21,19,0,4067822,189
2022-01-01 00:00:04.923,8,21,13,0,3071733,189
2022-01-01 00:00:04.924,7,21,15,1,3555466,189
2022-01-01 00:00:04.925,7,21,13,0,3071733,189
2022-01-01 00:00:04.926,8,21,15,0,3564000,189
2022-01-01 00:00:04.927,8,21,13,1,3080266,189
2022-01-01 00:00:04.928,8,20,2,0,97600,189
2022-01-01 00:00:04.929,8,12,1,0,6488,189
2022-01-01 00:00:04.930,7,21,4,0,512444,189
2022-01-01 00:00:04.931,8,12,2,0,163288,189
2022-01-01 00:00:04.932,8,18,9,1,632622,189
2022-01-01 00:00:04.933,8,16,7,1,260088,189
2022-01-01 00:00:04.934,7,20,7,0,1288888,189
2022-01-01 00:00:04.935,8,21,17,0,4039200,189
2022-01-01 00:00:04.936,7,21,18,1,3804622,189
2022-01-01 00:00:04.937,7,21,13,0,2642222,189
2022-01-01 00:00:04.938,8,14,1,0,17155,189
2022-01-01 00:00:04.939,8,20,1,0,53066,189
2022-01-01 00:00:04.940,8,20,1,0,53066,189
2022-01-01 00:00:04.941,7,16,2,0,59555,189
2022-01-01 00:00:04.942,8,19,3,0,296266,189
2022-01-01 00:00:04.943,8,18,8,0,499604,189
2022-01-01 00:00:04.944,8,0,1,0,53662,189
2022-01-01 00:00:04.945,7,20,1,0,53066,189
2022-01-01 00:00:04.946,7,20,2,1,54577,189
2022-01-01 00:00:04.947,8,12,1,0,6488,189
2022-01-01 00:00:04.948,8,18,4,1,410666,189
2022-01-01 00:00:04.949,8,16,6,0,244533,189
2022-01-01 00:00:04.950,8,18,9,1,877066,189
2022-01-01 00:00:04.951,8,18,8,0,1292266,189
2022-01-01 00:00:04.952,7,21,1,0,71733,189
2022-01-01 00:00:04.953,8,20,1,0,53066,189
2022-01-01 00:00:04.954,8,21,16,0,3759200,189
2022-01-01 00:00:04.955,7,17,11,0,1952977,189
2022-01-01 00:00:04.956,8,0,1,0,5600,189
2022-01-01 00:00:04.957,8,12,1,0,6488,189
2022-01-01 00:00:04.958,7,14,10,0,893422,189
2022-01-01 00:00:04.959,8,21,4,0,633511,189
2022-01-01 00:00:04.960,7,17,6,0,247911,189
2022-01-01 00:00:04.961,8,14,4,0,128711,189
2022-01-01 00:00:04.962,8,18,5,1,498844,189
2022-01-01 00:00:04.963,7,0,1,0,5600,189
2022-01-01 00:00:04.964,8,21,9,0,2002400,189
2022-01-01 00:00:04.965,8,20,23,0,4673511,189
2022-01-01 00:00:04.966,8,21,12,1,2842666,189
2022-01-01 00:00:04.967,7,21,16,0,3793066,189
2022-01-01 00:00:04.968,8,21,12,2,2619377,189
2022-01-01 00:00:04.969,7,21,12,1,2851200,189
2022-01-01 00:00:04.970,8,21,18,1,4259733,189
2022-01-01 00:00:04.971,7,21,14,0,3326400,189
2022-01-01 00:00:04.972,7,21,16,0,3793066,189
2022-01-01 00:00:04.973,8,21,14,0,3317866,189
2022-01-01 00:00:04.974,8,21,16,0,3708000,189
2022-01-01 00:00:04.975,8,19,15,0,2989066,189
2022-01-01 00:00:04.976,7,0,1,0,21422,189
2022-01-01 00:00:04.977,8,11,1,0,6488,189
2022-01-01 00:00:04.978,8,21,5,0,509511,189
2022-01-01 00:00:04.979,7,15,2,0,163288,189
2022-01-01 00:00:04.980,7,19,7,1,710755,189
2022-01-01 00:00:04.981,7,17,4,0,160800,189
2022-01-01 00:00:04.982,8,17,9,0,1293333,189
2022-01-01 00:00:04.983,8,19,12,0,1753600,189
2022-01-01 00:00:04.984,8,19,26,1,3988888,189
2022-01-01 00:00:04.985,8,12,1,0,6488,189
2022-01-01 00:00:04.986,8,17,3,0,412800,189
2022-01-01 00:00:04.987,7,19,7,0,339288,189
2022-01-01 00:00:04.988,8,11,1,1,5600,189
2022-01-01 00:00:04.989,7,12,1,0,6488,189
2022-01-01 00:00:04.990,7,19,4,0,484533,189
2022-01-01 00:00:04.991,8,16,4,0,183200,189
2022-01-01 00:00:04.992,7,16,6,0,703911,189
2022-01-01 00:00:04.993,8,17,7,0,365155,189
2022-01-01 00:00:04.994,7,21,8,0,1094844,189
2022-01-01 00:00:04.995,8,18,2,0,381600,189
2022-01-01 00:00:04.996,7,18,34,0,5261155,189
2022-01-01 00:00:04.997,8,11,2,0,28088,189
2022-01-01 00:00:04.998,8,12,1,0,6488,189
2022-01-01 00:00:04.999,7,21,2,0,417866,189
2022-01-01 00:00:05.000,8,20,4,0,325866,189
2022-01-01 00:00:05.001,8,12,1,0,6488,189
2022-01-01 00:00:05.002,8,16,10,1,672888,189
2022-01-01 00:00:05.003,8,21,1,0,229066,189
2022-01-01 00:00:05.004,8,15,7,0,643288,189
2022-01-01 00:00:05.005,8,18,10,1,1304533,189
2022-01-01 00:00:05.006,8,19,29,1,4472711,189
2022-01-01 00:00:05.007,8,20,6,1,1175555,189
2022-01-01 00:00:05.008,8,20,1,0,53066,189
2022-01-01 00:00:05.009,8,20,1,0,53066,189
2022-01-01 00:00:05.010,8,20,1,0,53066,189
2022-01-01 00:00:05.011,7,18,1,0,55200,189
2022-01-01 00:00:05.012,8,20,1,0,53066,189
2022-01-01 00:00:05.013,7,16,2,0,59555,189
2022-01-01 00:00:05.014,8,20,2,0,417866,189
2022-01-01 00:00:05.015,8,16,7,0,270755,189
2022-01-01 00:00:05.016,7,19,26,0,4737777,189
2022-01-01 00:00:05.017,8,20,1,0,53066,189
2022-01-01 00:00:05.018,8,16,2,0,59555,189
2022-01-01 00:00:05.019,7,21,2,0,426400,189
2022-01-01 00:00:05.020,8,15,6,1,260533,189
2022-01-01 00:00:05.021,8,17,7,0,871733,189
2022-01-01 00:00:05.022,8,18,9,0,1313333,189
2022-01-01 00:00:05.023,9,20,19,0,3683911,189
2022-01-01 00:00:05.024,8,20,11,0,1957600,189
2022-01-01 00:00:05.025,8,20,1,0,52483,189
2022-01-01 00:00:05.026,8,12,1,0,6561,189
2022-01-01 00:00:05.027,8,18,6,1,563111,189
2022-01-01 00:00:05.028,8,13,3,0,240266,189
2022-01-01 00:00:05.029,7,0,1,0,53662,189
2022-01-01 00:00:05.030,8,12,1,0,6488,189
2022-01-01 00:00:05.031,8,16,3,1,465758,189
2022-01-01 00:00:05.032,8,19,2,0,29511,189
2022-01-01 00:00:05.033,9,13,1,0,7555,189
2022-01-01 00:00:05.034,8,16,4,0,251955,189
2022-01-01 00:00:05.035,8,18,6,0,709955,189
2022-01-01 00:00:05.036,8,15,4,0,162725,189
2022-01-01 00:00:05.037,7,13,1,0,7555,189
2022-01-01 00:00:05.038,9,19,7,0,1335640,189
2022-01-01 00:00:05.039,8,11,1,0,5538,189
2022-01-01 00:00:05.040,8,19,31,0,5473797,189
2022-01-01 00:00:05.041,8,14,3,0,242197,189
2022-01-01 00:00:05.042,8,12,1,0,6561,189
2022-01-01 00:00:05.043,8,19,5,1,537600,189
2022-01-01 00:00:05.044,8,19,2,0,239822,189
2022-01-01 00:00:05.045,8,20,1,0,53066,189
2022-01-01 00:00:05.046,8,20,2,0,54577,189
2022-01-01 00:00:05.047,8,12,1,0,6417,189
2022-01-01 00:00:05.048,8,21,2,0,426400,189
2022-01-01 00:00:05.049,8,21,4,1,244355,189
2022-01-01 00:00:05.050,8,15,2,0,60224,189
2022-01-01 00:00:05.051,8,19,9,0,869274,189
2022-01-01 00:00:05.052,9,18,9,0,1315377,189
2022-01-01 00:00:05.053,8,19,20,0,2885333,189
2022-01-01 00:00:05.054,8,20,18,0,2773511,189
2022-01-01 00:00:05.055,8,12,1,0,6488,189
2022-01-01 00:00:05.056,8,18,7,0,703911,189
2022-01-01 00:00:05.057,8,12,1,0,6488,189
2022-01-01 00:00:05.058,8,16,9,0,844266,189
2022-01-01 00:00:05.059,8,17,3,0,173155,189
2022-01-01 00:00:05.060,7,21,6,0,1289600,189
2022-01-01 00:00:05.061,8,20,20,1,4565333,189
2022-01-01 00:00:05.062,8,21,18,0,4259733,189
2022-01-01 00:00:05.063,8,18,11,0,1762400,189
2022-01-01 00:00:05.064,9,12,1,0,6488,189
2022-01-01 00:00:05.065,8,17,4,0,517955,189
2022-01-01 00:00:05.066,8,16,5,0,188800,189
2022-01-01 00:00:05.067,8,19,4,0,637600,189
2022-01-01 00:00:05.068,8,16,4,1,244000,189
2022-01-01 00:00:05.069,8,18,9,0,1296444,189
2022-01-01 00:00:05.070,8,19,20,0,2677511,189
2022-01-01 00:00:05.071,8,19,20,1,2990666,189
2022-01-01 00:00:05.072,8,12,1,0,6488,189
2022-01-01 00:00:05.073,7,20,3,1,479466,189
2022-01-01 00:00:05.074,9,18,8,2,382222,189
2022-01-01 00:00:05.075,8,20,1,0,53066,189
2022-01-01 00:00:05.076,8,0,1,0,53066,189
2022-01-01 00:00:05.077,8,20,1,0,53066,189
2022-01-01 00:00:05.078,8,20,1,0,53066,189
2022-01-01 00:00:05.079,7,20,1,0,53066,189
2022-01-01 00:00:05.080,8,12,1,0,6488,189
2022-01-01 00:00:05.081,8,17,8,1,650400,189
2022-01-01 00:00:05.082,8,17,1,0,6488,189
2022-01-01 00:00:05.083,8,14,9,2,867644,189
2022-01-01 00:00:05.084,9,20,11,0,1290222,189
2022-01-01 00:00:05.085,8,20,20,1,3948355,189
2022-01-01 00:00:05.086,8,17,12,1,1775200,189
2022-01-01 00:00:05.087,8,12,1,0,6488,189
2022-01-01 00:00:05.088,9,17,3,0,423466,189
2022-01-01 00:00:05.089,8,17,5,0,280449,189
2022-01-01 00:00:05.090,8,12,1,1,6417,189
2022-01-01 00:00:05.091,8,20,4,0,702844,189
2022-01-01 00:00:05.092,8,15,5,0,187911,189
2022-01-01 00:00:05.093,8,19,8,1,1307111,189
2022-01-01 00:00:05.094,8,18,1,0,237600,189
2022-01-01 00:00:05.095,9,18,39,0,5366577,189
2022-01-01 00:00:05.096,8,18,1,0,21422,189
2022-01-01 00:00:05.097,8,12,1,0,6488,189
2022-01-01 00:00:05.098,8,20,2,0,426400,189
2022-01-01 00:00:05.099,8,18,8,1,361511,189
2022-01-01 00:00:05.100,8,12,1,0,6488,189
2022-01-01 00:00:05.101,8,18,6,1,504444,189
2022-01-01 00:00:05.102,8,15,4,1,171022,189
2022-01-01 00:00:05.103,8,18,4,1,629066,189
2022-01-01 00:00:05.104,8,18,5,1,349155,189
2022-01-01 00:00:05.105,7,19,9,0,1306844,189
2022-01-01 00:00:05.106,8,21,1,0,127200,189
2022-01-01 00:00:05.107,8,20,27,1,5501688,189
2022-01-01 00:00:05.108,8,12,1,0,6488,189
2022-01-01 00:00:05.109,8,21,2,0,417866,189
2022-01-01 00:00:05.110,8,17,4,4,195111,189
2022-01-01 00:00:05.111,7,12,1,0,6488,189
2022-01-01 00:00:05.112,8,19,5,1,651911,189
2022-01-01 00:00:05.113,8,14,8,0,265688,189
2022-01-01 00:00:05.114,8,19,9,1,1298222,189
2022-01-01 00:00:05.115,9,18,20,1,2759555,189
2022-01-01 00:00:05.116,7,19,21,0,2906577,189
2022-01-01 00:00:05.117,8,12,1,0,6488,189
2022-01-01 00:00:05.118,8,17,3,0,412800,189
2022-01-01 00:00:05.119,8,17,5,0,337866,189
2022-01-01 00:00:05.120,8,12,1,0,6488,189
2022-01-01 00:00:05.121,8,17,6,0,504444,189
2022-01-01 00:00:05.122,7,21,1,0,156800,189
2022-01-01 00:00:05.123,8,12,1,0,6488,189
2022-01-01 00:00:05.124,9,18,3,1,391466,189
2022-01-01 00:00:05.125,8,18,4,1,437155,189
2022-01-01 00:00:05.126,8,20,11,1,1276888,189
2022-01-01 00:00:05.127,8,0,2,0,198933,189
2022-01-01 00:00:05.128,8,19,27,0,3714400,189
2022-01-01 00:00:05.129,7,20,14,0,1957511,189
2022-01-01 00:00:05.130,8,20,1,0,53066,189
2022-01-01 00:00:05.131,8,20,1,0,53066,189
2022-01-01 00:00:05.132,8,16,2,0,59555,189
2022-01-01 00:00:05.133,7,17,4,0,465866,189
2022-01-01 00:00:05.134,8,17,6,2,308000,189
2022-01-01 00:00:05.135,8,20,1,0,53066,189
2022-01-01 00:00:05.136,8,19,4,0,629066,189
2022-01-01 00:00:05.137,8,16,4,0,228888,189
2022-01-01 00:00:05.138,8,19,10,1,1242133,189
2022-01-01 00:00:05.139,8,0,1,0,48800,189
2022-01-01 00:00:05.140,8,20,11,0,2057333,189
2022-01-01 00:00:05.141,8,19,21,0,3738666,189
2022-01-01 00:00:05.142,8,20,1,0,53066,189
2022-01-01 00:00:05.143,8,12,1,0,6488,189
2022-01-01 00:00:05.144,8,21,3,0,629866,189
2022-01-01 00:00:05.145,9,11,6,0,251911,189
2022-01-01 00:00:05.146,8,19,6,0,710844,189
2022-01-01 00:00:05.147,8,16,4,0,272622,189
2022-01-01 00:00:05.148,8,12,1,0,6488,189
2022-01-01 00:00:05.149,8,17,5,0,500800,189
2022-01-01 00:00:05.150,8,20,1,0,53066,189
2022-01-01 00:00:05.151,8,20,27,1,5845688,189
2022-01-01 00:00:05.152,8,21,17,0,4005066,189
2022-01-01 00:00:05.153,8,21,19,0,4265511,189
2022-01-01 00:00:05.154,8,21,17,0,3369333,189
2022-01-01 00:00:05.155,7,21,21,0,4311200,189
2022-01-01 00:00:05.156,9,21,15,1,3529866,189
2022-01-01 00:00:05.157,7,21,17,0,4013600,189
2022-01-01 00:00:05.158,8,21,20,0,4726400,189
2022-01-01 00:00:05.159,8,21,15,0,3564000,189
2022-01-01 00:00:05.160,9,19,14,0,2645155,189
2022-01-01 00:00:05.161,8,20,1,0,53066,189
2022-01-01 00:00:05.162,8,12,1,0,6488,189
2022-01-01 00:00:05.163,8,18,3,0,423466,189
2022-01-01 00:00:05.164,7,13,8,0,263911,189
2022-01-01 00:00:05.165,8,16,9,1,859111,189
2022-01-01 00:00:05.166,8,19,9,0,1308088,189
2022-01-01 00:00:05.167,7,20,1,0,53066,189
2022-01-01 00:00:05.168,8,20,27,0,5469066,189
2022-01-01 00:00:05.169,8,15,3,0,183822,189
2022-01-01 00:00:05.170,8,12,1,0,6488,189
2022-01-01 00:00:05.171,8,17,4,1,484533,189
2022-01-01 00:00:05.172,8,17,5,0,266844,189
2022-01-01 00:00:05.173,8,11,1,0,5600,189
2022-01-01 00:00:05.174,8,14,1,0,53066,189
2022-01-01 00:00:05.175,9,17,5,0,327733,189
2022-01-01 00:00:05.176,7,9,1,0,5066,189
2022-01-01 00:00:05.177,8,20,4,0,795911,189
2022-01-01 00:00:05.178,8,9,1,0,5066,189
2022-01-01 00:00:05.179,8,20,2,0,54577,189
2022-01-01 00:00:05.180,8,11,1,0,5600,189
2022-01-01 00:00:05.181,8,20,19,0,3419644,189
2022-01-01 00:00:05.182,8,21,35,0,7231466,189
2022-01-01 00:00:05.183,7,20,28,0,5175377,189
2022-01-01 00:00:05.184,8,21,15,0,3538400,189
2022-01-01 00:00:05.185,8,21,18,0,4276800,189
2022-01-01 00:00:05.186,8,21,21,0,4319733,189
2022-01-01 00:00:05.187,8,21,20,0,4734933,189
2022-01-01 00:00:05.188,8,21,18,0,4251200,189
2022-01-01 00:00:05.189,8,9,3,0,198933,189
2022-01-01 00:00:05.190,7,20,1,0,53066,189
2022-01-01 00:00:05.191,8,12,1,0,6488,189
2022-01-01 00:00:05.192,9,20,1,0,53066,189
2022-01-01 00:00:05.193,8,12,7,1,652800,189
2022-01-01 00:00:05.194,8,12,2,0,12088,189
2022-01-01 00:00:05.195,8,19,5,0,513066,189
2022-01-01 00:00:05.196,8,21,2,0,198933,189
2022-01-01 00:00:05.197,8,13,4,0,151466,189
2022-01-01 00:00:05.198,8,20,11,1,1050933,189
2022-01-01 00:00:05.199,7,21,2,0,254400,189
2022-01-01 00:00:05.200,8,19,40,0,5559911,189
2022-01-01 00:00:05.201,8,20,2,2,97777,189
2022-01-01 00:00:05.202,8,0,1,1,6311,189
2022-01-01 00:00:05.203,7,17,3,0,412800,189
2022-01-01 00:00:05.204,9,20,4,0,325777,189
2022-01-01 00:00:05.205,8,11,2,1,11200,189
2022-01-01 00:00:05.206,8,6,1,0,6666,189
2022-01-01 00:00:05.207,8,15,2,0,162400,189
2022-01-01 00:00:05.208,7,21,2,0,130488,189
2022-01-01 00:00:05.209,8,20,1,2,131466,189
2022-01-01 00:00:05.210,9,17,4,0,236266,189
2022-01-01 00:00:05.211,8,11,2,1,12088,189
2022-01-01 00:00:05.212,8,20,4,0,633511,189
2022-01-01 00:00:05.213,8,15,4,1,244888,189
2022-01-01 00:00:05.214,8,21,11,1,1238755,189
2022-01-01 00:00:05.215,8,21,1,0,71733,189
2022-01-01 00:00:05.216,8,19,42,2,5188533,189
2022-01-01 00:00:05.217,8,21,20,1,3984888,189
2022-01-01 00:00:05.218,8,19,9,0,1369244,189
2022-01-01 00:00:05.219,8,20,2,0,54577,189
2022-01-01 00:00:05.220,8,20,1,0,53066,189
2022-01-01 00:00:05.221,9,0,1,0,53066,189
2022-01-01 00:00:05.222,7,20,2,0,54577,189
2022-01-01 00:00:05.223,8,20,1,0,53066,189
2022-01-01 00:00:05.224,8,0,1,0,53066,189
2022-01-01 00:00:05.225,8,12,1,0,6488,189
2022-01-01 00:00:05.226,8,17,4,0,490222,189
2022-01-01 00:00:05.227,8,11,3,1,181688,189
2022-01-01 00:00:05.228,7,14,6,0,719377,189
2022-01-01 00:00:05.229,8,21,3,0,168000,189
2022-01-01 00:00:05.230,8,19,10,0,1332711,189
2022-01-01 00:00:05.231,8,12,1,0,53066,189
2022-01-01 00:00:05.232,8,20,2,0,466666,189
2022-01-01 00:00:05.233,7,19,32,1,5277511,189
2022-01-01 00:00:05.234,8,20,2,0,54577,189
2022-01-01 00:00:05.235,8,12,1,0,6488,189
2022-01-01 00:00:05.236,8,21,2,1,426400,189
2022-01-01 00:00:05.237,8,16,6,0,331911,189
2022-01-01 00:00:05.238,8,12,1,0,6488,189
2022-01-01 00:00:05.239,8,18,8,0,676177,189
2022-01-01 00:00:05.240,8,12,1,0,6488,189
2022-01-01 00:00:05.241,8,21,3,0,636266,189
2022-01-01 00:00:05.242,8,16,6,0,241688,189
2022-01-01 00:00:05.243,8,20,9,0,1284177,189
2022-01-01 00:00:05.244,8,20,27,0,5652533,189
2022-01-01 00:00:05.245,8,14,1,0,17155,189
2022-01-01 00:00:05.246,8,12,1,0,6488,189
2022-01-01 00:00:05.247,8,18,3,0,423466,189
2022-01-01 00:00:05.248,8,15,6,0,287377,189
2022-01-01 00:00:05.249,8,19,1,1,5600,189
2022-01-01 00:00:05.250,8,17,10,0,870844,189
2022-01-01 00:00:05.251,8,19,8,0,1294488,189
2022-01-01 00:00:05.252,8,20,29,0,5728622,189
2022-01-01 00:00:05.253,9,12,1,0,6488,189
2022-01-01 00:00:05.254,8,15,7,1,736977,189
2022-01-01 00:00:05.255,8,0,2,0,15911,189
2022-01-01 00:00:05.256,8,11,1,0,5600,189
2022-01-01 00:00:05.257,8,13,3,0,248266,189
2022-01-01 00:00:05.258,8,15,2,0,76800,189
2022-01-01 00:00:05.259,8,19,14,0,3045066,189
2022-01-01 00:00:05.260,8,19,10,0,2052659,189
2022-01-01 00:00:05.261,8,12,1,0,6488,151
2022-01-01 00:00:05.262,8,11,5,0,485422,151
2022-01-01 00:00:05.263,7,9,4,0,168808,151
2022-01-01 00:00:05.264,8,10,9,1,729797,151
2022-01-01 00:00:05.265,8,9,3,0,142666,151
2022-01-01 00:00:05.266,8,13,12,0,1318577,151
2022-01-01 00:00:05.267,8,14,12,1,1724533,151
2022-01-01 00:00:05.268,5,4,64,8,2943466,151
2022-01-01 00:00:05.269,6,2,48,3,1091733,151
2022-01-01 00:00:05.270,8,0,1,0,16444,151
2022-01-01 00:00:05.271,7,6,1,0,6666,151
2022-01-01 00:00:05.272,8,7,6,0,411377,151
2022-01-01 00:00:05.273,7,7,8,2,333688,151
2022-01-01 00:00:05.274,8,6,1,0,6666,151
2022-01-01 00:00:05.275,7,8,12,1,643555,151
2022-01-01 00:00:05.276,8,6,2,0,21333,151
2022-01-01 00:00:05.277,8,10,5,1,478133,151
2022-01-01 00:00:05.278,7,6,9,1,408539,151
2022-01-01 00:00:05.279,7,10,15,2,1272351,151
2022-01-01 00:00:05.280,7,9,39,4,3439730,151
2022-01-01 00:00:05.281,7,9,34,3,2200791,151
2022-01-01 00:00:05.282,8,5,3,1,23644,151
2022-01-01 00:00:05.283,8,6,1,0,6666,151
2022-01-01 00:00:05.284,8,7,4,1,210311,151
2022-01-01 00:00:05.285,7,7,13,3,515555,151
2022-01-01 00:00:05.286,8,4,1,0,11955,151
2022-01-01 00:00:05.287,8,11,1,0,5538,151
2022-01-01 00:00:05.288,8,8,5,0,250933,151
2022-01-01 00:00:05.289,7,9,5,0,82933,151
2022-01-01 00:00:05.290,8,9,8,0,703640,151
2022-01-01 00:00:05.291,7,10,13,2,963604,151
2022-01-01 00:00:05.292,7,6,1,0,6666,151
2022-01-01 00:00:05.293,8,9,3,0,269244,151
2022-01-01 00:00:05.294,8,6,2,0,43022,151
2022-01-01 00:00:05.295,8,5,1,0,5600,151
2022-01-01 00:00:05.296,8,10,9,0,779644,151
2022-01-01 00:00:05.297,7,10,50,0,4585066,151
2022-01-01 00:00:05.298,6,6,34,2,1888533,151
2022-01-01 00:00:05.299,7,6,37,3,2423022,151
2022-01-01 00:00:05.300,7,6,33,0,1924355,151
2022-01-01 00:00:05.301,7,10,41,5,3671911,151
2022-01-01 00:00:05.302,7,6,26,0,1774577,151
2022-01-01 00:00:05.303,7,6,37,1,2424622,151
2022-01-01 00:00:05.304,7,6,37,1,2392888,151
2022-01-01 00:00:05.305,7,6,44,0,2558222,151
2022-01-01 00:00:05.306,7,7,41,1,2616533,151
2022-01-01 00:00:05.307,7,9,27,3,2177155,151
2022-01-01 00:00:05.308,7,9,32,3,2685688,151
2022-01-01 00:00:05.309,7,7,30,3,2072888,151
2022-01-01 00:00:05.310,7,6,10,0,529777,151
2022-01-01 00:00:05.311,8,11,1,0,5600,151
2022-01-01 00:00:05.312,8,8,6,0,330488,151
2022-01-01 00:00:05.313,8,4,1,0,4533,151
2022-01-01 00:00:05.314,9,12,5,0,550666,151
2022-01-01 00:00:05.315,7,10,20,4,1952711,151
2022-01-01 00:00:05.316,8,4,2,0,10133,151
2022-01-01 00:00:05.317,8,7,2,0,52977,151
2022-01-01 00:00:05.318,7,6,10,0,507733,151
2022-01-01 00:00:05.319,8,4,1,0,4533,151
2022-01-01 00:00:05.320,9,11,17,0,1856622,151
2022-01-01 00:00:05.321,7,8,1,0,13955,151
2022-01-01 00:00:05.322,8,6,1,0,6666,151
2022-01-01 00:00:05.323,7,8,8,0,493511,151
2022-01-01 00:00:05.324,7,6,4,0,159111,151
2022-01-01 00:00:05.325,8,11,8,1,638741,151
2022-01-01 00:00:05.326,7,5,7,0,230505,151
2022-01-01 00:00:05.327,8,10,14,1,1281422,151
2022-01-01 00:00:05.328,7,10,49,2,4932533,151
2022-01-01 00:00:05.329,7,7,13,2,781244,151
2022-01-01 00:00:05.330,9,6,1,0,6666,151
2022-01-01 00:00:05.331,8,9,7,1,411466,151
2022-01-01 00:00:05.332,7,7,9,1,333422,151
2022-01-01 00:00:05.333,8,6,1,0,6666,151
2022-01-01 00:00:05.334,7,5,1,0,20711,151
2022-01-01 00:00:05.335,8,10,28,1,2275377,151
2022-01-01 00:00:05.336,6,5,55,1,3111555,151
2022-01-01 00:00:05.337,6,5,41,1,2257866,151
2022-01-01 00:00:05.338,7,5,18,0,748088,151
2022-01-01 00:00:05.339,8,6,1,0,6666,151
2022-01-01 00:00:05.340,8,8,9,2,646666,151
2022-01-01 00:00:05.341,8,0,1,0,6666,151
2022-01-01 00:00:05.342,7,7,13,1,714755,151
2022-01-01 00:00:05.343,8,8,6,0,158222,151
2022-01-01 00:00:05.344,8,11,12,0,1280355,151
2022-01-01 00:00:05.345,8,10,12,0,1101688,151
2022-01-01 00:00:05.346,6,7,54,3,3736711,151
2022-01-01 00:00:05.347,7,5,20,0,812444,151
2022-01-01 00:00:05.348,8,6,1,1,6666,151
2022-01-01 00:00:05.349,7,9,6,1,411022,151
2022-01-01 00:00:05.350,7,5,7,0,215200,151
2022-01-01 00:00:05.351,7,7,12,3,715022,151
2022-01-01 00:00:05.352,8,9,1,0,5600,151
2022-01-01 00:00:05.353,8,7,3,0,112800,151
2022-01-01 00:00:05.354,8,10,21,1,1952800,151
2022-01-01 00:00:05.355,6,7,41,2,2968622,151
2022-01-01 00:00:05.356,6,4,33,3,1522488,151
2022-01-01 00:00:05.357,7,6,46,1,2752888,151
2022-01-01 00:00:05.358,7,6,31,0,2067466,151
2022-01-01 00:00:05.359,7,6,36,1,2355377,151
2022-01-01 00:00:05.360,7,6,38,3,2475200,151
2022-01-01 00:00:05.361,7,6,36,1,2277511,151
2022-01-01 00:00:05.362,6,5,36,6,2038222,151
2022-01-01 00:00:05.363,6,9,27,7,2204000,151
2022-01-01 00:00:05.364,8,10,29,3,2582488,151
2022-01-01 00:00:05.365,7,7,26,2,1988088,151
2022-01-01 00:00:05.366,7,8,39,0,2947466,151
2022-01-01 00:00:05.367,7,9,30,3,2584888,151
2022-01-01 00:00:05.368,7,6,38,1,2511911,151
2022-01-01 00:00:05.369,7,6,38,1,2490666,151
2022-01-01 00:00:05.370,7,6,37,1,2420533,151
2022-01-01 00:00:05.371,6,8,32,3,2340622,151
2022-01-01 00:00:05.372,6,6,32,1,1938488,151
2022-01-01 00:00:05.373,7,6,35,0,2153333,151
2022-01-01 00:00:05.374,7,6,36,1,2418666,151
2022-01-01 00:00:05.375,7,6,41,1,2422666,151
2022-01-01 00:00:05.376,7,6,39,1,2402577,151
2022-01-01 00:00:05.377,7,6,37,4,2327555,151
2022-01-01 00:00:05.378,6,4,36,5,1460266,151
2022-01-01 00:00:05.379,6,5,41,4,2294311,151
2022-01-01 00:00:05.380,7,6,37,2,2272977,151
2022-01-01 00:00:05.381,7,6,34,2,2118222,151
2022-01-01 00:00:05.382,6,6,32,5,1832977,151
2022-01-01 00:00:05.383,6,6,32,4,1878755,151
2022-01-01 00:00:05.384,6,5,35,1,1921777,151
2022-01-01 00:00:05.385,6,5,34,1,1939377,151
2022-01-01 00:00:05.386,7,6,48,0,2852711,151
2022-01-01 00:00:05.387,7,6,32,1,2091377,151
2022-01-01 00:00:05.388,7,7,37,2,2570516,151
2022-01-01 00:00:05.389,7,8,32,3,2420835,151
2022-01-01 00:00:05.390,7,8,33,2,2304977,151
2022-01-01 00:00:05.391,7,7,31,2,2253777,151
2022-01-01 00:00:05.392,7,6,38,0,2416800,151
2022-01-01 00:00:05.393,8,6,7,1,378222,151
2022-01-01 00:00:05.394,8,6,1,1,6666,151
2022-01-01 00:00:05.395,8,8,12,3,659911,151
2022-01-01 00:00:05.396,7,6,1,0,6666,151
2022-01-01 00:00:05.397,8,10,6,1,483733,151
2022-01-01 00:00:05.398,7,5,11,1,395466,151
2022-01-01 00:00:05.399,7,10,15,0,1287022,151
2022-01-01 00:00:05.400,7,9,45,3,3798400,151
2022-01-01 00:00:05.401,7,6,35,0,1830844,151
2022-01-01 00:00:05.402,7,8,1,0,23200,151
2022-01-01 00:00:05.403,8,6,1,0,6666,151
2022-01-01 00:00:05.404,8,9,11,1,721688,151
2022-01-01 00:00:05.405,8,7,1,0,12177,151
2022-01-01 00:00:05.406,8,0,1,0,6666,151
2022-01-01 00:00:05.407,7,8,7,2,413066,151
2022-01-01 00:00:05.408,8,7,8,0,278577,151
2022-01-01 00:00:05.409,7,9,12,2,716444,151
2022-01-01 00:00:05.410,7,7,5,0,150577,151
2022-01-01 00:00:05.411,8,10,12,4,1173688,151
2022-01-01 00:00:05.412,8,0,4,0,256711,151
2022-01-01 00:00:05.413,6,7,50,2,3602488,151
2022-01-01 00:00:05.414,6,6,38,9,1889066,151
2022-01-01 00:00:05.415,7,9,7,4,435288,151
2022-01-01 00:00:05.416,8,8,2,1,11733,151
2022-01-01 00:00:05.417,8,6,1,0,6666,151
2022-01-01 00:00:05.418,7,8,11,2,488967,151
2022-01-01 00:00:05.419,7,4,7,0,251595,151
2022-01-01 00:00:05.420,8,6,1,0,6666,151
2022-01-01 00:00:05.421,7,7,14,1,655466,151
2022-01-01 00:00:05.422,8,0,1,0,8266,151
2022-01-01 00:00:05.423,7,7,15,2,667288,151
2022-01-01 00:00:05.424,8,8,9,1,208622,151
2022-01-01 00:00:05.425,8,10,15,0,1286488,151
2022-01-01 00:00:05.426,8,10,14,0,1222933,151
2022-01-01 00:00:05.427,6,7,49,6,3749955,151
2022-01-01 00:00:05.428,7,7,16,1,767466,151
2022-01-01 00:00:05.429,8,6,1,0,6666,151
2022-01-01 00:00:05.430,7,9,6,1,406505,151
2022-01-01 00:00:05.431,7,6,11,0,343101,151
2022-01-01 00:00:05.432,8,4,1,0,7022,151
2022-01-01 00:00:05.433,8,10,8,0,528711,151
2022-01-01 00:00:05.434,8,5,2,0,16000,151
2022-01-01 00:00:05.435,8,11,17,0,1693777,151
2022-01-01 00:00:05.436,7,10,28,1,2502400,151
2022-01-01 00:00:05.437,7,10,25,1,2106044,151
2022-01-01 00:00:05.438,8,7,1,0,16444,151
2022-01-01 00:00:05.439,8,6,1,0,6666,151
2022-01-01 00:00:05.440,8,9,7,0,531111,151
2022-01-01 00:00:05.441,8,0,2,0,17066,151
2022-01-01 00:00:05.442,7,10,14,2,1182222,151
2022-01-01 00:00:05.443,8,11,9,1,843111,151
2022-01-01 00:00:05.444,6,7,41,3,2476000,151
2022-01-01 00:00:05.445,8,8,16,0,1193955,151
2022-01-01 00:00:05.446,8,10,2,0,16888,151
2022-01-01 00:00:05.447,9,6,1,0,6666,151
2022-01-01 00:00:05.448,7,9,7,0,528977,151
2022-01-01 00:00:05.449,8,5,2,0,16000,151
2022-01-01 00:00:05.450,8,5,1,0,5600,151
2022-01-01 00:00:05.451,8,11,30,0,3073422,151
2022-01-01 00:00:05.452,9,11,16,0,1586488,151
2022-01-01 00:00:05.453,8,0,2,0,179022,151
2022-01-01 00:00:05.454,8,3,2,0,16355,151
2022-01-01 00:00:05.455,9,0,1,0,622,151
2022-01-01 00:00:05.456,8,6,1,0,6666,151
2022-01-01 00:00:05.457,8,10,6,0,529777,151
2022-01-01 00:00:05.458,8,6,1,0,17155,151
2022-01-01 00:00:05.459,7,9,31,0,2735022,151
2022-01-01 00:00:05.460,8,10,8,0,466666,151
2022-01-01 00:00:05.461,7,11,20,0,1824888,151
2022-01-01 00:00:05.462,8,7,1,0,16444,151
2022-01-01 00:00:05.463,8,6,1,0,6666,151
2022-01-01 00:00:05.464,8,11,6,0,447296,151
2022-01-01 00:00:05.465,8,9,1,0,64449,151
2022-01-01 00:00:05.466,8,11,1,0,5600,151
2022-01-01 00:00:05.467,9,10,13,0,1199022,151
2022-01-01 00:00:05.468,7,8,31,0,2429714,151
2022-01-01 00:00:05.469,7,10,7,1,577707,151
2022-01-01 00:00:05.470,7,5,2,0,18133,151
2022-01-01 00:00:05.471,7,6,2,1,68266,151
2022-01-01 00:00:05.472,8,6,1,1,6593,151
2022-01-01 00:00:05.473,8,9,7,1,394337,151
2022-01-01 00:00:05.474,7,9,47,5,4070133,151
2022-01-01 00:00:05.475,6,4,34,1,1625600,151
2022-01-01 00:00:05.476,7,4,31,2,1299956,151
2022-01-01 00:00:05.477,8,6,4,0,80533,151
2022-01-01 00:00:05.478,8,8,8,1,526044,151
2022-01-01 00:00:05.479,8,6,3,1,31370,151
2022-01-01 00:00:05.480,8,10,28,1,2791288,151
2022-01-01 00:00:05.481,6,5,61,0,3125362,151
2022-01-01 00:00:05.482,6,6,42,3,2581033,151
2022-01-01 00:00:05.483,7,5,6,2,256711,151
2022-01-01 00:00:05.484,7,6,3,0,81318,151
2022-01-01 00:00:05.485,8,9,8,0,531056,151
2022-01-01 00:00:05.486,8,3,3,0,31377,151
2022-01-01 00:00:05.487,8,10,28,1,2323733,151
2022-01-01 00:00:05.488,6,5,55,3,3026577,151
2022-01-01 00:00:05.489,6,6,30,1,1781662,151
2022-01-01 00:00:05.490,7,0,1,0,5538,151
2022-01-01 00:00:05.491,8,6,1,0,6666,151
2022-01-01 00:00:05.492,7,7,3,0,69483,151
2022-01-01 00:00:05.493,7,9,9,1,556888,151
2022-01-01 00:00:05.494,8,8,34,1,2640000,151
2022-01-01 00:00:05.495,6,6,56,2,3150945,151
2022-01-01 00:00:05.496,7,6,19,3,995111,151
2022-01-01 00:00:05.497,8,13,2,1,66311,191
2022-01-01 00:00:05.498,8,15,6,0,308088,191
2022-01-01 00:00:05.499,8,11,6,1,230222,191
2022-01-01 00:00:05.500,8,12,4,0,200269,191
2022-01-01 00:00:05.501,8,13,4,0,155956,191
2022-01-01 00:00:05.502,8,12,3,0,222133,191
2022-01-01 00:00:05.503,8,12,4,0,233955,191
2022-01-01 00:00:05.504,8,14,2,0,148977,191
2022-01-01 00:00:05.505,7,11,5,0,234577,191
2022-01-01 00:00:05.506,8,11,5,0,231200,191
2022-01-01 00:00:05.507,8,6,1,0,6666,151
2022-01-01 00:00:05.508,8,15,5,0,204711,191
2022-01-01 00:00:05.509,8,8,2,0,71191,151
2022-01-01 00:00:05.510,8,15,5,0,232000,191
2022-01-01 00:00:05.511,8,16,5,0,224439,191
2022-01-01 00:00:05.512,8,9,9,0,554044,151
2022-01-01 00:00:05.513,8,15,4,0,196800,191
2022-01-01 00:00:05.514,8,15,4,0,229688,191
2022-01-01 00:00:05.515,7,9,46,5,4303288,151
2022-01-01 00:00:05.516,8,14,4,0,149511,191
2022-01-01 00:00:05.517,7,6,37,5,2236888,151
2022-01-01 00:00:05.518,8,16,3,0,148000,191
2022-01-01 00:00:05.519,7,5,7,1,223733,151
2022-01-01 00:00:05.520,7,13,5,0,228533,191
2022-01-01 00:00:05.521,8,16,4,0,228266,191
2022-01-01 00:00:05.522,8,15,5,0,230417,191
2022-01-01 00:00:05.523,8,16,2,0,162337,191
2022-01-01 00:00:05.524,8,14,7,0,264622,191
2022-01-01 00:00:05.525,8,14,3,0,195111,191
2022-01-01 00:00:05.526,8,14,3,0,200800,191
2022-01-01 00:00:05.527,8,7,2,0,70400,151
2022-01-01 00:00:05.528,8,14,3,1,149422,191
2022-01-01 00:00:05.529,7,0,1,0,6666,151
2022-01-01 00:00:05.530,8,14,3,0,148000,191
2022-01-01 00:00:05.531,8,9,7,2,528088,151
2022-01-01 00:00:05.532,7,14,5,1,314044,191
2022-01-01 00:00:05.533,7,6,2,1,30222,151
2022-01-01 00:00:05.534,9,15,5,0,234044,191
2022-01-01 00:00:05.535,8,16,5,0,235822,191
2022-01-01 00:00:05.536,7,8,38,3,2769797,151
2022-01-01 00:00:05.537,8,15,4,0,232269,191
2022-01-01 00:00:05.538,6,4,58,0,2626285,151
2022-01-01 00:00:05.539,8,16,1,0,167736,191
2022-01-01 00:00:05.540,7,6,49,1,2699644,151
2022-01-01 00:00:05.541,8,15,4,0,149866,191
2022-01-01 00:00:05.542,7,4,6,0,198222,151
2022-01-01 00:00:05.543,8,15,4,0,116266,191
2022-01-01 00:00:05.544,8,17,3,0,148000,191
2022-01-01 00:00:05.545,8,16,1,0,80266,191
2022-01-01 00:00:05.546,8,14,2,0,113422,191
2022-01-01 00:00:05.547,9,14,1,0,34577,191
2022-01-01 00:00:05.548,8,12,2,0,113422,191
2022-01-01 00:00:05.549,8,14,2,0,114844,191
2022-01-01 00:00:05.550,8,6,1,0,6666,151
2022-01-01 00:00:05.551,8,15,2,0,114844,191
2022-01-01 00:00:05.552,8,16,2,0,113422,191
2022-01-01 00:00:05.553,7,8,9,2,440800,151
2022-01-01 00:00:05.554,8,14,2,0,114844,191
2022-01-01 00:00:05.555,8,7,8,1,248177,151
2022-01-01 00:00:05.556,8,17,2,0,113422,191
2022-01-01 00:00:05.557,7,14,1,0,85955,191
2022-01-01 00:00:05.558,7,9,12,1,793066,151
2022-01-01 00:00:05.559,8,13,4,0,113955,191
2022-01-01 00:00:05.560,7,9,17,2,1056800,151
2022-01-01 00:00:05.561,9,16,3,0,118133,191
2022-01-01 00:00:05.562,7,0,4,0,320888,151
2022-01-01 00:00:05.563,8,15,1,0,34577,191
2022-01-01 00:00:05.564,8,14,3,0,114933,191
2022-01-01 00:00:05.565,8,16,3,0,122755,191
2022-01-01 00:00:05.566,8,10,50,3,4623288,151
2022-01-01 00:00:05.567,8,16,1,0,80266,191
2022-01-01 00:00:05.568,6,6,16,2,1020444,151
2022-01-01 00:00:05.569,8,14,3,0,149422,191
2022-01-01 00:00:05.570,9,15,3,0,113511,191
2022-01-01 00:00:05.571,7,14,2,0,113422,191
2022-01-01 00:00:05.572,8,16,1,0,80266,191
2022-01-01 00:00:05.573,7,6,1,0,6666,151
2022-01-01 00:00:05.574,8,15,2,0,114844,191
2022-01-01 00:00:05.575,8,14,2,0,114844,191
2022-01-01 00:00:05.576,7,8,12,0,722311,151
2022-01-01 00:00:05.577,8,15,1,0,34577,191
2022-01-01 00:00:05.578,8,5,2,0,17066,151
2022-01-01 00:00:05.579,8,14,2,0,114844,191
2022-01-01 00:00:05.580,8,14,3,0,121333,191
2022-01-01 00:00:05.581,7,15,2,0,114844,191
2022-01-01 00:00:05.582,8,14,9,0,772444,191
2022-01-01 00:00:05.583,7,13,3,0,127022,191
2022-01-01 00:00:05.584,8,16,7,0,723644,191
2022-01-01 00:00:05.585,8,13,7,0,365155,191
2022-01-01 00:00:05.586,8,7,2,0,6577,151
2022-01-01 00:00:05.587,8,16,16,0,1491200,191
2022-01-01 00:00:05.588,7,3,2,0,74133,151
2022-01-01 00:00:05.589,8,14,2,0,113422,191
2022-01-01 00:00:05.590,8,14,1,0,34577,191
2022-01-01 00:00:05.591,7,10,21,1,1679022,151
2022-01-01 00:00:05.592,8,17,2,0,113422,191
2022-01-01 00:00:05.593,6,5,41,1,1915822,151
2022-01-01 00:00:05.594,7,15,27,1,3010133,191
2022-01-01 00:00:05.595,7,8,38,2,2915555,151
2022-01-01 00:00:05.596,8,17,18,0,2830844,191
2022-01-01 00:00:05.597,6,6,35,2,2304088,151
2022-01-01 00:00:05.598,8,14,3,0,140533,191
2022-01-01 00:00:05.599,7,9,39,4,3166311,151
2022-01-01 00:00:05.600,8,16,1,0,80266,191
2022-01-01 00:00:05.601,6,6,44,1,2895822,151
2022-01-01 00:00:05.602,8,14,1,0,118666,191
2022-01-01 00:00:05.603,6,5,36,2,1677333,151
2022-01-01 00:00:05.604,8,16,2,0,114844,191
2022-01-01 00:00:05.605,8,5,2,0,19200,151
2022-01-01 00:00:05.606,8,14,2,0,114844,191
2022-01-01 00:00:05.607,8,16,2,0,116134,191
2022-01-01 00:00:05.608,8,13,3,1,124219,191
2022-01-01 00:00:05.609,8,4,1,0,7022,151
2022-01-01 00:00:05.610,7,14,1,0,34577,191
2022-01-01 00:00:05.611,7,6,3,0,78844,151
2022-01-01 00:00:05.612,8,16,7,0,782133,191
2022-01-01 00:00:05.613,8,12,4,0,127111,191
2022-01-01 00:00:05.614,7,9,5,0,333955,151
2022-01-01 00:00:05.615,8,16,6,0,748000,191
2022-01-01 00:00:05.616,8,7,3,0,80088,151
2022-01-01 00:00:05.617,8,13,6,1,365422,191
2022-01-01 00:00:05.618,8,11,21,2,2135200,151
2022-01-01 00:00:05.619,8,17,8,0,1366488,191
2022-01-01 00:00:05.620,7,9,58,3,4919111,151
2022-01-01 00:00:05.621,8,16,2,0,114844,191
2022-01-01 00:00:05.622,7,8,44,2,3051111,151
2022-01-01 00:00:05.623,8,15,2,0,114844,191
2022-01-01 00:00:05.624,7,8,34,4,2554044,151
2022-01-01 00:00:05.625,8,18,1,0,33155,191
2022-01-01 00:00:05.626,7,8,23,2,1669123,151
2022-01-01 00:00:05.627,7,15,40,1,5947505,191
2022-01-01 00:00:05.628,7,6,5,0,321142,151
2022-01-01 00:00:05.629,9,13,2,0,60659,191
2022-01-01 00:00:05.630,8,15,2,0,114844,191
2022-01-01 00:00:05.631,8,14,2,0,114844,191
2022-01-01 00:00:05.632,8,15,2,0,114844,191
2022-01-01 00:00:05.633,8,7,5,0,75111,151
2022-01-01 00:00:05.634,8,17,2,0,113422,191
2022-01-01 00:00:05.635,8,6,3,0,14577,151
2022-01-01 00:00:05.636,8,14,2,0,114844,191
2022-01-01 00:00:05.637,8,16,2,0,88177,191
2022-01-01 00:00:05.638,8,9,22,0,1491555,151
2022-01-01 00:00:05.639,8,15,4,0,122666,191
2022-01-01 00:00:05.640,6,9,54,3,4247288,151
2022-01-01 00:00:05.641,8,14,7,1,598666,191
2022-01-01 00:00:05.642,7,6,42,2,2214488,151
2022-01-01 00:00:05.643,8,14,5,1,246933,191
2022-01-01 00:00:05.644,6,6,44,3,2633244,151
2022-01-01 00:00:05.645,8,13,4,0,127822,191
2022-01-01 00:00:05.646,6,6,35,5,1938844,151
2022-01-01 00:00:05.647,8,16,6,0,743733,191
2022-01-01 00:00:05.648,6,6,37,4,1988177,151
2022-01-01 00:00:05.649,8,13,6,0,365422,191
2022-01-01 00:00:05.650,7,8,43,2,3329511,151
2022-01-01 00:00:05.651,9,17,10,0,1399200,191
2022-01-01 00:00:05.652,6,4,30,6,1574577,151
2022-01-01 00:00:05.653,7,16,2,0,88177,191
2022-01-01 00:00:05.654,6,3,50,1,1707733,151
2022-01-01 00:00:05.655,8,13,2,0,113422,191
2022-01-01 00:00:05.656,6,1,51,5,1229422,151
2022-01-01 00:00:05.657,8,17,2,0,113422,191
2022-01-01 00:00:05.658,7,5,33,3,1560266,151
2022-01-01 00:00:05.659,8,17,34,0,5729866,191
2022-01-01 00:00:05.660,6,1,34,3,769600,151
2022-01-01 00:00:05.661,8,12,3,1,62666,191
2022-01-01 00:00:05.662,8,5,2,0,19200,151
2022-01-01 00:00:05.663,8,15,3,0,195111,191
2022-01-01 00:00:05.664,8,14,1,0,34577,191
2022-01-01 00:00:05.665,8,15,2,0,114844,191
2022-01-01 00:00:05.666,8,14,2,0,114844,191
2022-01-01 00:00:05.667,8,7,1,0,7911,151
2022-01-01 00:00:05.668,7,14,2,0,113422,191
2022-01-01 00:00:05.669,8,15,2,0,114844,191
2022-01-01 00:00:05.670,8,15,1,0,80266,191
2022-01-01 00:00:05.671,8,6,3,0,78400,151
2022-01-01 00:00:05.672,8,16,2,0,114844,191
2022-01-01 00:00:05.673,8,6,1,0,6666,151
2022-01-01 00:00:05.674,8,12,3,0,114577,191
2022-01-01 00:00:05.675,8,14,2,0,114844,191
2022-01-01 00:00:05.676,7,5,28,1,1559644,151
2022-01-01 00:00:05.677,8,14,1,0,34577,191
2022-01-01 00:00:05.678,6,2,66,1,2066696,151
2022-01-01 00:00:05.679,8,16,1,0,80266,191
2022-01-01 00:00:05.680,6,2,56,2,1304087,151
2022-01-01 00:00:05.681,8,16,3,0,154044,191
2022-01-01 00:00:05.682,5,2,52,0,1222755,151
2022-01-01 00:00:05.683,7,13,1,0,83111,191
2022-01-01 00:00:05.684,6,3,47,4,1608800,151
2022-01-01 00:00:05.685,8,15,8,0,865688,191
2022-01-01 00:00:05.686,6,5,49,2,2311022,151
2022-01-01 00:00:05.687,8,13,3,0,91466,191
2022-01-01 00:00:05.688,6,5,46,2,2544711,151
2022-01-01 00:00:05.689,8,16,2,0,114844,191
2022-01-01 00:00:05.690,6,6,47,4,2578311,151
2022-01-01 00:00:05.691,8,15,1,0,114400,191
2022-01-01 00:00:05.692,8,2,1,0,17866,151
2022-01-01 00:00:05.693,8,15,2,0,114844,191
2022-01-01 00:00:05.694,8,17,2,0,113422,191
2022-01-01 00:00:05.695,8,14,1,1,34577,191
2022-01-01 00:00:05.696,9,18,2,0,113422,191
2022-01-01 00:00:05.697,8,15,2,0,114844,191
2022-01-01 00:00:05.698,8,15,2,0,114844,191
2022-01-01 00:00:05.699,8,15,2,0,114844,191
2022-01-01 00:00:05.700,8,14,3,0,121333,191
2022-01-01 00:00:05.701,8,16,3,0,437123,191
2022-01-01 00:00:05.702,8,13,8,1,456000,191
2022-01-01 00:00:05.703,8,16,1,0,80266,191
2022-01-01 00:00:05.704,8,16,9,0,747200,191
2022-01-01 00:00:05.705,9,11,7,0,272711,191
2022-01-01 00:00:05.706,8,16,11,0,1406666,191
2022-01-01 00:00:05.707,7,6,1,0,6666,151
2022-01-01 00:00:05.708,8,15,2,0,114844,191
2022-01-01 00:00:05.709,8,10,4,0,333688,151
2022-01-01 00:00:05.710,8,15,2,0,114844,191
2022-01-01 00:00:05.711,8,3,3,0,75288,151
2022-01-01 00:00:05.712,8,14,2,0,114844,191
2022-01-01 00:00:05.713,8,2,2,0,6222,151
2022-01-01 00:00:05.714,8,17,17,0,2723466,191
2022-01-01 00:00:05.715,8,17,20,0,3128533,191
2022-01-01 00:00:05.716,8,16,1,0,80266,191
2022-01-01 00:00:05.717,7,9,26,2,2038577,151
2022-01-01 00:00:05.718,8,13,4,0,116088,191
2022-01-01 00:00:05.719,5,1,69,3,1577688,151
2022-01-01 00:00:05.720,9,18,1,0,33155,191
2022-01-01 00:00:05.721,6,3,26,0,1009955,151
2022-01-01 00:00:05.722,8,14,4,0,201600,191
2022-01-01 00:00:05.723,7,0,1,0,18577,151
2022-01-01 00:00:05.724,8,14,1,0,34577,191
2022-01-01 00:00:05.725,8,15,2,0,114844,191
2022-01-01 00:00:05.726,8,7,1,0,7911,151
2022-01-01 00:00:05.727,8,14,3,0,114933,191
2022-01-01 00:00:05.728,8,15,2,0,114844,191
2022-01-01 00:00:05.729,8,0,1,0,6666,151
2022-01-01 00:00:05.730,9,16,4,0,119822,191
2022-01-01 00:00:05.731,8,12,6,1,335111,151
2022-01-01 00:00:05.732,7,13,3,0,119911,191
2022-01-01 00:00:05.733,8,5,4,0,75200,151
2022-01-01 00:00:05.734,8,16,4,0,522488,191
2022-01-01 00:00:05.735,8,5,2,0,5955,151
2022-01-01 00:00:05.736,8,18,17,1,2660977,191
2022-01-01 00:00:05.737,8,17,47,1,7691822,191
2022-01-01 00:00:05.738,8,17,33,0,5132533,191
2022-01-01 00:00:05.739,8,17,40,0,6681777,191
2022-01-01 00:00:05.740,8,18,34,1,5536977,191
2022-01-01 00:00:05.741,8,13,5,0,166488,191
2022-01-01 00:00:05.742,9,13,2,0,113422,191
2022-01-01 00:00:05.743,7,13,2,0,119111,191
2022-01-01 00:00:05.744,8,15,2,0,114844,191
2022-01-01 00:00:05.745,8,16,1,0,80266,191
2022-01-01 00:00:05.746,8,15,2,0,114844,191
2022-01-01 00:00:05.747,8,15,2,0,114844,191
2022-01-01 00:00:05.748,8,14,1,0,34577,191
2022-01-01 00:00:05.749,9,18,2,0,113422,191
2022-01-01 00:00:05.750,7,13,2,0,113422,191
2022-01-01 00:00:05.751,8,12,3,0,121511,191
2022-01-01 00:00:05.752,7,13,10,0,483911,191
2022-01-01 00:00:05.753,8,13,12,0,583733,191
2022-01-01 00:00:05.754,8,15,3,0,124888,191
2022-01-01 00:00:05.755,7,9,34,1,2830577,151
2022-01-01 00:00:05.756,8,18,18,0,3475733,191
2022-01-01 00:00:05.757,7,6,44,2,2939911,151
2022-01-01 00:00:05.758,8,18,26,2,4716800,191
2022-01-01 00:00:05.759,7,8,29,4,2260000,151
2022-01-01 00:00:05.760,8,18,18,1,3342666,191
2022-01-01 00:00:05.761,7,5,26,3,1320355,151
2022-01-01 00:00:05.762,8,19,20,2,4211466,191
2022-01-01 00:00:05.763,6,5,40,0,2105066,151
2022-01-01 00:00:05.764,7,17,20,1,3507200,191
2022-01-01 00:00:05.765,7,6,34,2,2060088,151
2022-01-01 00:00:05.766,9,19,19,0,3696000,191
2022-01-01 00:00:05.767,7,9,29,2,2319022,151
2022-01-01 00:00:05.768,8,18,21,0,4046666,191
2022-01-01 00:00:05.769,7,6,31,4,1913333,151
2022-01-01 00:00:05.770,8,19,24,1,4656888,191
2022-01-01 00:00:05.771,7,4,19,0,808444,151
2022-01-01 00:00:05.772,8,18,25,0,4480444,191
2022-01-01 00:00:05.773,8,18,45,1,7012977,191
2022-01-01 00:00:05.774,8,17,32,1,5616533,191
2022-01-01 00:00:05.775,8,18,35,1,6693333,191
2022-01-01 00:00:05.776,8,19,25,0,4911911,191
2022-01-01 00:00:05.777,8,16,48,1,6715555,191
2022-01-01 00:00:05.778,9,19,29,0,6130488,191
2022-01-01 00:00:05.779,8,19,35,1,6482311,191
2022-01-01 00:00:05.780,8,18,36,0,7177333,191
2022-01-01 00:00:05.781,8,17,14,0,2175377,191
2022-01-01 00:00:05.782,8,17,2,0,113422,191
2022-01-01 00:00:05.783,8,3,1,0,7555,151
2022-01-01 00:00:05.784,8,15,1,0,80266,191
2022-01-01 00:00:05.785,8,16,2,0,114844,191
2022-01-01 00:00:05.786,7,4,7,0,333066,151
2022-01-01 00:00:05.787,8,18,1,0,33155,191
2022-01-01 00:00:05.788,8,4,3,0,74933,151
2022-01-01 00:00:05.789,8,15,3,0,124177,191
2022-01-01 00:00:05.790,8,0,1,0,5600,151
2022-01-01 00:00:05.791,9,17,3,0,105511,191
2022-01-01 00:00:05.792,8,14,2,0,114844,191
2022-01-01 00:00:05.793,8,14,2,0,114844,191
2022-01-01 00:00:05.794,8,15,2,0,114844,191
2022-01-01 00:00:05.795,7,7,31,1,2185155,151
2022-01-01 00:00:05.796,8,16,1,0,80266,191
2022-01-01 00:00:05.797,6,5,68,2,3325866,151
2022-01-01 00:00:05.798,6,5,48,2,2543022,151
2022-01-01 00:00:05.799,8,15,6,1,267555,191
2022-01-01 00:00:05.800,6,4,47,0,2031288,151
2022-01-01 00:00:05.801,8,17,1,0,80266,191
2022-01-01 00:00:05.802,7,6,46,2,2826844,151
2022-01-01 00:00:05.803,8,13,9,0,856355,191
2022-01-01 00:00:05.804,6,5,43,2,2176000,151
2022-01-01 00:00:05.805,8,16,2,0,114844,191
2022-01-01 00:00:05.806,6,4,44,1,1869511,151
2022-01-01 00:00:05.807,8,16,1,0,33155,191
2022-01-01 00:00:05.808,8,8,1,0,18577,151
2022-01-01 00:00:05.809,8,19,16,0,2884444,191
2022-01-01 00:00:05.810,8,17,48,1,8419111,191
2022-01-01 00:00:05.811,9,19,32,1,6646666,191
2022-01-01 00:00:05.812,8,6,1,0,6666,151
2022-01-01 00:00:05.813,7,16,26,0,4471911,191
2022-01-01 00:00:05.814,8,17,42,1,7423466,191
2022-01-01 00:00:05.815,7,6,5,0,331466,151
2022-01-01 00:00:05.816,8,19,25,0,4767644,191
2022-01-01 00:00:05.817,8,11,5,0,80177,151
2022-01-01 00:00:05.818,8,17,40,3,6459022,191
2022-01-01 00:00:05.819,8,19,36,0,6049066,191
2022-01-01 00:00:05.820,8,18,41,0,7824088,191
2022-01-01 00:00:05.821,7,8,41,0,3245955,151
2022-01-01 00:00:05.822,8,20,12,1,2731733,191
2022-01-01 00:00:05.823,6,6,41,1,2539644,151
2022-01-01 00:00:05.824,8,19,17,0,3665066,191
2022-01-01 00:00:05.825,6,6,33,0,2055022,151
2022-01-01 00:00:05.826,8,20,23,0,5261955,191
2022-01-01 00:00:05.827,7,6,39,2,2403022,151
2022-01-01 00:00:05.828,7,18,16,1,3172800,191
2022-01-01 00:00:05.829,7,6,26,5,1733333,151
2022-01-01 00:00:05.830,8,20,19,1,4250133,191
2022-01-01 00:00:05.831,7,8,33,4,2455288,151
2022-01-01 00:00:05.832,8,19,16,2,3335200,191
2022-01-01 00:00:05.833,7,8,34,4,2608533,151
2022-01-01 00:00:05.834,8,18,25,2,4318133,191
2022-01-01 00:00:05.835,6,6,27,2,1572000,151
2022-01-01 00:00:05.836,8,15,11,1,1510755,191
2022-01-01 00:00:05.837,8,4,1,0,19288,151
2022-01-01 00:00:05.838,8,15,2,0,114844,191
2022-01-01 00:00:05.839,8,15,3,0,114577,191
2022-01-01 00:00:05.840,8,15,1,0,34577,191
2022-01-01 00:00:05.841,8,18,3,0,122044,191
2022-01-01 00:00:05.842,7,14,8,0,811466,191
2022-01-01 00:00:05.843,8,17,13,0,1892444,191
2022-01-01 00:00:05.844,8,19,58,2,10393244,191
2022-01-01 00:00:05.845,7,6,1,0,6666,151
2022-01-01 00:00:05.846,9,20,38,0,8533511,191
2022-01-01 00:00:05.847,8,20,26,1,5601688,191
2022-01-01 00:00:05.848,8,10,19,2,1597955,151
2022-01-01 00:00:05.849,8,19,32,0,6255111,191
2022-01-01 00:00:05.850,6,8,40,5,2852711,151
2022-01-01 00:00:05.851,7,19,12,1,2613066,191
2022-01-01 00:00:05.852,7,10,24,1,2286222,151
2022-01-01 00:00:05.853,8,18,25,0,4879733,191
2022-01-01 00:00:05.854,7,4,1,0,14311,151
2022-01-01 00:00:05.855,9,20,32,1,7177866,191
2022-01-01 00:00:05.856,8,19,36,0,6801244,191
2022-01-01 00:00:05.857,8,20,39,1,7539555,191
2022-01-01 00:00:05.858,8,18,17,0,2631111,191
2022-01-01 00:00:05.859,8,17,2,0,113422,191
2022-01-01 00:00:05.860,8,16,2,0,113422,191
2022-01-01 00:00:05.861,8,17,2,0,113422,191
2022-01-01 00:00:05.862,7,14,1,0,80266,191
2022-01-01 00:00:05.863,8,16,2,0,114844,191
2022-01-01 00:00:05.864,9,19,2,0,113422,191
2022-01-01 00:00:05.865,8,4,1,0,7022,151
2022-01-01 00:00:05.866,8,16,1,0,33155,191
2022-01-01 00:00:05.867,8,18,2,0,113422,191
2022-01-01 00:00:05.868,8,10,4,0,331555,151
2022-01-01 00:00:05.869,8,17,2,0,113422,191
2022-01-01 00:00:05.870,8,5,3,0,80088,151
2022-01-01 00:00:05.871,8,15,2,0,119111,191
2022-01-01 00:00:05.872,8,16,2,0,113422,191
2022-01-01 00:00:05.873,9,17,2,0,113422,191
2022-01-01 00:00:05.874,7,9,36,1,3081777,151
2022-01-01 00:00:05.875,8,19,2,0,113422,191
2022-01-01 00:00:05.876,8,6,1,0,20711,151
2022-01-01 00:00:05.877,8,15,3,0,119911,191
2022-01-01 00:00:05.878,8,15,6,0,570400,191
2022-01-01 00:00:05.879,8,16,5,0,290844,191
2022-01-01 00:00:05.880,8,6,1,0,6666,151
2022-01-01 00:00:05.881,8,17,7,1,749333,191
2022-01-01 00:00:05.882,8,13,8,0,299466,191
2022-01-01 00:00:05.883,7,6,5,0,330755,151
2022-01-01 00:00:05.884,8,20,7,1,1391200,191
2022-01-01 00:00:05.885,7,9,40,2,2904888,151
2022-01-01 00:00:05.886,7,16,3,0,117066,191
2022-01-01 00:00:05.887,6,8,51,4,4023822,151
2022-01-01 00:00:05.888,8,17,2,0,82488,191
2022-01-01 00:00:05.889,6,7,40,2,2338044,151
2022-01-01 00:00:05.890,8,18,3,0,146577,191
2022-01-01 00:00:05.891,7,7,35,4,2370222,151
2022-01-01 00:00:05.892,8,19,30,0,5802844,191
2022-01-01 00:00:05.893,6,5,51,2,2494044,151
2022-01-01 00:00:05.894,8,17,2,0,113422,191
2022-01-01 00:00:05.895,7,9,36,3,2651644,151
2022-01-01 00:00:05.896,8,18,1,0,33155,191
2022-01-01 00:00:05.897,6,3,36,2,1179022,151
2022-01-01 00:00:05.898,8,16,1,0,80266,191
2022-01-01 00:00:05.899,6,3,34,0,1297955,151
2022-01-01 00:00:05.900,8,16,1,0,114400,191
2022-01-01 00:00:05.901,8,5,2,0,14222,151
2022-01-01 00:00:05.902,9,19,2,0,151822,191
2022-01-01 00:00:05.903,7,14,2,0,114844,191
2022-01-01 00:00:05.904,8,16,2,0,113422,191
2022-01-01 00:00:05.905,8,17,2,0,114844,191
2022-01-01 00:00:05.906,8,17,2,0,113422,191
2022-01-01 00:00:05.907,8,15,1,0,80266,191
2022-01-01 00:00:05.908,8,15,3,0,119911,191
2022-01-01 00:00:05.909,8,17,5,0,610844,191
2022-01-01 00:00:05.910,8,14,5,0,307200,191
2022-01-01 00:00:05.911,8,16,1,0,33155,191
2022-01-01 00:00:05.912,7,17,13,1,945333,191
2022-01-01 00:00:05.913,8,18,14,0,1578577,191
2022-01-01 00:00:05.914,8,17,2,0,113422,191
2022-01-01 00:00:05.915,8,17,2,0,114844,191
2022-01-01 00:00:05.916,8,0,1,0,7555,151
2022-01-01 00:00:05.917,8,17,2,0,113422,191
2022-01-01 00:00:05.918,8,12,3,0,330400,151
2022-01-01 00:00:05.919,8,20,27,1,5689422,191
2022-01-01 00:00:05.920,7,4,3,0,76177,151
2022-01-01 00:00:05.921,7,16,4,2,163733,191
2022-01-01 00:00:05.922,8,11,1,0,5600,151
2022-01-01 00:00:05.923,8,16,1,0,80266,191
2022-01-01 00:00:05.924,8,17,2,0,113422,191
2022-01-01 00:00:05.925,8,10,22,1,2038044,151
2022-01-01 00:00:05.926,7,14,3,0,121333,191
2022-01-01 00:00:05.927,7,6,56,2,3731733,151
2022-01-01 00:00:05.928,8,18,1,0,33155,191
2022-01-01 00:00:05.929,6,6,36,10,1996088,151
2022-01-01 00:00:05.930,8,14,4,1,510133,191
2022-01-01 00:00:05.931,6,1,58,1,1274488,151
2022-01-01 00:00:05.932,8,13,9,1,476800,191
2022-01-01 00:00:05.933,7,4,52,2,1997866,151
2022-01-01 00:00:05.934,8,17,2,0,113422,191
2022-01-01 00:00:05.935,6,4,48,1,2093511,151
2022-01-01 00:00:05.936,9,17,2,0,113422,191
2022-01-01 00:00:05.937,6,3,37,1,1332000,151
2022-01-01 00:00:05.938,7,16,1,0,80266,191
2022-01-01 00:00:05.939,8,2,1,0,17866,151
2022-01-01 00:00:05.940,8,16,3,0,117066,191
2022-01-01 00:00:05.941,8,19,2,0,113422,191
2022-01-01 00:00:05.942,8,17,2,0,113422,191
2022-01-01 00:00:05.943,8,16,1,0,33155,191
2022-01-01 00:00:05.944,8,18,2,0,113422,191
2022-01-01 00:00:05.945,8,17,2,0,113422,191
2022-01-01 00:00:05.946,8,15,2,0,114844,191
2022-01-01 00:00:05.947,9,16,2,0,113422,191
2022-01-01 00:00:05.948,7,15,2,0,114844,191
2022-01-01 00:00:05.949,8,17,1,0,80266,191
2022-01-01 00:00:05.950,8,20,3,0,113155,191
2022-01-01 00:00:05.951,8,18,2,0,113422,191
2022-01-01 00:00:05.952,8,16,1,0,33155,191
2022-01-01 00:00:05.953,8,18,2,0,119111,191
2022-01-01 00:00:05.954,8,4,1,0,7022,151
2022-01-01 00:00:05.955,8,18,3,0,115644,191
2022-01-01 00:00:05.956,8,7,5,0,332888,151
2022-01-01 00:00:05.957,7,14,2,0,114844,191
2022-01-01 00:00:05.958,7,5,39,1,1540444,151
2022-01-01 00:00:05.959,8,16,2,0,82488,191
2022-01-01 00:00:05.960,6,3,59,3,2235911,151
2022-01-01 00:00:05.961,8,16,3,0,148000,191
2022-01-01 00:00:05.962,7,5,34,3,1762666,151
2022-01-01 00:00:05.963,8,16,1,0,80266,191
2022-01-01 00:00:05.964,8,0,1,0,14311,151
2022-01-01 00:00:05.965,8,17,3,0,146577,191
2022-01-01 00:00:05.966,8,17,3,0,119911,191
2022-01-01 00:00:05.967,8,18,1,0,80266,191
2022-01-01 00:00:05.968,8,14,10,0,805955,191
2022-01-01 00:00:05.969,7,13,9,0,990755,191
2022-01-01 00:00:05.970,8,17,11,0,1411022,191
2022-01-01 00:00:05.971,8,19,2,0,113422,191
2022-01-01 00:00:05.972,8,19,2,0,113422,191
2022-01-01 00:00:05.973,8,17,1,0,80266,191
2022-01-01 00:00:05.974,8,19,30,0,5765155,191
2022-01-01 00:00:05.975,8,15,3,0,135911,191
2022-01-01 00:00:05.976,8,18,2,0,82488,191
2022-01-01 00:00:05.977,8,17,2,0,43911,191
2022-01-01 00:00:05.978,8,6,1,0,6666,151
2022-01-01 00:00:05.979,7,15,2,0,106311,191
2022-01-01 00:00:05.980,9,18,2,0,113422,191
2022-01-01 00:00:05.981,7,6,26,1,1585422,151
2022-01-01 00:00:05.982,8,16,2,0,113422,191
2022-01-01 00:00:05.983,6,3,58,4,1949955,151
2022-01-01 00:00:05.984,8,19,2,0,113422,191
2022-01-01 00:00:05.985,7,6,63,1,3545866,151
2022-01-01 00:00:05.986,8,17,2,0,82488,191
2022-01-01 00:00:05.987,7,7,20,4,1217777,151
2022-01-01 00:00:05.988,8,17,2,0,112355,191
2022-01-01 00:00:05.989,8,2,2,0,19022,151
2022-01-01 00:00:05.990,8,16,2,0,113422,191
2022-01-01 00:00:05.991,8,16,2,0,113422,191
2022-01-01 00:00:05.992,8,19,2,0,113422,191
2022-01-01 00:00:05.993,8,5,1,0,5600,151
2022-01-01 00:00:05.994,8,18,1,0,33155,191
2022-01-01 00:00:05.995,8,16,5,0,202400,191
2022-01-01 00:00:05.996,8,17,4,0,446222,191
2022-01-01 00:00:05.997,8,15,6,0,373244,191
2022-01-01 00:00:05.998,8,5,1,0,8622,151
2022-01-01 00:00:05.999,8,16,2,0,113422,191
2022-01-01 00:00:06.000,8,18,9,0,825777,191
2022-01-01 00:00:06.001,7,16,5,0,294400,191
2022-01-01 00:00:06.002,8,17,9,0,1361777,191
2022-01-01 00:00:06.003,8,14,3,0,114577,191
2022-01-01 00:00:06.004,8,16,3,0,113511,191
2022-01-01 00:00:06.005,8,3,1,0,7555,151
2022-01-01 00:00:06.006,8,19,10,0,1732088,191
2022-01-01 00:00:06.007,8,19,24,1,4292000,191
2022-01-01 00:00:06.008,7,5,9,0,411288,151
2022-01-01 00:00:06.009,8,18,1,0,33155,191
2022-01-01 00:00:06.010,8,5,2,0,11200,151
2022-01-01 00:00:06.011,8,17,2,0,113422,191
2022-01-01 00:00:06.012,7,7,38,1,2568177,151
2022-01-01 00:00:06.013,8,16,2,0,113422,191
2022-01-01 00:00:06.014,6,6,52,1,3160888,151
2022-01-01 00:00:06.015,7,14,3,0,127022,191
2022-01-01 00:00:06.016,8,8,25,1,1461955,151
2022-01-01 00:00:06.017,9,18,5,0,496177,191
2022-01-01 00:00:06.018,8,17,7,0,341688,191
2022-01-01 00:00:06.019,8,18,28,0,4832711,191
2022-01-01 00:00:06.020,8,16,3,0,129866,191
2022-01-01 00:00:06.021,8,16,2,0,113422,191
2022-01-01 00:00:06.022,8,17,1,0,33155,191
2022-01-01 00:00:06.023,8,18,2,0,113422,191
2022-01-01 00:00:06.024,9,16,2,0,113422,191
2022-01-01 00:00:06.025,8,19,3,0,114044,191
2022-01-01 00:00:06.026,8,17,4,0,113600,191
2022-01-01 00:00:06.027,8,17,2,0,113422,191
2022-01-01 00:00:06.028,8,16,1,0,80266,191
2022-01-01 00:00:06.029,8,7,1,0,7911,151
2022-01-01 00:00:06.030,8,16,2,0,113422,191
2022-01-01 00:00:06.031,8,15,3,0,125600,191
2022-01-01 00:00:06.032,8,4,1,0,7022,151
2022-01-01 00:00:06.033,8,19,4,0,537688,191
2022-01-01 00:00:06.034,7,14,3,1,225866,191
2022-01-01 00:00:06.035,7,9,5,0,404888,151
2022-01-01 00:00:06.036,9,19,20,1,3352711,191
2022-01-01 00:00:06.037,8,9,2,0,13511,151
2022-01-01 00:00:06.038,8,20,44,1,8671022,191
2022-01-01 00:00:06.039,8,10,18,0,1504000,151
2022-01-01 00:00:06.040,8,20,24,0,4660177,191
2022-01-01 00:00:06.041,8,9,14,1,1196444,151
2022-01-01 00:00:06.042,8,19,31,1,6339200,191
2022-01-01 00:00:06.043,7,0,1,0,13955,151
2022-01-01 00:00:06.044,8,16,4,0,169422,191
2022-01-01 00:00:06.045,8,17,1,0,80266,191
2022-01-01 00:00:06.046,8,16,2,0,113422,191
2022-01-01 00:00:06.047,8,18,2,0,113422,191
2022-01-01 00:00:06.048,8,16,1,0,33155,191
2022-01-01 00:00:06.049,8,17,2,0,119111,191
2022-01-01 00:00:06.050,8,18,2,0,113422,191
2022-01-01 00:00:06.051,8,18,2,0,113422,191
2022-01-01 00:00:06.052,8,17,2,0,113422,191
2022-01-01 00:00:06.053,8,17,2,0,113422,191
2022-01-01 00:00:06.054,7,16,3,0,117066,191
2022-01-01 00:00:06.055,8,17,2,0,113422,191
2022-01-01 00:00:06.056,8,20,1,0,80266,191
2022-01-01 00:00:06.057,7,6,1,0,6666,151
2022-01-01 00:00:06.058,8,17,3,0,115644,191
2022-01-01 00:00:06.059,8,17,2,0,113422,191
2022-01-01 00:00:06.060,9,10,7,0,332355,151
2022-01-01 00:00:06.061,8,15,2,0,33244,191
2022-01-01 00:00:06.062,7,8,48,6,3521422,151
2022-01-01 00:00:06.063,8,16,2,1,113422,191
2022-01-01 00:00:06.064,6,6,54,2,3176977,151
2022-01-01 00:00:06.065,8,16,1,0,80266,191
2022-01-01 00:00:06.066,6,4,46,0,2074488,151
2022-01-01 00:00:06.067,9,17,2,0,147555,191
2022-01-01 00:00:06.068,6,4,49,0,2146844,151
2022-01-01 00:00:06.069,7,14,1,0,80266,191
2022-01-01 00:00:06.070,6,5,49,2,2546311,151
2022-01-01 00:00:06.071,9,16,5,0,146755,191
2022-01-01 00:00:06.072,7,6,30,0,1813066,151
2022-01-01 00:00:06.073,8,20,1,0,80266,191
2022-01-01 00:00:06.074,8,17,3,0,114222,191
2022-01-01 00:00:06.075,8,15,3,0,113511,191
2022-01-01 00:00:06.076,8,19,2,0,113422,191
2022-01-01 00:00:06.077,8,5,2,1,14222,151
2022-01-01 00:00:06.078,8,18,1,0,33155,191
2022-01-01 00:00:06.079,8,4,1,0,7022,151
2022-01-01 00:00:06.080,8,17,5,0,115288,191
2022-01-01 00:00:06.081,8,15,5,1,122577,191
2022-01-01 00:00:06.082,8,11,9,1,735733,151
2022-01-01 00:00:06.083,7,14,2,0,114844,191
2022-01-01 00:00:06.084,6,5,58,1,3414755,151
2022-01-01 00:00:06.085,8,14,9,1,760711,191
2022-01-01 00:00:06.086,5,4,49,1,2194222,151
2022-01-01 00:00:06.087,8,18,2,0,113422,191
2022-01-01 00:00:06.088,7,6,49,1,2691644,151
2022-01-01 00:00:06.089,8,15,5,1,713866,191
2022-01-01 00:00:06.090,6,6,55,1,3091466,151
2022-01-01 00:00:06.091,8,13,7,0,352177,191
2022-01-01 00:00:06.092,7,6,41,3,2386844,151
2022-01-01 00:00:06.093,8,19,8,1,1394488,191
2022-01-01 00:00:06.094,6,6,45,0,2422488,151
2022-01-01 00:00:06.095,8,18,2,0,113422,191
2022-01-01 00:00:06.096,7,6,43,3,2735288,151
2022-01-01 00:00:06.097,7,16,3,0,199377,191
2022-01-01 00:00:06.098,6,6,42,3,2426844,151
2022-01-01 00:00:06.099,9,18,1,0,33155,191
2022-01-01 00:00:06.100,6,6,32,1,1944266,151
2022-01-01 00:00:06.101,8,19,28,2,5724177,191
2022-01-01 00:00:06.102,6,5,39,0,2110933,151
2022-01-01 00:00:06.103,8,17,3,0,134844,191
2022-01-01 00:00:06.104,6,5,51,2,2746044,151
2022-01-01 00:00:06.105,8,17,2,0,113422,191
2022-01-01 00:00:06.106,7,8,35,3,2618933,151
2022-01-01 00:00:06.107,8,16,1,0,80266,191
2022-01-01 00:00:06.108,7,6,48,3,2977333,151
2022-01-01 00:00:06.109,8,17,2,0,119822,191
2022-01-01 00:00:06.110,6,5,46,2,2396622,151
2022-01-01 00:00:06.111,8,18,5,0,566577,191
2022-01-01 00:00:06.112,6,5,49,2,2598577,151
2022-01-01 00:00:06.113,8,16,7,1,444711,191
2022-01-01 00:00:06.114,6,8,39,4,2840088,151
2022-01-01 00:00:06.115,6,6,40,1,2346488,151
2022-01-01 00:00:06.116,9,17,2,0,113422,191
2022-01-01 00:00:06.117,7,8,38,2,2777066,151
2022-01-01 00:00:06.118,8,17,2,0,113422,191
2022-01-01 00:00:06.119,7,6,49,3,2915822,151
2022-01-01 00:00:06.120,8,18,2,0,119111,191
2022-01-01 00:00:06.121,7,6,45,2,2770488,151
2022-01-01 00:00:06.122,8,17,2,0,113422,191
2022-01-01 00:00:06.123,6,6,44,2,2861866,151
2022-01-01 00:00:06.124,8,16,2,0,113422,191
2022-01-01 00:00:06.125,7,6,46,2,2321066,151
2022-01-01 00:00:06.126,7,15,5,1,122222,191
2022-01-01 00:00:06.127,6,6,41,2,2514400,151
2022-01-01 00:00:06.128,8,18,1,0,80266,191
2022-01-01 00:00:06.129,6,6,57,1,3254844,151
2022-01-01 00:00:06.130,8,15,10,0,804977,191
2022-01-01 00:00:06.131,6,5,46,3,2260000,151
2022-01-01 00:00:06.132,8,14,3,0,119911,191
2022-01-01 00:00:06.133,6,4,40,2,1801333,151
2022-01-01 00:00:06.134,8,0,1,0,33155,191
2022-01-01 00:00:06.135,7,6,60,3,3525422,151
2022-01-01 00:00:06.136,8,18,5,0,826933,191
2022-01-01 00:00:06.137,7,9,39,1,2834577,151
2022-01-01 00:00:06.138,8,16,5,1,331555,191
2022-01-01 00:00:06.139,7,6,39,2,2560533,151
2022-01-01 00:00:06.140,8,17,12,1,1471911,191
2022-01-01 00:00:06.141,6,5,26,1,1458844,151
2022-01-01 00:00:06.142,9,17,2,0,113422,191
2022-01-01 00:00:06.143,8,6,1,0,13600,151
2022-01-01 00:00:06.144,7,15,2,0,114844,191
2022-01-01 00:00:06.145,8,15,3,0,113511,191
2022-01-01 00:00:06.146,7,19,29,0,5741244,191
2022-01-01 00:00:06.147,8,12,4,0,140622,191
2022-01-01 00:00:06.148,8,16,1,0,80266,191
2022-01-01 00:00:06.149,8,18,2,0,47466,191
2022-01-01 00:00:06.150,8,18,2,0,99733,191
2022-01-01 00:00:06.151,8,16,2,0,119111,191
2022-01-01 00:00:06.152,8,17,3,0,113866,191
2022-01-01 00:00:06.153,7,14,2,0,114844,191
2022-01-01 00:00:06.154,8,14,3,0,127022,191
2022-01-01 00:00:06.155,8,19,3,0,491733,191
2022-01-01 00:00:06.156,8,17,7,0,434222,191
2022-01-01 00:00:06.157,8,6,1,0,6666,151
2022-01-01 00:00:06.158,8,17,2,0,113422,191
2022-01-01 00:00:06.159,8,16,2,0,113422,191
2022-01-01 00:00:06.160,8,9,5,0,332355,151
2022-01-01 00:00:06.161,8,17,3,0,113866,191
2022-01-01 00:00:06.162,8,11,2,0,74488,151
2022-01-01 00:00:06.163,8,15,1,0,34577,191
2022-01-01 00:00:06.164,8,5,1,0,5600,151
2022-01-01 00:00:06.165,8,18,2,0,113422,191
2022-01-01 00:00:06.166,7,15,2,0,114844,191
2022-01-01 00:00:06.167,8,17,2,0,113422,191
2022-01-01 00:00:06.168,8,10,4,0,226133,151
2022-01-01 00:00:06.169,8,18,2,0,113422,191
2022-01-01 00:00:06.170,7,9,35,4,2953155,151
2022-01-01 00:00:06.171,8,18,2,0,113422,191
2022-01-01 00:00:06.172,8,8,1,0,18577,151
2022-01-01 00:00:06.173,8,17,2,0,113422,191
2022-01-01 00:00:06.174,8,16,1,0,80266,191
2022-01-01 00:00:06.175,8,16,2,0,113422,191
2022-01-01 00:00:06.176,8,14,1,0,34577,191
2022-01-01 00:00:06.177,9,16,4,0,200177,191
2022-01-01 00:00:06.178,8,18,2,0,253688,191
2022-01-01 00:00:06.179,8,15,8,0,548355,191
2022-01-01 00:00:06.180,8,6,3,0,14133,151
2022-01-01 00:00:06.181,8,17,3,0,118844,191
2022-01-01 00:00:06.182,7,5,1,0,622,151
2022-01-01 00:00:06.183,8,16,6,0,747022,191
2022-01-01 00:00:06.184,7,8,27,2,1679111,151
2022-01-01 00:00:06.185,8,15,6,0,352622,191
2022-01-01 00:00:06.186,6,6,58,1,3374933,151
2022-01-01 00:00:06.187,8,19,8,1,1364888,191
2022-01-01 00:00:06.188,6,5,45,1,2368444,151
2022-01-01 00:00:06.189,7,18,3,0,193688,191
2022-01-01 00:00:06.190,8,5,13,0,708000,151
2022-01-01 00:00:06.191,8,15,2,0,114844,191
2022-01-01 00:00:06.192,8,17,2,0,113422,191
2022-01-01 00:00:06.193,8,20,22,1,3689066,191
2022-01-01 00:00:06.194,8,18,18,0,2100711,191
2022-01-01 00:00:06.195,8,11,1,0,5600,151
2022-01-01 00:00:06.196,8,15,3,0,113511,191
2022-01-01 00:00:06.197,8,5,7,0,328088,151
2022-01-01 00:00:06.198,8,16,2,0,113422,191
2022-01-01 00:00:06.199,6,7,58,4,3790577,151
2022-01-01 00:00:06.200,7,15,2,0,114844,191
2022-01-01 00:00:06.201,7,4,1,0,4533,151
2022-01-01 00:00:06.202,8,16,2,0,113422,191
2022-01-01 00:00:06.203,8,19,1,0,80266,191
2022-01-01 00:00:06.204,8,16,2,0,113422,191
2022-01-01 00:00:06.205,8,17,2,0,113422,191
2022-01-01 00:00:06.206,8,17,2,0,113422,191
2022-01-01 00:00:06.207,8,17,1,0,33155,191
2022-01-01 00:00:06.208,8,18,3,0,115644,191
2022-01-01 00:00:06.209,8,16,2,0,113422,191
2022-01-01 00:00:06.210,7,15,3,0,114933,191
2022-01-01 00:00:06.211,8,17,2,0,113422,191
2022-01-01 00:00:06.212,8,19,2,0,113422,191
2022-01-01 00:00:06.213,8,17,1,0,80266,191
2022-01-01 00:00:06.214,8,17,3,0,116711,191
2022-01-01 00:00:06.215,8,15,3,0,119911,191
2022-01-01 00:00:06.216,8,17,2,0,113422,191
2022-01-01 00:00:06.217,8,14,11,0,821066,191
2022-01-01 00:00:06.218,9,18,1,0,33155,191
2022-01-01 00:00:06.219,8,17,11,0,838577,191
2022-01-01 00:00:06.220,8,18,13,0,1555555,191
2022-01-01 00:00:06.221,8,19,2,0,113422,191
2022-01-01 00:00:06.222,8,6,1,0,6666,151
2022-01-01 00:00:06.223,8,17,2,0,113422,191
2022-01-01 00:00:06.224,8,17,1,0,80266,191
2022-01-01 00:00:06.225,8,10,11,2,652177,151
2022-01-01 00:00:06.226,8,19,8,0,455111,191
2022-01-01 00:00:06.227,8,6,2,0,12266,151
2022-01-01 00:00:06.228,8,19,29,0,5404444,191
2022-01-01 00:00:06.229,8,16,2,0,113422,191
2022-01-01 00:00:06.230,8,6,18,1,866488,151
2022-01-01 00:00:06.231,9,18,1,0,33155,191
2022-01-01 00:00:06.232,8,10,16,1,1299911,151
2022-01-01 00:00:06.233,8,18,2,0,113422,191
2022-01-01 00:00:06.234,8,15,3,0,119911,191
2022-01-01 00:00:06.235,8,17,5,0,544711,191
2022-01-01 00:00:06.236,9,17,7,0,439111,191
2022-01-01 00:00:06.237,9,12,1,0,110133,151
2022-01-01 00:00:06.238,8,19,2,0,113422,191
2022-01-01 00:00:06.239,7,10,58,4,5517866,151
2022-01-01 00:00:06.240,8,0,1,0,11822,151
2022-01-01 00:00:06.241,8,18,4,0,226844,191
2022-01-01 00:00:06.242,8,16,1,0,80266,191
2022-01-01 00:00:06.243,9,19,2,0,113422,191
2022-01-01 00:00:06.244,8,19,1,0,33155,191
2022-01-01 00:00:06.245,9,18,2,0,113422,191
2022-01-01 00:00:06.246,8,17,3,0,119911,191
2022-01-01 00:00:06.247,9,6,1,0,6666,151
2022-01-01 00:00:06.248,9,18,2,0,113422,191
2022-01-01 00:00:06.249,8,15,6,0,640355,191
2022-01-01 00:00:06.250,8,11,5,2,410577,151
2022-01-01 00:00:06.251,9,16,4,0,129066,191
2022-01-01 00:00:06.252,7,6,10,1,270755,151
2022-01-01 00:00:06.253,8,18,2,0,113422,191
2022-01-01 00:00:06.254,7,10,43,4,4354222,151
2022-01-01 00:00:06.255,8,18,15,1,3014933,191
2022-01-01 00:00:06.256,7,4,9,1,361688,151
2022-01-01 00:00:06.257,8,19,7,0,773333,191
2022-01-01 00:00:06.258,9,19,14,0,2824533,191
2022-01-01 00:00:06.259,9,17,3,0,130577,191
2022-01-01 00:00:06.260,8,18,1,0,33155,191
2022-01-01 00:00:06.261,9,19,2,0,113422,191
2022-01-01 00:00:06.262,8,19,2,0,113422,191
2022-01-01 00:00:06.263,9,16,2,0,113422,191
2022-01-01 00:00:06.264,9,19,2,0,113422,191
2022-01-01 00:00:06.265,8,16,2,0,113422,191
2022-01-01 00:00:06.266,8,19,2,0,113422,191
2022-01-01 00:00:06.267,5,9,4,0,201777,191
2022-01-01 00:00:06.268,8,19,1,0,33155,191
2022-01-01 00:00:06.269,9,17,7,0,530755,191
2022-01-01 00:00:06.270,8,16,4,0,153600,191
2022-01-01 00:00:06.271,9,15,2,0,61688,191
2022-01-01 00:00:06.272,8,17,4,0,387911,191
2022-01-01 00:00:06.273,9,17,4,0,143288,191
2022-01-01 00:00:06.274,8,20,1,0,53066,191
2022-01-01 00:00:06.275,8,19,4,0,653333,191
2022-01-01 00:00:06.276,8,19,7,0,1221600,191
2022-01-01 00:00:06.277,8,19,29,0,6103466,191
2022-01-01 00:00:06.278,9,20,24,0,5400444,191
2022-01-01 00:00:06.279,8,19,1,0,36000,191
2022-01-01 00:00:06.280,8,20,1,0,53662,191
2022-01-01 00:00:06.281,9,12,1,0,6488,191
2022-01-01 00:00:06.282,9,17,5,0,425866,191
2022-01-01 00:00:06.283,8,12,2,0,77333,191
2022-01-01 00:00:06.284,9,15,2,0,62241,191
2022-01-01 00:00:06.285,8,21,3,0,720808,191
2022-01-01 00:00:06.286,8,18,8,0,1529244,191
2022-01-01 00:00:06.287,9,20,19,0,4259733,191
2022-01-01 00:00:06.288,9,19,3,0,181422,191
2022-01-01 00:00:06.289,9,11,1,0,5538,191
2022-01-01 00:00:06.290,8,14,1,0,8175,191
2022-01-01 00:00:06.291,8,18,1,0,55200,191
2022-01-01 00:00:06.292,9,12,2,0,14755,191
2022-01-01 00:00:06.293,9,18,5,0,417333,191
2022-01-01 00:00:06.294,8,11,1,0,5538,191
2022-01-01 00:00:06.295,9,15,2,0,211685,191
2022-01-01 00:00:06.296,8,20,1,0,169600,191
2022-01-01 00:00:06.297,9,11,1,0,5600,191
2022-01-01 00:00:06.298,8,15,2,0,185934,191
2022-01-01 00:00:06.299,9,20,1,0,53066,191
2022-01-01 00:00:06.300,8,15,2,0,177168,191
2022-01-01 00:00:06.301,9,20,1,0,182400,191
2022-01-01 00:00:06.302,9,12,2,0,13714,191
2022-01-01 00:00:06.303,8,14,3,0,171644,191
2022-01-01 00:00:06.304,8,18,1,0,182400,191
2022-01-01 00:00:06.305,9,11,1,0,5662,191
2022-01-01 00:00:06.306,8,14,1,0,163200,191
2022-01-01 00:00:06.307,8,20,1,0,5538,191
2022-01-01 00:00:06.308,9,15,3,0,241066,191
2022-01-01 00:00:06.309,9,14,2,0,175200,191
2022-01-01 00:00:06.310,8,18,1,0,180395,191
2022-01-01 00:00:06.311,9,13,2,0,60800,191
2022-01-01 00:00:06.312,9,11,2,0,177168,191
2022-01-01 00:00:06.313,8,20,1,0,180395,191
2022-01-01 00:00:06.314,8,11,1,0,5600,191
2022-01-01 00:00:06.315,8,15,2,0,175200,191
2022-01-01 00:00:06.316,9,17,4,0,249600,191
2022-01-01 00:00:06.317,8,20,1,0,167736,191
2022-01-01 00:00:06.318,8,11,1,0,5600,191
2022-01-01 00:00:06.319,8,14,2,0,190112,191
2022-01-01 00:00:06.320,9,15,1,0,167736,191
2022-01-01 00:00:06.321,8,0,1,0,5600,191
2022-01-01 00:00:06.322,8,14,2,0,190112,191
2022-01-01 00:00:06.323,9,11,2,0,166945,191
2022-01-01 00:00:06.324,8,20,1,0,182400,191
2022-01-01 00:00:06.325,9,11,1,0,5600,191
2022-01-01 00:00:06.326,8,14,2,0,168800,191
2022-01-01 00:00:06.327,8,20,1,0,53662,191
2022-01-01 00:00:06.328,8,13,2,0,185934,191
2022-01-01 00:00:06.329,8,5,2,0,175200,191
2022-01-01 00:00:06.330,8,18,1,0,184449,191
2022-01-01 00:00:06.331,8,11,1,0,5538,191
2022-01-01 00:00:06.332,9,17,3,0,222755,191
2022-01-01 00:00:06.333,8,0,1,0,5600,191
2022-01-01 00:00:06.334,8,20,1,0,182400,191
2022-01-01 00:00:06.335,7,11,1,0,5538,191
2022-01-01 00:00:06.336,8,16,2,0,166044,191
2022-01-01 00:00:06.337,8,11,1,0,5662,191
2022-01-01 00:00:06.338,7,14,1,0,180395,191
2022-01-01 00:00:06.339,9,0,1,0,5600,191
2022-01-01 00:00:06.340,8,16,2,0,175200,191
2022-01-01 00:00:06.341,8,18,1,0,55820,191
2022-01-01 00:00:06.342,8,18,1,0,180395,191
2022-01-01 00:00:06.343,8,14,2,0,60800,191
2022-01-01 00:00:06.344,7,18,1,0,163200,191
2022-01-01 00:00:06.345,8,13,1,0,37842,191
2022-01-01 00:00:06.346,8,11,1,0,5538,191
2022-01-01 00:00:06.347,8,20,1,0,182400,191
2022-01-01 00:00:06.348,9,11,1,0,5600,191
2022-01-01 00:00:06.349,8,18,1,0,163200,191
2022-01-01 00:00:06.350,8,11,1,0,5662,191
2022-01-01 00:00:06.351,9,16,3,0,241066,191
2022-01-01 00:00:06.352,8,14,2,0,172224,191
2022-01-01 00:00:06.353,8,11,1,0,5538,191
2022-01-01 00:00:06.354,8,20,1,0,182400,191
2022-01-01 00:00:06.355,8,11,1,0,5600,191
2022-01-01 00:00:06.356,8,19,1,0,169600,191
2022-01-01 00:00:06.357,7,14,1,0,34577,191
2022-01-01 00:00:06.358,8,11,1,0,5600,191
2022-01-01 00:00:06.359,7,15,2,0,193066,191
2022-01-01 00:00:06.360,8,11,1,0,5600,191
2022-01-01 00:00:06.361,8,16,2,0,175200,191
2022-01-01 00:00:06.362,7,18,1,0,182400,191
2022-01-01 00:00:06.363,8,11,1,0,5600,191
2022-01-01 00:00:06.364,8,18,1,0,163200,191
2022-01-01 00:00:06.365,8,11,1,0,5600,191
2022-01-01 00:00:06.366,8,15,2,0,188800,191
2022-01-01 00:00:06.367,8,11,1,1,5600,191
2022-01-01 00:00:06.368,8,14,2,1,164622,191
2022-01-01 00:00:06.369,8,0,1,0,5600,191
2022-01-01 00:00:06.370,8,20,1,0,182400,191
2022-01-01 00:00:06.371,7,11,1,0,5600,191
2022-01-01 00:00:06.372,9,18,2,0,166471,191
2022-01-01 00:00:06.373,8,11,1,0,5538,191
2022-01-01 00:00:06.374,8,18,1,1,182400,191
2022-01-01 00:00:06.375,8,11,1,0,5600,191
2022-01-01 00:00:06.376,9,20,1,0,169600,191
2022-01-01 00:00:06.377,7,11,1,0,5600,191
2022-01-01 00:00:06.378,8,18,1,0,182400,191
2022-01-01 00:00:06.379,8,13,2,0,62933,191
2022-01-01 00:00:06.380,8,20,1,0,169600,191
2022-01-01 00:00:06.381,8,20,1,0,40719,191
2022-01-01 00:00:06.382,8,18,1,0,180395,191
2022-01-01 00:00:06.383,8,15,1,0,19288,191
2022-01-01 00:00:06.384,7,12,1,0,6488,191
2022-01-01 00:00:06.385,8,14,9,0,687555,191
2022-01-01 00:00:06.386,8,12,1,0,6488,191
2022-01-01 00:00:06.387,8,20,3,0,629274,191
2022-01-01 00:00:06.388,7,14,4,0,231200,191
2022-01-01 00:00:06.389,9,18,2,0,11200,191
2022-01-01 00:00:06.390,8,16,8,0,1360800,191
2022-01-01 00:00:06.391,8,18,2,0,110400,191
2022-01-01 00:00:06.392,8,18,29,2,4994755,191
2022-01-01 00:00:06.393,8,15,7,0,722400,191
2022-01-01 00:00:06.394,8,20,1,0,53066,191
2022-01-01 00:00:06.395,7,15,1,0,57333,191
2022-01-01 00:00:06.396,9,18,1,0,55200,191
2022-01-01 00:00:06.397,8,18,2,0,61688,191
2022-01-01 00:00:06.398,8,16,4,0,629066,191
2022-01-01 00:00:06.399,8,15,5,1,247466,191
2022-01-01 00:00:06.400,8,17,5,0,646933,191
2022-01-01 00:00:06.401,8,12,5,1,228266,191
2022-01-01 00:00:06.402,8,15,3,0,122222,191
2022-01-01 00:00:06.403,9,20,3,0,473066,191
2022-01-01 00:00:06.404,7,12,5,1,118133,191
2022-01-01 00:00:06.405,8,0,1,0,5600,191
2022-01-01 00:00:06.406,8,18,50,0,8227733,191
2022-01-01 00:00:06.407,8,19,29,2,6227466,191
2022-01-01 00:00:06.408,8,19,26,0,5683466,191
2022-01-01 00:00:06.409,8,19,23,1,4846133,191
2022-01-01 00:00:06.410,8,19,22,0,4801333,191
2022-01-01 00:00:06.411,8,20,32,0,7100533,191
2022-01-01 00:00:06.412,8,20,17,0,3398044,191
2022-01-01 00:00:06.413,8,0,1,0,6488,191
2022-01-01 00:00:06.414,8,14,9,0,692355,191
2022-01-01 00:00:06.415,8,17,4,0,633600,191
2022-01-01 00:00:06.416,8,15,1,0,122933,191
2022-01-01 00:00:06.417,8,16,4,0,248266,191
2022-01-01 00:00:06.418,8,16,8,0,897333,191
2022-01-01 00:00:06.419,8,16,3,0,496000,191
2022-01-01 00:00:06.420,8,20,18,0,3701688,191
2022-01-01 00:00:06.421,8,19,11,0,1960444,191
2022-01-01 00:00:06.422,8,12,1,0,6488,191
2022-01-01 00:00:06.423,8,17,4,1,440266,191
2022-01-01 00:00:06.424,8,12,2,1,77333,191
2022-01-01 00:00:06.425,8,17,13,0,1277155,191
2022-01-01 00:00:06.426,8,17,16,0,2059644,191
2022-01-01 00:00:06.427,9,17,14,1,1652977,191
2022-01-01 00:00:06.428,8,12,1,0,6488,191
2022-01-01 00:00:06.429,8,18,3,1,412800,191
2022-01-01 00:00:06.430,8,13,5,3,173422,191
2022-01-01 00:00:06.431,8,17,4,0,595466,191
2022-01-01 00:00:06.432,8,17,18,0,2436622,191
2022-01-01 00:00:06.433,9,19,37,1,7007644,191
2022-01-01 00:00:06.434,8,15,3,0,88088,191
2022-01-01 00:00:06.435,8,12,1,0,6488,191
2022-01-01 00:00:06.436,8,17,7,1,662065,191
2022-01-01 00:00:06.437,8,9,2,0,16888,191
2022-01-01 00:00:06.438,8,16,5,1,700177,191
2022-01-01 00:00:06.439,8,13,5,0,196266,191
2022-01-01 00:00:06.440,8,17,8,0,1308444,191
2022-01-01 00:00:06.441,9,19,27,1,5614577,191
2022-01-01 00:00:06.442,8,16,2,0,27911,191
2022-01-01 00:00:06.443,8,12,1,0,6488,191
2022-01-01 00:00:06.444,8,15,8,0,729155,191
2022-01-01 00:00:06.445,8,18,1,0,10755,191
2022-01-01 00:00:06.446,8,12,1,0,6488,191
2022-01-01 00:00:06.447,8,0,2,0,335200,191
2022-01-01 00:00:06.448,8,18,9,0,1349066,191
2022-01-01 00:00:06.449,8,18,27,1,4094933,191
2022-01-01 00:00:06.450,8,18,13,0,2019644,191
2022-01-01 00:00:06.451,8,12,1,0,6488,191
2022-01-01 00:00:06.452,8,0,2,0,335200,191
2022-01-01 00:00:06.453,8,14,5,0,265155,191
2022-01-01 00:00:06.454,8,11,1,1,5600,191
2022-01-01 00:00:06.455,7,19,2,0,108266,191
2022-01-01 00:00:06.456,8,19,32,0,5564533,191
2022-01-01 00:00:06.457,8,20,19,3,4169600,191
2022-01-01 00:00:06.458,8,19,17,1,3505955,191
2022-01-01 00:00:06.459,8,19,19,1,4139733,191
2022-01-01 00:00:06.460,8,20,18,1,4021333,191
2022-01-01 00:00:06.461,8,20,17,0,3698666,191
2022-01-01 00:00:06.462,8,19,24,0,5162666,191
2022-01-01 00:00:06.463,8,21,13,0,3080266,191
2022-01-01 00:00:06.464,8,19,15,1,3257600,191
2022-01-01 00:00:06.465,8,20,20,1,4539200,191
2022-01-01 00:00:06.466,9,20,17,0,3826933,191
2022-01-01 00:00:06.467,8,20,15,0,3521333,191
2022-01-01 00:00:06.468,8,19,10,1,2138133,191
2022-01-01 00:00:06.469,8,15,1,0,19288,191
2022-01-01 00:00:06.470,8,18,1,0,55200,191
2022-01-01 00:00:06.471,8,12,1,0,6488,191
2022-01-01 00:00:06.472,8,19,3,1,332177,191
2022-01-01 00:00:06.473,7,17,36,1,5497955,191
2022-01-01 00:00:06.474,8,20,4,0,539911,191
2022-01-01 00:00:06.475,8,15,1,0,57333,191
2022-01-01 00:00:06.476,8,12,1,0,6488,191
2022-01-01 00:00:06.477,8,20,2,0,334933,191
2022-01-01 00:00:06.478,8,18,2,0,126933,191
2022-01-01 00:00:06.479,8,11,1,0,5600,191
2022-01-01 00:00:06.480,8,18,11,0,2034133,191
2022-01-01 00:00:06.481,8,15,6,0,968000,191
2022-01-01 00:00:06.482,8,12,1,0,6488,191
2022-01-01 00:00:06.483,8,18,3,0,385866,191
2022-01-01 00:00:06.484,7,19,8,1,1355288,191
2022-01-01 00:00:06.485,8,19,10,0,1848888,191
2022-01-01 00:00:06.486,7,18,1,0,55200,191
2022-01-01 00:00:06.487,8,13,2,0,59555,191
2022-01-01 00:00:06.488,9,18,3,0,417066,191
2022-01-01 00:00:06.489,8,13,5,0,245511,191
2022-01-01 00:00:06.490,8,17,4,0,633600,191
2022-01-01 00:00:06.491,8,15,4,0,205866,191
2022-01-01 00:00:06.492,8,12,2,0,168800,191
2022-01-01 00:00:06.493,9,19,9,0,1349955,191
2022-01-01 00:00:06.494,7,16,1,0,71733,191
2022-01-01 00:00:06.495,8,19,26,1,5380533,191
2022-01-01 00:00:06.496,8,14,2,0,262933,191
2022-01-01 00:00:06.497,8,18,1,0,55200,191
2022-01-01 00:00:06.498,8,12,1,0,6488,191
2022-01-01 00:00:06.499,8,16,4,1,412533,191
2022-01-01 00:00:06.500,8,14,7,0,329866,191
2022-01-01 00:00:06.501,8,18,1,0,55200,191
2022-01-01 00:00:06.502,8,12,1,0,6488,191
2022-01-01 00:00:06.503,8,15,6,0,492711,191
2022-01-01 00:00:06.504,8,14,3,0,162488,191
2022-01-01 00:00:06.505,8,18,3,1,413066,191
2022-01-01 00:00:06.506,8,14,6,0,433955,191
2022-01-01 00:00:06.507,9,17,3,0,150933,191
2022-01-01 00:00:06.508,8,21,6,0,1289600,191
2022-01-01 00:00:06.509,8,19,8,0,1586133,191
2022-01-01 00:00:06.510,9,18,22,0,4127200,191
2022-01-01 00:00:06.511,8,12,1,0,6488,191
2022-01-01 00:00:06.512,9,20,2,0,411466,191
2022-01-01 00:00:06.513,7,14,1,0,25333,191
2022-01-01 00:00:06.514,8,14,7,0,230488,191
2022-01-01 00:00:06.515,8,15,6,1,497866,191
2022-01-01 00:00:06.516,8,11,4,0,192800,191
2022-01-01 00:00:06.517,8,20,30,0,6620088,191
2022-01-01 00:00:06.518,7,19,31,1,6347466,191
2022-01-01 00:00:06.519,8,18,1,0,10755,191
2022-01-01 00:00:06.520,8,0,1,0,6488,191
2022-01-01 00:00:06.521,8,16,3,0,413066,191
2022-01-01 00:00:06.522,8,17,4,0,305511,191
2022-01-01 00:00:06.523,7,11,3,0,28355,191
2022-01-01 00:00:06.524,8,12,1,0,6488,191
2022-01-01 00:00:06.525,8,16,5,0,514311,191
2022-01-01 00:00:06.526,8,13,2,0,166133,191
2022-01-01 00:00:06.527,8,0,1,0,6488,191
2022-01-01 00:00:06.528,9,19,3,1,391466,191
2022-01-01 00:00:06.529,7,13,7,0,531733,191
2022-01-01 00:00:06.530,8,20,8,0,1338311,191
2022-01-01 00:00:06.531,8,20,1,0,53066,191
2022-01-01 00:00:06.532,8,20,1,0,53066,191
2022-01-01 00:00:06.533,8,20,27,0,5473600,191
2022-01-01 00:00:06.534,8,20,20,1,4598933,191
2022-01-01 00:00:06.535,7,18,5,1,564622,191
2022-01-01 00:00:06.536,8,20,1,0,53066,191
2022-01-01 00:00:06.537,8,12,1,1,6488,191
2022-01-01 00:00:06.538,8,15,8,1,730577,191
2022-01-01 00:00:06.539,8,18,1,2,10755,191
2022-01-01 00:00:06.540,8,13,1,0,53066,191
2022-01-01 00:00:06.541,8,12,1,0,6488,191
2022-01-01 00:00:06.542,8,14,10,0,697955,191
2022-01-01 00:00:06.543,7,15,5,1,630222,191
2022-01-01 00:00:06.544,8,12,5,0,256000,191
2022-01-01 00:00:06.545,8,10,4,0,30933,191
2022-01-01 00:00:06.546,8,17,9,0,1311200,191
2022-01-01 00:00:06.547,7,18,31,1,5441422,191
2022-01-01 00:00:06.548,9,16,3,1,190222,191
2022-01-01 00:00:06.549,8,0,1,0,6488,191
2022-01-01 00:00:06.550,8,17,4,0,633600,191
2022-01-01 00:00:06.551,8,15,4,0,248266,191
2022-01-01 00:00:06.552,7,12,1,0,6488,191
2022-01-01 00:00:06.553,8,16,7,0,716266,191
2022-01-01 00:00:06.554,8,15,5,0,278933,191
2022-01-01 00:00:06.555,8,12,1,0,6488,191
2022-01-01 00:00:06.556,7,11,8,1,504444,191
2022-01-01 00:00:06.557,8,17,11,1,1627516,191
2022-01-01 00:00:06.558,8,18,34,2,5640719,191
2022-01-01 00:00:06.559,8,19,16,0,3431466,191
2022-01-01 00:00:06.560,8,20,18,0,3890133,191
2022-01-01 00:00:06.561,8,21,18,0,3942044,191
2022-01-01 00:00:06.562,8,19,16,0,3478400,191
2022-01-01 00:00:06.563,8,20,24,0,5273066,191
2022-01-01 00:00:06.564,8,20,22,0,4641333,191
2022-01-01 00:00:06.565,8,20,16,1,3648533,191
2022-01-01 00:00:06.566,8,19,27,0,4536791,191
2022-01-01 00:00:06.567,8,20,2,0,373213,191
2022-01-01 00:00:06.568,7,16,2,0,36088,191
2022-01-01 00:00:06.569,8,12,1,0,6488,191
2022-01-01 00:00:06.570,9,17,3,0,423466,191
2022-01-01 00:00:06.571,8,14,6,0,257333,191
2022-01-01 00:00:06.572,8,11,2,0,12088,191
2022-01-01 00:00:06.573,9,17,5,0,629777,191
2022-01-01 00:00:06.574,8,14,6,0,348711,191
2022-01-01 00:00:06.575,8,19,2,0,16355,191
2022-01-01 00:00:06.576,8,17,7,0,1289244,191
2022-01-01 00:00:06.577,8,20,24,2,5361977,191
2022-01-01 00:00:06.578,8,15,4,0,413155,191
2022-01-01 00:00:06.579,8,5,1,0,34577,173
2022-01-01 00:00:06.580,9,6,1,0,6666,173
2022-01-01 00:00:06.581,9,6,8,0,411022,173
2022-01-01 00:00:06.582,8,4,1,0,23911,173
2022-01-01 00:00:06.583,8,5,4,0,83692,173
2022-01-01 00:00:06.584,8,5,6,0,196800,173
2022-01-01 00:00:06.585,8,6,14,1,827111,173
2022-01-01 00:00:06.586,9,4,8,1,185348,173
2022-01-01 00:00:06.587,8,6,22,1,1286044,173
2022-01-01 00:00:06.588,8,6,50,4,3345600,173
2022-01-01 00:00:06.589,9,6,38,2,2252131,173
2022-01-01 00:00:06.590,8,4,2,0,22292,173
2022-01-01 00:00:06.591,8,4,11,0,418755,173
2022-01-01 00:00:06.592,9,6,7,0,338755,173
2022-01-01 00:00:06.593,8,4,1,0,23648,173
2022-01-01 00:00:06.594,9,4,1,0,7022,173
2022-01-01 00:00:06.595,8,6,5,0,334471,173
2022-01-01 00:00:06.596,9,6,54,2,3040888,173
2022-01-01 00:00:06.597,8,6,41,2,2611466,173
2022-01-01 00:00:06.598,9,4,5,1,189978,173
2022-01-01 00:00:06.599,8,0,1,0,6593,173
2022-01-01 00:00:06.600,9,6,15,0,945422,173
2022-01-01 00:00:06.601,9,6,58,2,3953797,173
2022-01-01 00:00:06.602,9,6,45,1,3024622,173
2022-01-01 00:00:06.603,8,6,38,2,2387516,173
2022-01-01 00:00:06.604,9,6,32,2,2027733,173
2022-01-01 00:00:06.605,9,6,1,0,13752,173
2022-01-01 00:00:06.606,8,5,1,0,25758,173
2022-01-01 00:00:06.607,9,4,1,0,7022,173
2022-01-01 00:00:06.608,8,5,6,1,388088,173
2022-01-01 00:00:06.609,8,4,66,2,2999011,173
2022-01-01 00:00:06.610,8,5,43,0,2423648,173
2022-01-01 00:00:06.611,9,6,45,0,2915822,173
2022-01-01 00:00:06.612,9,6,49,3,3280088,173
2022-01-01 00:00:06.613,9,6,6,0,345168,173
2022-01-01 00:00:06.614,9,6,1,0,24622,173
2022-01-01 00:00:06.615,9,6,1,0,7022,173
2022-01-01 00:00:06.616,8,6,28,2,1701033,173
2022-01-01 00:00:06.617,8,6,54,4,3571516,173
2022-01-01 00:00:06.618,9,6,51,3,3091466,173
2022-01-01 00:00:06.619,9,6,26,1,1700444,173
2022-01-01 00:00:06.620,9,6,36,2,2398222,173
2022-01-01 00:00:06.621,9,6,30,1,2026844,173
2022-01-01 00:00:06.622,9,6,29,3,1908711,173
2022-01-01 00:00:06.623,9,6,8,1,457777,173
2022-01-01 00:00:06.624,9,4,2,0,25777,173
2022-01-01 00:00:06.625,8,6,1,0,6666,173
2022-01-01 00:00:06.626,8,4,9,0,340533,173
2022-01-01 00:00:06.627,9,6,2,0,74488,173
2022-01-01 00:00:06.628,9,6,33,3,2210606,173
2022-01-01 00:00:06.629,8,6,22,1,1314989,173
2022-01-01 00:00:06.630,9,6,23,6,1533393,173
2022-01-01 00:00:06.631,8,6,19,2,1266549,173
2022-01-01 00:00:06.632,9,6,26,2,1565393,173
2022-01-01 00:00:06.633,9,6,26,1,1702857,173
2022-01-01 00:00:06.634,9,6,22,3,1498844,173
2022-01-01 00:00:06.635,8,5,21,2,1085244,173
2022-01-01 00:00:06.636,8,6,20,5,1123022,173
2022-01-01 00:00:06.637,9,6,25,2,1646844,173
2022-01-01 00:00:06.638,8,6,22,4,1375288,173
2022-01-01 00:00:06.639,9,6,33,0,2170577,173
2022-01-01 00:00:06.640,8,5,22,0,1273777,173
2022-01-01 00:00:06.641,9,6,33,2,1927911,173
2022-01-01 00:00:06.642,8,6,18,2,1200177,173
2022-01-01 00:00:06.643,9,6,30,2,1895288,173
2022-01-01 00:00:06.644,9,6,16,6,1056000,173
2022-01-01 00:00:06.645,9,6,28,1,1882666,173
2022-01-01 00:00:06.646,8,6,19,3,1257155,173
2022-01-01 00:00:06.647,9,6,27,2,1763288,173
2022-01-01 00:00:06.648,9,6,21,3,1391377,173
2022-01-01 00:00:06.649,9,6,24,0,1636622,173
2022-01-01 00:00:06.650,9,6,22,2,1436800,173
2022-01-01 00:00:06.651,8,5,29,1,1716533,173
2022-01-01 00:00:06.652,9,6,19,3,1287022,173
2022-01-01 00:00:06.653,9,6,25,1,1641688,173
2022-01-01 00:00:06.654,9,6,25,2,1685422,173
2022-01-01 00:00:06.655,8,6,18,3,1052444,173
2022-01-01 00:00:06.656,9,6,29,2,1886311,173
2022-01-01 00:00:06.657,9,6,25,2,1652177,173
2022-01-01 00:00:06.658,8,6,17,2,1094133,173
2022-01-01 00:00:06.659,8,6,26,2,1672355,173
2022-01-01 00:00:06.660,7,12,1,0,6488,191
2022-01-01 00:00:06.661,8,21,2,0,417866,191
2022-01-01 00:00:06.662,8,15,4,0,248977,191
2022-01-01 00:00:06.663,8,17,10,0,847911,191
2022-01-01 00:00:06.664,8,18,8,0,1300800,191
2022-01-01 00:00:06.665,7,19,6,0,1080888,191
2022-01-01 00:00:06.666,8,19,23,0,4569955,191
2022-01-01 00:00:06.667,8,12,1,0,6488,191
2022-01-01 00:00:06.668,7,16,3,1,412800,191
2022-01-01 00:00:06.669,8,15,5,0,235200,191
2022-01-01 00:00:06.670,8,18,24,1,3157777,191
2022-01-01 00:00:06.671,8,19,12,1,1618577,191
2022-01-01 00:00:06.672,8,12,1,0,6488,191
2022-01-01 00:00:06.673,8,20,3,0,421866,191
2022-01-01 00:00:06.674,8,15,7,0,222844,191
2022-01-01 00:00:06.675,8,20,26,2,5657333,191
2022-01-01 00:00:06.676,9,21,22,0,4772088,191
2022-01-01 00:00:06.677,8,21,28,0,6567733,191
2022-01-01 00:00:06.678,8,20,28,0,5575288,191
2022-01-01 00:00:06.679,8,14,1,0,17155,191
2022-01-01 00:00:06.680,8,12,1,0,6488,191
2022-01-01 00:00:06.681,8,14,7,0,510755,191
2022-01-01 00:00:06.682,8,20,41,0,8699288,191
2022-01-01 00:00:06.683,8,21,34,0,7306400,191
2022-01-01 00:00:06.684,8,18,1,0,10755,191
2022-01-01 00:00:06.685,7,12,1,0,6488,191
2022-01-01 00:00:06.686,8,17,5,0,490311,191
2022-01-01 00:00:06.687,8,16,3,0,178311,191
2022-01-01 00:00:06.688,8,16,8,0,880177,191
2022-01-01 00:00:06.689,8,18,9,1,1309244,191
2022-01-01 00:00:06.690,8,18,15,1,2462666,191
2022-01-01 00:00:06.691,8,19,21,1,3172622,191
2022-01-01 00:00:06.692,8,20,2,0,53155,191
2022-01-01 00:00:06.693,8,16,2,0,59555,191
2022-01-01 00:00:06.694,9,18,9,0,786488,191
2022-01-01 00:00:06.695,8,14,2,0,75200,191
2022-01-01 00:00:06.696,8,20,1,0,53066,191
2022-01-01 00:00:06.697,8,20,1,0,53066,191
2022-01-01 00:00:06.698,8,11,1,0,5600,191
2022-01-01 00:00:06.699,8,14,4,0,305600,191
2022-01-01 00:00:06.700,8,20,1,0,118666,191
2022-01-01 00:00:06.701,8,14,3,0,90933,191
2022-01-01 00:00:06.702,8,21,3,0,704266,191
2022-01-01 00:00:06.703,8,18,6,0,977244,191
2022-01-01 00:00:06.704,8,20,2,0,54577,191
2022-01-01 00:00:06.705,8,11,1,0,5600,191
2022-01-01 00:00:06.706,8,14,3,0,248266,191
2022-01-01 00:00:06.707,8,13,2,0,64533,191
2022-01-01 00:00:06.708,8,20,6,0,1120088,191
2022-01-01 00:00:06.709,8,17,20,0,2396711,191
2022-01-01 00:00:06.710,8,20,1,0,53066,191
2022-01-01 00:00:06.711,7,12,1,0,6488,191
2022-01-01 00:00:06.712,8,18,4,0,382222,191
2022-01-01 00:00:06.713,8,16,3,0,88088,191
2022-01-01 00:00:06.714,8,14,3,1,372711,191
2022-01-01 00:00:06.715,8,20,6,1,1251200,191
2022-01-01 00:00:06.716,7,20,15,1,2786577,191
2022-01-01 00:00:06.717,8,20,29,0,6287822,191
2022-01-01 00:00:06.718,9,21,11,1,2588000,191
2022-01-01 00:00:06.719,8,15,1,0,19288,191
2022-01-01 00:00:06.720,8,20,1,0,53066,191
2022-01-01 00:00:06.721,7,12,1,0,6488,191
2022-01-01 00:00:06.722,9,18,1,0,53066,191
2022-01-01 00:00:06.723,8,16,6,0,417244,191
2022-01-01 00:00:06.724,8,15,1,0,66577,191
2022-01-01 00:00:06.725,8,0,1,0,5600,191
2022-01-01 00:00:06.726,8,19,4,1,509511,191
2022-01-01 00:00:06.727,8,20,7,0,1508711,191
2022-01-01 00:00:06.728,8,20,13,1,2816355,191
2022-01-01 00:00:06.729,8,21,27,0,6054133,191
2022-01-01 00:00:06.730,7,20,17,0,3903200,191
2022-01-01 00:00:06.731,9,21,18,1,4044977,191
2022-01-01 00:00:06.732,8,20,14,1,3300800,191
2022-01-01 00:00:06.733,8,0,1,0,19288,191
2022-01-01 00:00:06.734,7,20,1,0,53066,191
2022-01-01 00:00:06.735,8,20,1,0,53066,191
2022-01-01 00:00:06.736,8,20,1,0,53066,191
2022-01-01 00:00:06.737,8,12,1,0,6488,191
2022-01-01 00:00:06.738,8,17,3,0,334844,191
2022-01-01 00:00:06.739,8,16,3,0,88088,191
2022-01-01 00:00:06.740,9,16,2,0,77333,191
2022-01-01 00:00:06.741,8,20,7,1,872088,191
2022-01-01 00:00:06.742,8,18,9,0,1535555,191
2022-01-01 00:00:06.743,8,20,22,0,5040533,191
2022-01-01 00:00:06.744,8,19,5,0,969688,191
2022-01-01 00:00:06.745,8,12,1,1,6488,191
2022-01-01 00:00:06.746,8,20,2,0,329244,191
2022-01-01 00:00:06.747,8,14,3,0,88088,191
2022-01-01 00:00:06.748,6,16,2,1,72177,191
2022-01-01 00:00:06.749,8,21,1,0,237600,191
2022-01-01 00:00:06.750,8,21,2,0,441333,191
2022-01-01 00:00:06.751,7,20,7,0,1531466,191
2022-01-01 00:00:06.752,8,20,27,0,6102577,191
2022-01-01 00:00:06.753,8,21,19,0,4497333,191
2022-01-01 00:00:06.754,8,20,21,0,4309777,191
2022-01-01 00:00:06.755,8,15,3,0,309955,191
2022-01-01 00:00:06.756,9,12,1,0,6488,191
2022-01-01 00:00:06.757,8,18,5,0,411644,191
2022-01-01 00:00:06.758,8,15,2,0,72177,191
2022-01-01 00:00:06.759,9,11,1,0,5600,191
2022-01-01 00:00:06.760,8,21,3,0,687200,191
2022-01-01 00:00:06.761,8,20,7,0,1540000,191
2022-01-01 00:00:06.762,8,21,3,0,704967,191
2022-01-01 00:00:06.763,8,20,25,0,5460943,191
2022-01-01 00:00:06.764,7,20,21,0,4887466,191
2022-01-01 00:00:06.765,8,20,19,0,4202488,191
2022-01-01 00:00:06.766,8,15,1,0,19076,191
2022-01-01 00:00:06.767,8,12,1,0,6488,191
2022-01-01 00:00:06.768,8,15,4,1,415644,191
2022-01-01 00:00:06.769,8,11,3,0,21714,191
2022-01-01 00:00:06.770,7,18,3,0,430921,191
2022-01-01 00:00:06.771,9,20,7,0,1304266,191
2022-01-01 00:00:06.772,8,20,13,1,2572800,191
2022-01-01 00:00:06.773,8,20,24,1,5355164,191
2022-01-01 00:00:06.774,8,20,17,0,3815640,191
2022-01-01 00:00:06.775,8,17,2,0,72355,191
2022-01-01 00:00:06.776,7,12,1,0,6488,191
2022-01-01 00:00:06.777,8,16,3,1,328351,191
2022-01-01 00:00:06.778,8,15,3,0,89078,191
2022-01-01 00:00:06.779,8,21,4,0,941866,191
2022-01-01 00:00:06.780,8,21,7,0,1535733,191
2022-01-01 00:00:06.781,8,20,10,0,2341450,191
2022-01-01 00:00:06.782,8,20,16,0,3058311,191
2022-01-01 00:00:06.783,8,20,1,0,53066,191
2022-01-01 00:00:06.784,8,12,1,0,6488,191
2022-01-01 00:00:06.785,9,16,9,0,417934,191
2022-01-01 00:00:06.786,7,11,1,0,5600,191
2022-01-01 00:00:06.787,8,19,3,0,440539,191
2022-01-01 00:00:06.788,8,20,9,0,1276533,191
2022-01-01 00:00:06.789,8,20,19,0,4376439,191
2022-01-01 00:00:06.790,8,20,22,0,4303200,191
2022-01-01 00:00:06.791,8,20,12,1,2857348,191
2022-01-01 00:00:06.792,8,15,1,0,19076,191
2022-01-01 00:00:06.793,8,12,1,0,6561,191
2022-01-01 00:00:06.794,8,17,3,0,334844,191
2022-01-01 00:00:06.795,8,18,2,0,81582,191
2022-01-01 00:00:06.796,8,13,2,0,72177,191
2022-01-01 00:00:06.797,9,17,3,0,480800,191
2022-01-01 00:00:06.798,8,20,2,0,22831,191
2022-01-01 00:00:06.799,8,20,8,0,1528000,191
2022-01-01 00:00:06.800,8,20,26,0,6075466,191
2022-01-01 00:00:06.801,8,20,19,0,4186488,191
2022-01-01 00:00:06.802,8,15,1,0,19505,191
2022-01-01 00:00:06.803,9,12,1,0,6561,191
2022-01-01 00:00:06.804,8,17,3,0,408527,191
2022-01-01 00:00:06.805,8,15,5,1,250488,191
2022-01-01 00:00:06.806,8,17,5,0,712089,191
2022-01-01 00:00:06.807,8,12,6,1,172747,191
2022-01-01 00:00:06.808,8,20,7,1,1281155,191
2022-01-01 00:00:06.809,7,18,35,2,5699595,191
2022-01-01 00:00:06.810,8,20,1,0,25758,191
2022-01-01 00:00:06.811,8,12,1,0,6417,191
2022-01-01 00:00:06.812,8,17,4,0,506755,191
2022-01-01 00:00:06.813,8,19,2,0,251146,191
2022-01-01 00:00:06.814,8,11,1,0,5600,191
2022-01-01 00:00:06.815,8,16,3,0,255200,191
2022-01-01 00:00:06.816,8,12,3,0,79555,191
2022-01-01 00:00:06.817,8,19,6,0,1144266,191
2022-01-01 00:00:06.818,7,20,12,0,2767280,191
2022-01-01 00:00:06.819,8,19,7,0,1219780,191
2022-01-01 00:00:06.820,8,12,1,0,6488,191
2022-01-01 00:00:06.821,9,18,5,1,503111,191
2022-01-01 00:00:06.822,7,16,2,0,163288,191
2022-01-01 00:00:06.823,8,17,8,1,729688,191
2022-01-01 00:00:06.824,8,18,13,0,1465600,191
2022-01-01 00:00:06.825,9,19,34,0,5672800,191
2022-01-01 00:00:06.826,8,12,1,0,6488,191
2022-01-01 00:00:06.827,7,15,7,0,515022,191
2022-01-01 00:00:06.828,8,11,4,0,246844,191
2022-01-01 00:00:06.829,8,12,1,0,6488,191
2022-01-01 00:00:06.830,9,18,8,1,663377,191
2022-01-01 00:00:06.831,8,12,1,0,6488,191
2022-01-01 00:00:06.832,8,16,7,0,716266,191
2022-01-01 00:00:06.833,8,18,12,0,1290933,191
2022-01-01 00:00:06.834,8,0,2,0,203200,191
2022-01-01 00:00:06.835,7,18,36,0,5680000,191
2022-01-01 00:00:06.836,9,18,1,0,21422,191
2022-01-01 00:00:06.837,8,20,1,0,53066,191
2022-01-01 00:00:06.838,8,15,1,0,57333,191
2022-01-01 00:00:06.839,8,20,2,0,54577,191
2022-01-01 00:00:06.840,8,17,3,0,61066,191
2022-01-01 00:00:06.841,8,20,1,0,53066,191
2022-01-01 00:00:06.842,8,16,7,0,780800,191
2022-01-01 00:00:06.843,8,11,2,1,11200,191
2022-01-01 00:00:06.844,9,20,1,0,53066,191
2022-01-01 00:00:06.845,8,0,1,0,6488,191
2022-01-01 00:00:06.846,8,20,9,0,1680622,191
2022-01-01 00:00:06.847,8,20,29,0,5804533,191
2022-01-01 00:00:06.848,8,21,19,0,4497333,191
2022-01-01 00:00:06.849,8,21,18,0,4259733,191
2022-01-01 00:00:06.850,8,21,20,0,4717866,191
2022-01-01 00:00:06.851,9,21,19,0,4505866,191
2022-01-01 00:00:06.852,7,19,18,1,3984533,191
2022-01-01 00:00:06.853,8,20,17,0,3894933,191
2022-01-01 00:00:06.854,8,21,19,0,4514400,191
2022-01-01 00:00:06.855,8,20,19,1,3800711,191
2022-01-01 00:00:06.856,8,21,19,0,4497333,191
2022-01-01 00:00:06.857,8,20,12,0,2400355,191
2022-01-01 00:00:06.858,8,20,1,0,12888,191
2022-01-01 00:00:06.859,7,20,1,0,53066,191
2022-01-01 00:00:06.860,8,20,1,0,53066,191
2022-01-01 00:00:06.861,8,12,1,0,6488,191
2022-01-01 00:00:06.862,8,17,4,0,420800,191
2022-01-01 00:00:06.863,9,20,30,0,5220444,191
2022-01-01 00:00:06.864,7,20,22,0,4764355,191
2022-01-01 00:00:06.865,9,21,18,0,4251200,191
2022-01-01 00:00:06.866,8,17,7,0,990488,191
2022-01-01 00:00:06.867,8,15,1,0,57333,191
2022-01-01 00:00:06.868,8,12,1,0,6488,191
2022-01-01 00:00:06.869,8,21,2,0,330933,191
2022-01-01 00:00:06.870,8,15,2,0,77333,191
2022-01-01 00:00:06.871,8,19,12,0,2096533,191
2022-01-01 00:00:06.872,8,21,24,0,5000888,191
2022-01-01 00:00:06.873,8,21,16,1,3801600,191
2022-01-01 00:00:06.874,9,21,19,0,4497333,191
2022-01-01 00:00:06.875,8,21,23,1,5241511,191
2022-01-01 00:00:06.876,8,20,19,1,4161600,191
2022-01-01 00:00:06.877,8,20,16,0,3597155,191
2022-01-01 00:00:06.878,9,15,1,0,19288,191
2022-01-01 00:00:06.879,8,12,1,0,6488,191
2022-01-01 00:00:06.880,8,20,2,0,334933,191
2022-01-01 00:00:06.881,8,14,2,0,77333,191
2022-01-01 00:00:06.882,8,11,1,0,5600,191
2022-01-01 00:00:06.883,7,20,20,1,4530933,191
2022-01-01 00:00:06.884,8,19,33,0,4945155,191
2022-01-01 00:00:06.885,8,21,12,1,2834133,191
2022-01-01 00:00:06.886,8,19,12,0,2036800,191
2022-01-01 00:00:06.887,8,18,1,0,55200,191
2022-01-01 00:00:06.888,8,12,1,0,6488,191
2022-01-01 00:00:06.889,8,20,2,0,334933,191
2022-01-01 00:00:06.890,9,20,16,0,2927822,191
2022-01-01 00:00:06.891,8,20,36,0,6705777,191
2022-01-01 00:00:06.892,8,18,10,0,1547911,191
2022-01-01 00:00:06.893,9,11,1,0,5600,191
2022-01-01 00:00:06.894,8,14,1,0,8266,191
2022-01-01 00:00:06.895,8,20,1,0,53066,191
2022-01-01 00:00:06.896,7,14,1,0,8266,191
2022-01-01 00:00:06.897,7,12,1,0,6488,191
2022-01-01 00:00:06.898,8,18,4,0,412266,191
2022-01-01 00:00:06.899,9,11,1,0,5600,191
2022-01-01 00:00:06.900,8,20,13,0,2665777,191
2022-01-01 00:00:06.901,8,20,1,0,12888,191
2022-01-01 00:00:06.902,8,0,1,0,8266,191
2022-01-01 00:00:06.903,8,12,1,0,6488,191
2022-01-01 00:00:06.904,8,20,2,0,334933,191
2022-01-01 00:00:06.905,8,14,3,0,154755,191
2022-01-01 00:00:06.906,8,20,2,0,269333,191
2022-01-01 00:00:06.907,9,20,1,0,12888,191
2022-01-01 00:00:06.908,7,12,1,0,6488,191
2022-01-01 00:00:06.909,8,20,1,0,237600,191
2022-01-01 00:00:06.910,9,20,9,0,996444,191
2022-01-01 00:00:06.911,8,15,1,0,19288,191
2022-01-01 00:00:06.912,8,12,1,0,6488,191
2022-01-01 00:00:06.913,9,14,1,0,8266,191
2022-01-01 00:00:06.914,7,20,2,0,331252,191
2022-01-01 00:00:06.915,8,15,2,0,79090,191
2022-01-01 00:00:06.916,8,16,2,0,248087,191
2022-01-01 00:00:06.917,8,12,1,0,6488,191
2022-01-01 00:00:06.918,8,20,6,0,1119466,191
2022-01-01 00:00:06.919,8,15,2,0,137955,191
2022-01-01 00:00:06.920,8,20,2,0,53155,191
2022-01-01 00:00:06.921,9,20,1,0,53066,191
2022-01-01 00:00:06.922,8,20,1,0,53066,191
2022-01-01 00:00:06.923,8,20,2,0,54577,191
2022-01-01 00:00:06.924,8,20,1,0,53066,191
2022-01-01 00:00:06.925,8,15,1,0,57333,191
2022-01-01 00:00:06.926,8,12,1,0,6488,191
2022-01-01 00:00:06.927,8,20,6,0,721600,191
2022-01-01 00:00:06.928,8,17,9,0,1090666,191
2022-01-01 00:00:06.929,8,11,1,0,5600,191
2022-01-01 00:00:06.930,8,7,1,0,7911,191
2022-01-01 00:00:06.931,8,20,1,0,53066,191
2022-01-01 00:00:06.932,8,10,2,0,14400,191
2022-01-01 00:00:06.933,8,20,2,0,334933,191
2022-01-01 00:00:06.934,7,20,1,0,80266,191
2022-01-01 00:00:06.935,8,15,1,0,77422,191
2022-01-01 00:00:06.936,8,16,3,0,166844,191
2022-01-01 00:00:06.937,8,20,3,0,388000,191
2022-01-01 00:00:06.938,8,13,4,0,90488,191
2022-01-01 00:00:06.939,8,20,2,1,245866,191
2022-01-01 00:00:06.940,8,16,1,0,30311,191
2022-01-01 00:00:06.941,9,12,2,0,13866,191
2022-01-01 00:00:06.942,8,14,1,0,8266,191
2022-01-01 00:00:06.943,8,13,2,0,14755,191
2022-01-01 00:00:06.944,8,19,2,0,334933,191
2022-01-01 00:00:06.945,7,19,7,0,1352533,191
2022-01-01 00:00:06.946,9,14,3,0,119733,191
2022-01-01 00:00:06.947,7,20,1,0,12888,191
2022-01-01 00:00:06.948,8,14,1,0,8266,191
2022-01-01 00:00:06.949,8,7,1,0,7911,191
2022-01-01 00:00:06.950,8,12,1,0,6488,191
2022-01-01 00:00:06.951,9,20,3,0,412800,191
2022-01-01 00:00:06.952,8,15,4,0,250044,191
2022-01-01 00:00:06.953,8,11,1,0,5600,191
2022-01-01 00:00:06.954,8,18,4,0,629066,191
2022-01-01 00:00:06.955,8,13,4,0,231200,191
2022-01-01 00:00:06.956,7,18,10,0,1302666,191
2022-01-01 00:00:06.957,8,14,1,0,8266,191
2022-01-01 00:00:06.958,8,19,36,1,5172266,191
2022-01-01 00:00:06.959,8,20,2,0,381600,191
2022-01-01 00:00:06.960,8,19,1,0,131466,191
2022-01-01 00:00:06.961,7,18,1,0,21422,191
2022-01-01 00:00:06.962,8,12,1,0,6488,191
2022-01-01 00:00:06.963,8,19,2,0,381600,191
2022-01-01 00:00:06.964,8,15,8,0,327377,191
2022-01-01 00:00:06.965,7,16,9,0,902666,191
2022-01-01 00:00:06.966,8,16,3,1,220800,191
2022-01-01 00:00:06.967,8,18,8,0,1111644,191
2022-01-01 00:00:06.968,8,17,2,0,475200,191
2022-01-01 00:00:06.969,7,20,34,1,5186844,191
2022-01-01 00:00:06.970,8,12,1,0,6488,191
2022-01-01 00:00:06.971,8,14,6,1,500000,191
2022-01-01 00:00:06.972,9,14,4,1,259555,191
2022-01-01 00:00:06.973,8,14,1,0,8266,191
2022-01-01 00:00:06.974,8,12,1,0,6488,191
2022-01-01 00:00:06.975,8,21,2,0,426400,191
2022-01-01 00:00:06.976,8,18,2,0,86755,191
2022-01-01 00:00:06.977,8,11,3,0,168888,191
2022-01-01 00:00:06.978,8,20,3,0,632000,191
2022-01-01 00:00:06.979,8,15,5,0,251200,191
2022-01-01 00:00:06.980,7,17,11,1,1115644,191
2022-01-01 00:00:06.981,9,0,2,0,203200,191
2022-01-01 00:00:06.982,8,0,1,0,8266,191
2022-01-01 00:00:06.983,8,18,23,1,3278844,191
2022-01-01 00:00:06.984,8,18,19,1,2379111,191
2022-01-01 00:00:06.985,8,13,1,0,22488,191
2022-01-01 00:00:06.986,8,12,1,0,6488,191
2022-01-01 00:00:06.987,8,17,3,0,412800,191
2022-01-01 00:00:06.988,8,13,7,0,255288,191
2022-01-01 00:00:06.989,8,19,31,1,4728444,191
2022-01-01 00:00:06.990,9,18,2,0,16355,191
2022-01-01 00:00:06.991,8,12,1,0,6488,191
2022-01-01 00:00:06.992,8,13,3,0,71733,191
2022-01-01 00:00:06.993,8,17,4,0,414311,191
2022-01-01 00:00:06.994,8,15,7,0,352088,191
2022-01-01 00:00:06.995,8,20,1,0,53066,191
2022-01-01 00:00:06.996,7,20,1,0,53066,191
2022-01-01 00:00:06.997,9,20,1,0,53066,191
2022-01-01 00:00:06.998,7,20,1,0,53066,191
2022-01-01 00:00:06.999,8,15,1,0,57333,191
2022-01-01 00:00:07.000,8,20,2,0,54577,191
2022-01-01 00:00:07.001,8,7,1,0,7911,191
2022-01-01 00:00:07.002,9,16,1,0,53066,191
2022-01-01 00:00:07.003,8,0,1,0,6488,191
2022-01-01 00:00:07.004,8,18,4,0,484533,191
2022-01-01 00:00:07.005,8,18,2,0,66666,191
2022-01-01 00:00:07.006,8,14,3,0,113688,191
2022-01-01 00:00:07.007,8,19,4,1,637600,191
2022-01-01 00:00:07.008,8,15,5,1,248977,191
2022-01-01 00:00:07.009,8,20,7,0,1300355,191
2022-01-01 00:00:07.010,8,20,19,0,3796177,191
2022-01-01 00:00:07.011,8,20,31,1,5499200,191
2022-01-01 00:00:07.012,8,18,9,0,1316800,191
2022-01-01 00:00:07.013,8,11,2,0,17066,191
2022-01-01 00:00:07.014,8,20,1,0,53066,191
2022-01-01 00:00:07.015,8,12,1,0,6488,191
2022-01-01 00:00:07.016,8,17,5,0,505600,191
2022-01-01 00:00:07.017,9,17,4,0,243377,191
2022-01-01 00:00:07.018,8,18,1,0,10755,191
2022-01-01 00:00:07.019,7,14,1,0,8266,191
2022-01-01 00:00:07.020,8,20,1,0,53066,191
2022-01-01 00:00:07.021,8,12,1,0,6488,191
2022-01-01 00:00:07.022,8,16,4,0,528177,191
2022-01-01 00:00:07.023,8,10,2,0,16000,191
2022-01-01 00:00:07.024,7,11,1,0,5600,191
2022-01-01 00:00:07.025,8,20,17,1,3565600,191
2022-01-01 00:00:07.026,8,20,13,0,2687377,191
2022-01-01 00:00:07.027,8,20,2,0,53155,191
2022-01-01 00:00:07.028,8,13,2,0,15911,191
2022-01-01 00:00:07.029,8,12,1,0,6417,191
2022-01-01 00:00:07.030,8,20,5,0,581244,191
2022-01-01 00:00:07.031,7,14,1,0,17155,191
2022-01-01 00:00:07.032,8,11,1,0,5600,191
2022-01-01 00:00:07.033,9,21,17,0,3535288,191
2022-01-01 00:00:07.034,8,20,4,0,831466,191
2022-01-01 00:00:07.035,8,0,1,0,127200,191
2022-01-01 00:00:07.036,8,14,1,0,17155,191
2022-01-01 00:00:07.037,8,18,1,0,55200,191
2022-01-01 00:00:07.038,8,12,1,0,6488,191
2022-01-01 00:00:07.039,8,20,2,0,53155,191
2022-01-01 00:00:07.040,8,18,4,1,529600,191
2022-01-01 00:00:07.041,8,14,1,0,17155,191
2022-01-01 00:00:07.042,9,20,19,0,3529688,191
2022-01-01 00:00:07.043,8,20,7,0,1540000,191
2022-01-01 00:00:07.044,8,16,6,0,737406,191
2022-01-01 00:00:07.045,8,14,1,0,17348,191
2022-01-01 00:00:07.046,8,20,1,0,53066,191
2022-01-01 00:00:07.047,8,20,1,0,52483,191
2022-01-01 00:00:07.048,8,12,1,0,6488,191
2022-01-01 00:00:07.049,8,15,8,0,660800,191
2022-01-01 00:00:07.050,8,11,2,0,12088,191
2022-01-01 00:00:07.051,8,18,2,0,240527,191
2022-01-01 00:00:07.052,8,14,6,0,644314,191
2022-01-01 00:00:07.053,8,19,9,1,1309511,191
2022-01-01 00:00:07.054,8,18,30,0,4067822,191
2022-01-01 00:00:07.055,8,20,27,4,4918844,191
2022-01-01 00:00:07.056,9,20,9,0,1589802,191
2022-01-01 00:00:07.057,8,12,1,0,6488,191
2022-01-01 00:00:07.058,9,18,1,0,5600,191
2022-01-01 00:00:07.059,7,13,5,1,505168,191
2022-01-01 00:00:07.060,8,19,4,0,252533,191
2022-01-01 00:00:07.061,8,12,1,0,6417,191
2022-01-01 00:00:07.062,7,16,4,0,533123,191
2022-01-01 00:00:07.063,8,14,1,0,16967,191
2022-01-01 00:00:07.064,8,11,1,0,5600,191
2022-01-01 00:00:07.065,8,20,14,0,3100224,191
2022-01-01 00:00:07.066,8,20,13,0,2678681,191
2022-01-01 00:00:07.067,8,16,5,0,514577,191
2022-01-01 00:00:07.068,9,14,1,0,17348,191
2022-01-01 00:00:07.069,8,12,1,0,6488,191
2022-01-01 00:00:07.070,8,16,4,0,528177,191
2022-01-01 00:00:07.071,7,9,2,0,15644,191
2022-01-01 00:00:07.072,9,11,1,0,5662,191
2022-01-01 00:00:07.073,8,20,15,0,2896879,191
2022-01-01 00:00:07.074,8,20,13,0,2585155,191
2022-01-01 00:00:07.075,8,20,5,0,952179,191
2022-01-01 00:00:07.076,8,18,1,0,10637,191
2022-01-01 00:00:07.077,8,12,1,0,6417,191
2022-01-01 00:00:07.078,8,17,5,0,593528,191
2022-01-01 00:00:07.079,9,16,2,0,69450,191
2022-01-01 00:00:07.080,8,15,1,0,53066,191
2022-01-01 00:00:07.081,8,18,15,0,2365600,191
2022-01-01 00:00:07.082,7,20,8,0,1858400,191
2022-01-01 00:00:07.083,8,19,6,0,945318,191
2022-01-01 00:00:07.084,8,20,1,0,131466,191
2022-01-01 00:00:07.085,7,14,1,0,8175,191
2022-01-01 00:00:07.086,8,14,1,0,8359,191
2022-01-01 00:00:07.087,8,20,1,0,52483,191
2022-01-01 00:00:07.088,8,20,1,0,131466,191
2022-01-01 00:00:07.089,8,21,2,0,254400,191
2022-01-01 00:00:07.090,8,15,1,0,94488,191
2022-01-01 00:00:07.091,8,9,1,0,15733,191
2022-01-01 00:00:07.092,9,20,2,0,54577,191
2022-01-01 00:00:07.093,8,12,1,0,6488,191
2022-01-01 00:00:07.094,8,16,2,0,132800,191
2022-01-01 00:00:07.095,8,18,2,0,254755,191
2022-01-01 00:00:07.096,8,20,1,0,144000,191
2022-01-01 00:00:07.097,8,14,1,0,17155,191
2022-01-01 00:00:07.098,8,11,1,0,5600,191
2022-01-01 00:00:07.099,8,20,4,0,670488,191
2022-01-01 00:00:07.100,8,20,5,1,1056266,191
2022-01-01 00:00:07.101,7,20,6,0,1374666,191
2022-01-01 00:00:07.102,8,19,5,0,909866,191
2022-01-01 00:00:07.103,8,17,5,0,636355,191
2022-01-01 00:00:07.104,8,20,2,0,262933,191
2022-01-01 00:00:07.105,8,18,5,0,729688,191
2022-01-01 00:00:07.106,8,21,3,0,644800,191
2022-01-01 00:00:07.107,8,17,4,1,530222,191
2022-01-01 00:00:07.108,8,9,1,0,10400,191
2022-01-01 00:00:07.109,8,9,1,0,15733,191
2022-01-01 00:00:07.110,8,12,1,0,6417,191
2022-01-01 00:00:07.111,8,16,3,0,400000,191
2022-01-01 00:00:07.112,8,20,1,0,131466,191
2022-01-01 00:00:07.113,8,14,1,0,17155,191
2022-01-01 00:00:07.114,8,20,5,0,794666,191
2022-01-01 00:00:07.115,8,20,5,0,924533,191
2022-01-01 00:00:07.116,8,21,5,1,896711,191
2022-01-01 00:00:07.117,8,21,5,0,896711,191
2022-01-01 00:00:07.118,8,19,4,0,639822,191
2022-01-01 00:00:07.119,8,20,4,0,761600,191
2022-01-01 00:00:07.120,8,18,2,0,157511,191
2022-01-01 00:00:07.121,7,14,1,0,17155,191
2022-01-01 00:00:07.122,9,12,1,0,6488,191
2022-01-01 00:00:07.123,8,17,3,0,326311,191
2022-01-01 00:00:07.124,8,20,1,0,131466,191
2022-01-01 00:00:07.125,8,13,2,0,15644,191
2022-01-01 00:00:07.126,8,15,2,0,72177,191
2022-01-01 00:00:07.127,8,0,1,0,6488,191
2022-01-01 00:00:07.128,8,19,1,0,23911,191
2022-01-01 00:00:07.129,8,16,3,0,334844,191
2022-01-01 00:00:07.130,8,20,2,0,458133,191
2022-01-01 00:00:07.131,9,21,4,0,901600,191
2022-01-01 00:00:07.132,8,18,1,0,10755,191
2022-01-01 00:00:07.133,9,20,1,0,53066,191
2022-01-01 00:00:07.134,8,20,1,0,53066,191
2022-01-01 00:00:07.135,9,20,1,0,53066,191
2022-01-01 00:00:07.136,8,20,1,0,53066,191
2022-01-01 00:00:07.137,9,20,1,0,53066,191
2022-01-01 00:00:07.138,8,20,1,0,53066,191
2022-01-01 00:00:07.139,9,19,2,0,236177,191
2022-01-01 00:00:07.140,8,19,2,0,236177,191
2022-01-01 00:00:07.141,9,20,2,0,236177,191
2022-01-01 00:00:07.142,9,20,2,0,236177,191
2022-01-01 00:00:07.143,8,20,1,0,169600,191
2022-01-01 00:00:07.144,8,21,2,0,236177,191
2022-01-01 00:00:07.145,9,19,2,0,236177,191
2022-01-01 00:00:07.146,9,20,3,0,227111,191
2022-01-01 00:00:07.147,8,18,2,0,66311,191
2022-01-01 00:00:07.148,9,20,2,0,236177,191
2022-01-01 00:00:07.149,8,19,2,0,236177,191
2022-01-01 00:00:07.150,9,18,2,0,113422,191
2022-01-01 00:00:07.151,9,18,2,0,113422,191
2022-01-01 00:00:07.152,8,18,2,0,113422,191
2022-01-01 00:00:07.153,8,18,2,0,113422,191
2022-01-01 00:00:07.154,9,20,1,0,80266,191
2022-01-01 00:00:07.155,8,19,2,0,113422,191
2022-01-01 00:00:07.156,8,18,2,0,113422,191
2022-01-01 00:00:07.157,9,18,1,0,33155,191
2022-01-01 00:00:07.158,8,0,1,0,6666,151
2022-01-01 00:00:07.159,9,0,5,0,410577,151
2022-01-01 00:00:07.160,8,0,7,2,250933,151
2022-01-01 00:00:07.161,9,0,1,0,5600,151
2022-01-01 00:00:07.162,8,0,11,0,814311,151
2022-01-01 00:00:07.163,9,5,15,1,1340533,151
2022-01-01 00:00:07.164,9,0,19,0,1978577,151
2022-01-01 00:00:07.165,6,0,55,6,3661955,151
2022-01-01 00:00:07.166,8,0,1,0,20711,151
2022-01-01 00:00:07.167,8,0,1,0,6666,151
2022-01-01 00:00:07.168,8,0,4,1,260444,151
2022-01-01 00:00:07.169,9,0,1,0,23200,151
2022-01-01 00:00:07.170,9,0,2,0,128711,151
2022-01-01 00:00:07.171,8,6,8,0,326222,151
2022-01-01 00:00:07.172,8,5,2,0,6666,151
2022-01-01 00:00:07.173,8,6,3,0,121333,151
2022-01-01 00:00:07.174,9,6,7,0,409333,151
2022-01-01 00:00:07.175,8,5,2,0,16000,151
2022-01-01 00:00:07.176,8,5,1,0,5600,151
2022-01-01 00:00:07.177,7,6,21,1,1686844,151
2022-01-01 00:00:07.178,8,5,13,1,1186577,151
2022-01-01 00:00:07.179,7,4,14,4,1405333,151
2022-01-01 00:00:07.180,8,6,18,1,1410311,151
2022-01-01 00:00:07.181,8,6,8,0,766933,151
2022-01-01 00:00:07.182,8,5,1,0,16444,151
2022-01-01 00:00:07.183,9,6,1,0,6666,151
2022-01-01 00:00:07.184,8,5,3,0,41244,151
2022-01-01 00:00:07.185,7,6,12,1,571644,151
2022-01-01 00:00:07.186,8,6,10,0,772444,151
2022-01-01 00:00:07.187,6,6,54,7,4126044,151
2022-01-01 00:00:07.188,7,5,38,2,1946666,151
2022-01-01 00:00:07.189,8,6,2,0,19555,151
2022-01-01 00:00:07.190,8,6,3,0,18933,151
2022-01-01 00:00:07.191,8,5,2,0,29866,151
2022-01-01 00:00:07.192,8,6,8,1,590044,151
2022-01-01 00:00:07.193,8,5,1,0,5600,151
2022-01-01 00:00:07.194,8,6,33,2,2993866,151
2022-01-01 00:00:07.195,7,4,5,1,298755,151
2022-01-01 00:00:07.196,9,5,1,0,622,151
2022-01-01 00:00:07.197,8,6,5,0,52533,151
2022-01-01 00:00:07.198,8,6,9,0,578577,151
2022-01-01 00:00:07.199,8,6,2,0,14577,151
2022-01-01 00:00:07.200,7,2,42,4,3795022,151
2022-01-01 00:00:07.201,7,6,1,0,5600,151
2022-01-01 00:00:07.202,8,5,1,0,6666,151
2022-01-01 00:00:07.203,7,6,6,0,452977,151
2022-01-01 00:00:07.204,7,5,36,1,2510666,151
2022-01-01 00:00:07.205,8,6,8,0,510933,151
2022-01-01 00:00:07.206,8,5,2,0,18311,151
2022-01-01 00:00:07.207,8,6,1,0,6666,151
2022-01-01 00:00:07.208,8,6,1,0,5600,151
2022-01-01 00:00:07.209,9,6,6,0,521066,151
2022-01-01 00:00:07.210,7,6,4,0,64355,151
2022-01-01 00:00:07.211,9,6,9,0,986933,151
2022-01-01 00:00:07.212,7,5,45,0,3019466,151
2022-01-01 00:00:07.213,8,6,1,0,20711,151
2022-01-01 00:00:07.214,8,6,1,0,6666,151
2022-01-01 00:00:07.215,7,6,7,0,324888,151
2022-01-01 00:00:07.216,8,6,4,0,100977,151
2022-01-01 00:00:07.217,7,5,54,3,4665600,151
2022-01-01 00:00:07.218,7,6,47,2,3168355,151
2022-01-01 00:00:07.219,7,6,40,4,3095288,151
2022-01-01 00:00:07.220,7,6,46,2,2821688,151
2022-01-01 00:00:07.221,6,6,44,3,2163200,151
2022-01-01 00:00:07.222,6,6,48,0,2217244,151
2022-01-01 00:00:07.223,7,5,47,4,3390311,151
2022-01-01 00:00:07.224,7,6,43,2,2680533,151
2022-01-01 00:00:07.225,7,6,51,1,3305866,151
2022-01-01 00:00:07.226,6,5,30,1,2238755,151
2022-01-01 00:00:07.227,7,6,47,3,3295288,151
2022-01-01 00:00:07.228,7,6,49,1,3465155,151
2022-01-01 00:00:07.229,7,6,44,3,2675911,151
2022-01-01 00:00:07.230,6,5,34,1,2528088,151
2022-01-01 00:00:07.231,7,5,30,0,1575377,151
2022-01-01 00:00:07.232,8,6,1,0,13955,151
2022-01-01 00:00:07.233,8,5,1,0,6666,151
2022-01-01 00:00:07.234,8,5,5,0,413955,151
2022-01-01 00:00:07.235,8,6,5,0,242755,151
2022-01-01 00:00:07.236,8,5,1,0,5600,151
2022-01-01 00:00:07.237,8,6,8,0,690133,151
2022-01-01 00:00:07.238,8,6,5,0,162755,151
2022-01-01 00:00:07.239,7,5,17,1,1294133,151
2022-01-01 00:00:07.240,8,6,26,2,2582044,151
2022-01-01 00:00:07.241,6,6,50,6,2928888,151
2022-01-01 00:00:07.242,8,6,3,0,128444,151
2022-01-01 00:00:07.243,7,5,2,0,23644,151
2022-01-01 00:00:07.244,8,3,1,0,6666,151
2022-01-01 00:00:07.245,8,6,6,0,414222,151
2022-01-01 00:00:07.246,7,5,14,1,333866,151
2022-01-01 00:00:07.247,8,7,1,0,6666,151
2022-01-01 00:00:07.248,8,7,6,0,492266,151
2022-01-01 00:00:07.249,7,6,5,0,180888,151
2022-01-01 00:00:07.250,7,6,11,0,721511,151
2022-01-01 00:00:07.251,8,6,10,0,701866,151
2022-01-01 00:00:07.252,7,6,7,0,729688,151
2022-01-01 00:00:07.253,8,6,48,4,4631466,151
2022-01-01 00:00:07.254,7,6,18,0,1083377,151
2022-01-01 00:00:07.255,8,4,1,0,6666,151
2022-01-01 00:00:07.256,8,6,9,0,412533,151
2022-01-01 00:00:07.257,8,5,9,0,251288,151
2022-01-01 00:00:07.258,8,5,1,0,6666,151
2022-01-01 00:00:07.259,8,6,12,0,704711,151
2022-01-01 00:00:07.260,8,6,6,0,173955,151
2022-01-01 00:00:07.261,8,6,16,0,1302222,151
2022-01-01 00:00:07.262,8,6,52,7,4507733,151
2022-01-01 00:00:07.263,9,6,9,3,1074222,151
2022-01-01 00:00:07.264,8,5,1,0,6666,151
2022-01-01 00:00:07.265,7,3,11,0,670488,151
2022-01-01 00:00:07.266,8,6,2,0,12131,151
2022-01-01 00:00:07.267,9,5,7,1,612764,151
2022-01-01 00:00:07.268,8,6,7,0,261955,151
2022-01-01 00:00:07.269,8,5,19,0,1300711,151
2022-01-01 00:00:07.270,7,5,35,1,3565244,151
2022-01-01 00:00:07.271,6,6,39,0,2067076,151
2022-01-01 00:00:07.272,8,6,1,0,6741,151
2022-01-01 00:00:07.273,7,5,11,0,504266,151
2022-01-01 00:00:07.274,8,6,5,1,242197,151
2022-01-01 00:00:07.275,8,5,1,0,6666,151
2022-01-01 00:00:07.276,8,6,6,1,415644,151
2022-01-01 00:00:07.277,7,6,8,0,244219,151
2022-01-01 00:00:07.278,8,6,8,0,637662,151
2022-01-01 00:00:07.279,8,6,6,0,236977,151
2022-01-01 00:00:07.280,7,6,17,2,1269714,151
2022-01-01 00:00:07.281,6,5,61,4,3941010,151
2022-01-01 00:00:07.282,7,6,31,1,1691415,151
2022-01-01 00:00:07.283,8,5,1,0,6666,151
2022-01-01 00:00:07.284,8,6,11,0,559191,151
2022-01-01 00:00:07.285,8,5,17,0,1304351,151
2022-01-01 00:00:07.286,7,6,53,2,3495377,151
2022-01-01 00:00:07.287,8,6,1,0,5600,151
2022-01-01 00:00:07.288,8,6,1,0,6666,151
2022-01-01 00:00:07.289,9,5,4,1,413842,151
2022-01-01 00:00:07.290,7,6,6,0,237362,151
2022-01-01 00:00:07.291,8,6,2,0,7288,151
2022-01-01 00:00:07.292,8,6,11,0,634933,151
2022-01-01 00:00:07.293,7,5,8,0,222933,151
2022-01-01 00:00:07.294,7,6,16,1,1301393,151
2022-01-01 00:00:07.295,8,6,19,0,1962044,151
2022-01-01 00:00:07.296,7,5,44,5,3073528,151
2022-01-01 00:00:07.297,8,6,13,0,641230,151
2022-01-01 00:00:07.298,8,6,1,0,6666,151
2022-01-01 00:00:07.299,8,6,9,0,415377,151
2022-01-01 00:00:07.300,7,6,7,0,325688,151
2022-01-01 00:00:07.301,8,5,1,0,5600,151
2022-01-01 00:00:07.302,8,6,8,0,329600,151
2022-01-01 00:00:07.303,8,6,8,0,714133,151
2022-01-01 00:00:07.304,8,6,10,0,843555,151
2022-01-01 00:00:07.305,8,13,3,0,135022,151
2022-01-01 00:00:07.306,8,6,1,0,6666,151
2022-01-01 00:00:07.307,8,6,6,1,268977,151
2022-01-01 00:00:07.308,8,6,3,0,40977,151
2022-01-01 00:00:07.309,8,5,1,0,5600,151
2022-01-01 00:00:07.310,8,6,5,0,261955,151
2022-01-01 00:00:07.311,8,6,2,0,7288,151
2022-01-01 00:00:07.312,8,5,8,0,397866,151
2022-01-01 00:00:07.313,7,5,1,1,13600,151
2022-01-01 00:00:07.314,8,6,8,0,643555,151
2022-01-01 00:00:07.315,7,6,30,1,2701511,151
2022-01-01 00:00:07.316,7,6,34,1,1984711,151
2022-01-01 00:00:07.317,7,6,55,1,4511733,151
2022-01-01 00:00:07.318,7,6,42,1,3088888,151
2022-01-01 00:00:07.319,8,6,47,5,4143733,151
2022-01-01 00:00:07.320,7,5,29,3,1940622,151
2022-01-01 00:00:07.321,7,6,44,1,2942933,151
2022-01-01 00:00:07.322,6,6,49,3,2630755,151
2022-01-01 00:00:07.323,7,6,39,5,2837244,151
2022-01-01 00:00:07.324,6,6,49,6,2895200,151
2022-01-01 00:00:07.325,6,6,32,2,1319288,151
2022-01-01 00:00:07.326,6,6,48,3,2416266,151
2022-01-01 00:00:07.327,6,6,52,0,2327111,151
2022-01-01 00:00:07.328,6,6,50,2,3078044,151
2022-01-01 00:00:07.329,6,6,47,0,2354933,151
2022-01-01 00:00:07.330,7,6,52,1,2950400,151
2022-01-01 00:00:07.331,6,6,52,1,2743644,151
2022-01-01 00:00:07.332,6,6,44,2,2335022,151
2022-01-01 00:00:07.333,6,6,46,2,2860177,151
2022-01-01 00:00:07.334,7,6,44,2,3136266,151
2022-01-01 00:00:07.335,7,6,42,3,3353955,151
2022-01-01 00:00:07.336,7,6,34,7,2337066,151
2022-01-01 00:00:07.337,7,6,48,3,3666311,151
2022-01-01 00:00:07.338,6,6,46,0,2649777,151
2022-01-01 00:00:07.339,7,6,45,3,3119911,151
2022-01-01 00:00:07.340,7,6,35,3,2807733,151
2022-01-01 00:00:07.341,7,6,43,1,3104177,151
2022-01-01 00:00:07.342,6,6,48,3,2506133,151
2022-01-01 00:00:07.343,7,6,38,6,2688888,151
2022-01-01 00:00:07.344,7,5,46,1,3596444,151
2022-01-01 00:00:07.345,7,6,42,1,3142577,151
2022-01-01 00:00:07.346,7,6,49,0,3016977,151
2022-01-01 00:00:07.347,6,6,42,1,2432533,151
2022-01-01 00:00:07.348,7,6,52,1,3245333,151
2022-01-01 00:00:07.349,7,6,42,3,2628266,151
2022-01-01 00:00:07.350,7,6,47,1,3571822,151
2022-01-01 00:00:07.351,6,6,43,5,2872800,151
2022-01-01 00:00:07.352,7,5,31,3,2635822,151
2022-01-01 00:00:07.353,7,6,41,2,2557866,151
2022-01-01 00:00:07.354,8,6,50,3,4073244,151
2022-01-01 00:00:07.355,7,6,40,1,2950400,151
2022-01-01 00:00:07.356,7,5,39,1,2609866,151
2022-01-01 00:00:07.357,7,6,44,0,2911288,151
2022-01-01 00:00:07.358,6,6,39,2,3275466,151
2022-01-01 00:00:07.359,7,6,43,4,3556177,151
2022-01-01 00:00:07.360,6,6,43,1,3160800,151
2022-01-01 00:00:07.361,7,6,35,5,2987288,151
2022-01-01 00:00:07.362,6,5,35,1,2090044,151
2022-01-01 00:00:07.363,7,6,49,0,3048622,151
2022-01-01 00:00:07.364,7,6,44,2,3249688,151
2022-01-01 00:00:07.365,7,5,36,3,2549511,151
2022-01-01 00:00:07.366,7,5,41,1,3785688,151
2022-01-01 00:00:07.367,7,6,46,2,3473066,151
2022-01-01 00:00:07.368,7,6,37,4,3329866,151
2022-01-01 00:00:07.369,7,6,37,4,2392088,151
2022-01-01 00:00:07.370,7,7,53,0,3105511,151
2022-01-01 00:00:07.371,6,6,40,2,2528266,151
2022-01-01 00:00:07.372,7,6,45,5,3357244,151
2022-01-01 00:00:07.373,6,6,47,2,2576266,151
2022-01-01 00:00:07.374,7,6,50,1,2766933,151
2022-01-01 00:00:07.375,7,4,50,2,3430044,151
2022-01-01 00:00:07.376,7,6,37,3,2859111,151
2022-01-01 00:00:07.377,7,6,39,5,2788000,151
2022-01-01 00:00:07.378,7,6,40,1,2663111,151
2022-01-01 00:00:07.379,7,6,46,1,2969511,151
2022-01-01 00:00:07.380,7,5,36,4,2794488,151
2022-01-01 00:00:07.381,7,6,47,1,2908711,151
2022-01-01 00:00:07.382,6,6,48,0,2730577,151
2022-01-01 00:00:07.383,7,6,40,3,3012088,151
2022-01-01 00:00:07.384,6,6,48,0,3236088,151
2022-01-01 00:00:07.385,6,6,44,1,2798382,151
2022-01-01 00:00:07.386,8,6,53,2,4688087,151
2022-01-01 00:00:07.387,6,6,29,3,2287022,151
2022-01-01 00:00:07.388,6,6,49,1,2980088,151
2022-01-01 00:00:07.389,6,6,34,7,3154133,151
2022-01-01 00:00:07.390,8,6,40,2,3332800,151
2022-01-01 00:00:07.391,7,5,38,2,2654400,151
2022-01-01 00:00:07.392,6,6,44,8,2620088,151
2022-01-01 00:00:07.393,7,6,38,3,2760711,151
2022-01-01 00:00:07.394,7,6,45,1,2931111,151
2022-01-01 00:00:07.395,7,5,45,2,2982844,151
2022-01-01 00:00:07.396,7,6,40,4,2628444,151
2022-01-01 00:00:07.397,6,5,50,7,2516088,151
2022-01-01 00:00:07.398,7,6,32,2,2614933,151
2022-01-01 00:00:07.399,8,6,50,2,4092444,151
2022-01-01 00:00:07.400,7,5,39,4,2884622,151
2022-01-01 00:00:07.401,7,6,36,3,2833777,151
2022-01-01 00:00:07.402,7,6,49,2,3005600,151
2022-01-01 00:00:07.403,6,6,40,2,2336888,151
2022-01-01 00:00:07.404,7,5,43,3,3340088,151
2022-01-01 00:00:07.405,7,6,49,1,2993955,151
2022-01-01 00:00:07.406,7,6,38,4,2921066,151
2022-01-01 00:00:07.407,7,6,39,1,2785777,151
2022-01-01 00:00:07.408,7,6,46,2,3416533,151
2022-01-01 00:00:07.409,7,6,51,0,3052177,151
2022-01-01 00:00:07.410,7,6,43,1,2667466,151
2022-01-01 00:00:07.411,6,6,48,1,2842488,151
2022-01-01 00:00:07.412,6,6,37,4,2713155,151
2022-01-01 00:00:07.413,6,6,37,1,2213066,151
2022-01-01 00:00:07.414,7,6,50,1,3000355,151
2022-01-01 00:00:07.415,7,5,45,3,3184088,151
2022-01-01 00:00:07.416,6,6,43,1,2158666,151
2022-01-01 00:00:07.417,7,6,47,2,3093955,151
2022-01-01 00:00:07.418,7,6,48,3,3064000,151
2022-01-01 00:00:07.419,7,6,38,2,2677155,151
2022-01-01 00:00:07.420,6,6,46,1,2615111,151
2022-01-01 00:00:07.421,7,5,46,1,2828533,151
2022-01-01 00:00:07.422,6,6,45,2,2681866,151
2022-01-01 00:00:07.423,7,6,44,6,2610488,151
2022-01-01 00:00:07.424,6,6,49,1,2952266,151
2022-01-01 00:00:07.425,8,6,49,2,3730755,151
2022-01-01 00:00:07.426,7,6,32,2,2362666,151
2022-01-01 00:00:07.427,6,6,40,1,2389511,151
2022-01-01 00:00:07.428,7,6,48,2,3511288,151
2022-01-01 00:00:07.429,7,6,44,1,2569244,151
2022-01-01 00:00:07.430,6,6,51,1,2604888,151
2022-01-01 00:00:07.431,7,5,52,1,3363733,151
2022-01-01 00:00:07.432,7,5,39,2,2522666,151
2022-01-01 00:00:07.433,7,5,37,4,3508711,151
2022-01-01 00:00:07.434,7,15,50,4,4113955,151
2022-01-01 00:00:07.435,6,6,46,1,2735822,151
2022-01-01 00:00:07.436,6,5,43,1,2534755,151
2022-01-01 00:00:07.437,7,8,41,4,3015377,151
2022-01-01 00:00:07.438,10,7,51,10,5167200,151
2022-01-01 00:00:07.439,7,5,19,5,2044177,151
2022-01-01 00:00:07.440,6,6,42,1,2787555,151
2022-01-01 00:00:07.441,7,6,43,4,3099466,151
2022-01-01 00:00:07.442,7,5,36,4,2240177,151
2022-01-01 00:00:07.443,7,6,44,3,2758577,151
2022-01-01 00:00:07.444,6,6,53,0,2432444,151
2022-01-01 00:00:07.445,6,6,49,4,2492177,151
2022-01-01 00:00:07.446,6,6,41,1,2277955,151
2022-01-01 00:00:07.447,6,6,47,0,2661244,151
2022-01-01 00:00:07.448,7,6,45,2,2808888,151
2022-01-01 00:00:07.449,6,5,46,3,2455200,151
2022-01-01 00:00:07.450,6,6,39,2,2376088,151
2022-01-01 00:00:07.451,6,6,55,2,2226222,151
2022-01-01 00:00:07.452,7,6,50,0,3112622,151
2022-01-01 00:00:07.453,6,5,44,1,2672088,151
2022-01-01 00:00:07.454,6,6,46,4,2268800,151
2022-01-01 00:00:07.455,6,6,52,2,2410933,151
2022-01-01 00:00:07.456,6,6,57,1,2932266,151
2022-01-01 00:00:07.457,7,6,50,1,3122666,151
2022-01-01 00:00:07.458,7,6,41,1,2601688,151
2022-01-01 00:00:07.459,7,6,49,2,2856177,151
2022-01-01 00:00:07.460,7,6,48,3,3398933,151
2022-01-01 00:00:07.461,7,6,43,1,2636977,151
2022-01-01 00:00:07.462,7,6,45,1,3020177,151
2022-01-01 00:00:07.463,7,5,47,2,3477600,151
2022-01-01 00:00:07.464,6,6,44,2,3000355,151
2022-01-01 00:00:07.465,6,6,37,2,2783733,151
2022-01-01 00:00:07.466,7,6,56,2,4056533,151
2022-01-01 00:00:07.467,7,6,36,1,3447288,151
2022-01-01 00:00:07.468,7,5,33,4,2618933,151
2022-01-01 00:00:07.469,7,6,35,4,2756800,151
2022-01-01 00:00:07.470,6,6,43,1,2585333,151
2022-01-01 00:00:07.471,6,6,45,2,2525955,151
2022-01-01 00:00:07.472,7,4,32,6,2618666,151
2022-01-01 00:00:07.473,6,6,45,4,2791377,151
2022-01-01 00:00:07.474,6,6,49,4,2664355,151
2022-01-01 00:00:07.475,7,6,51,3,3632000,151
2022-01-01 00:00:07.476,7,6,35,4,2620355,151
2022-01-01 00:00:07.477,7,6,46,1,2802577,151
2022-01-01 00:00:07.478,6,5,35,3,2405422,151
2022-01-01 00:00:07.479,6,5,51,0,2851911,151
2022-01-01 00:00:07.480,6,6,31,2,1777511,151
2022-01-01 00:00:07.481,7,6,45,5,3289866,151
2022-01-01 00:00:07.482,6,6,41,4,2711644,151
2022-01-01 00:00:07.483,6,6,25,1,1579288,151
2022-01-01 00:00:07.484,8,5,2,0,6044,151
2022-01-01 00:00:07.485,8,6,1,0,6666,151
2022-01-01 00:00:07.486,7,6,14,0,503111,151
2022-01-01 00:00:07.487,7,6,8,0,166488,151
2022-01-01 00:00:07.488,8,6,14,0,717688,151
2022-01-01 00:00:07.489,8,6,5,0,157600,151
2022-01-01 00:00:07.490,8,8,15,0,1286844,151
2022-01-01 00:00:07.491,8,6,31,1,2676355,151
2022-01-01 00:00:07.492,7,6,35,2,2953688,151
2022-01-01 00:00:07.493,8,5,1,0,11466,151
2022-01-01 00:00:07.494,8,5,1,0,7022,151
2022-01-01 00:00:07.495,8,5,11,1,724533,151
2022-01-01 00:00:07.496,7,6,2,0,17066,151
2022-01-01 00:00:07.497,8,5,1,0,7022,151
2022-01-01 00:00:07.498,8,6,21,0,1681155,151
2022-01-01 00:00:07.499,6,6,52,4,3839644,151
2022-01-01 00:00:07.500,7,5,40,0,2258488,151
2022-01-01 00:00:07.501,8,6,1,0,13955,151
2022-01-01 00:00:07.502,7,6,1,0,5600,151
2022-01-01 00:00:07.503,9,5,1,0,7911,151
2022-01-01 00:00:07.504,8,6,1,0,6666,151
2022-01-01 00:00:07.505,8,5,6,0,331733,151
2022-01-01 00:00:07.506,7,6,30,3,2373511,151
2022-01-01 00:00:07.507,7,6,59,2,3327377,151
2022-01-01 00:00:07.508,6,6,39,2,2366044,151
2022-01-01 00:00:07.509,5,5,47,2,1818044,151
2022-01-01 00:00:07.510,6,6,45,2,2505866,151
2022-01-01 00:00:07.511,6,6,42,3,2297955,151
2022-01-01 00:00:07.512,7,6,49,3,2861955,151
2022-01-01 00:00:07.513,7,6,45,0,2977511,151
2022-01-01 00:00:07.514,7,6,41,2,2367911,151
2022-01-01 00:00:07.515,7,5,42,2,3368533,151
2022-01-01 00:00:07.516,7,6,51,3,3411822,151
2022-01-01 00:00:07.517,7,6,9,1,602222,151
2022-01-01 00:00:07.518,8,6,1,0,7911,151
2022-01-01 00:00:07.519,8,6,1,0,6666,151
2022-01-01 00:00:07.520,7,6,7,0,403288,151
2022-01-01 00:00:07.521,7,5,53,3,3748888,151
2022-01-01 00:00:07.522,6,6,54,0,2484800,151
2022-01-01 00:00:07.523,6,6,48,2,2153155,151
2022-01-01 00:00:07.524,7,6,46,4,2751822,151
2022-01-01 00:00:07.525,6,5,45,3,2267377,151
2022-01-01 00:00:07.526,6,6,43,4,2191733,151
2022-01-01 00:00:07.527,7,6,54,1,2972355,151
2022-01-01 00:00:07.528,6,6,41,2,2420888,151
2022-01-01 00:00:07.529,6,6,49,4,2577511,151
2022-01-01 00:00:07.530,6,6,49,1,2392177,151
2022-01-01 00:00:07.531,6,6,40,2,2460977,151
2022-01-01 00:00:07.532,7,6,34,0,2043377,151
2022-01-01 00:00:07.533,8,6,1,0,13600,151
2022-01-01 00:00:07.534,8,6,1,0,7911,151
2022-01-01 00:00:07.535,8,6,1,0,6666,151
2022-01-01 00:00:07.536,8,5,4,0,330844,151
2022-01-01 00:00:07.537,8,6,21,2,1789422,151
2022-01-01 00:00:07.538,6,6,50,2,4264177,151
2022-01-01 00:00:07.539,7,6,40,2,2934933,151
2022-01-01 00:00:07.540,8,6,16,1,1150577,151
2022-01-01 00:00:07.541,8,6,1,0,6666,151
2022-01-01 00:00:07.542,8,6,6,0,405333,151
2022-01-01 00:00:07.543,8,6,1,0,5600,151
2022-01-01 00:00:07.544,9,3,19,1,2037600,151
2022-01-01 00:00:07.545,6,6,45,5,2684533,151
2022-01-01 00:00:07.546,6,6,52,2,2712888,151
2022-01-01 00:00:07.547,7,5,7,0,335555,151
2022-01-01 00:00:07.548,8,6,1,0,7022,151
2022-01-01 00:00:07.549,8,6,3,0,330400,151
2022-01-01 00:00:07.550,8,6,2,0,74488,151
2022-01-01 00:00:07.551,8,6,1,0,5600,151
2022-01-01 00:00:07.552,9,5,20,1,2035200,151
2022-01-01 00:00:07.553,5,6,57,2,2647911,151
2022-01-01 00:00:07.554,9,6,1,0,13244,151
2022-01-01 00:00:07.555,8,6,1,0,6666,151
2022-01-01 00:00:07.556,8,6,6,0,408888,151
2022-01-01 00:00:07.557,9,6,1,0,5600,151
2022-01-01 00:00:07.558,8,5,1,0,8622,151
2022-01-01 00:00:07.559,8,6,19,0,2036800,151
2022-01-01 00:00:07.560,8,5,57,4,5872444,151
2022-01-01 00:00:07.561,7,6,13,1,708533,151
2022-01-01 00:00:07.562,8,6,1,0,5600,151
2022-01-01 00:00:07.563,7,5,1,0,6666,151
2022-01-01 00:00:07.564,8,6,1,0,6488,151
2022-01-01 00:00:07.565,7,6,5,0,400888,151
2022-01-01 00:00:07.566,8,8,2,0,11200,151
2022-01-01 00:00:07.567,8,6,1,0,7911,151
2022-01-01 00:00:07.568,8,6,8,0,701333,151
2022-01-01 00:00:07.569,7,6,57,7,4116177,151
2022-01-01 00:00:07.570,6,6,43,0,2473866,151
2022-01-01 00:00:07.571,7,6,16,1,808088,151
2022-01-01 00:00:07.572,8,5,1,0,6666,151
2022-01-01 00:00:07.573,9,6,9,0,853422,151
2022-01-01 00:00:07.574,8,6,41,1,3621777,151
2022-01-01 00:00:07.575,7,6,49,4,3337244,151
2022-01-01 00:00:07.576,6,6,27,1,1763288,151
2022-01-01 00:00:07.577,8,5,1,0,14311,151
2022-01-01 00:00:07.578,9,5,1,0,6666,151
2022-01-01 00:00:07.579,8,6,4,0,331555,151
2022-01-01 00:00:07.580,7,6,46,2,2620444,151
2022-01-01 00:00:07.581,8,6,12,0,816888,151
2022-01-01 00:00:07.582,8,6,1,0,7911,151
2022-01-01 00:00:07.583,8,5,1,0,6666,151
2022-01-01 00:00:07.584,8,8,5,0,334488,151
2022-01-01 00:00:07.585,7,6,8,0,227022,151
2022-01-01 00:00:07.586,7,6,57,4,4444088,151
2022-01-01 00:00:07.587,6,6,46,4,3941333,151
2022-01-01 00:00:07.588,7,6,38,3,2592711,151
2022-01-01 00:00:07.589,7,5,21,1,1666755,151
2022-01-01 00:00:07.590,8,6,1,0,5600,151
2022-01-01 00:00:07.591,8,5,1,0,7911,151
2022-01-01 00:00:07.592,8,6,1,0,6488,151
2022-01-01 00:00:07.593,7,6,5,0,404888,151
2022-01-01 00:00:07.594,8,6,1,0,5600,151
2022-01-01 00:00:07.595,7,6,55,2,4102666,151
2022-01-01 00:00:07.596,6,6,38,2,2629244,151
2022-01-01 00:00:07.597,6,6,35,1,1677274,151
2022-01-01 00:00:07.598,8,6,1,0,6488,151
2022-01-01 00:00:07.599,7,5,6,0,400711,151
2022-01-01 00:00:07.600,7,3,3,0,18901,151
2022-01-01 00:00:07.601,9,4,11,1,1427505,151
2022-01-01 00:00:07.602,7,6,10,1,964000,151
2022-01-01 00:00:07.603,8,6,1,0,23200,151
2022-01-01 00:00:07.604,8,12,1,0,5600,151
2022-01-01 00:00:07.605,8,5,1,0,7911,151
2022-01-01 00:00:07.606,8,5,1,0,8622,151
2022-01-01 00:00:07.607,8,6,1,0,7824,151
2022-01-01 00:00:07.608,9,8,1,0,7911,151
2022-01-01 00:00:07.609,8,6,1,0,5600,151
2022-01-01 00:00:07.610,8,5,21,0,1382593,151
2022-01-01 00:00:07.611,7,6,31,2,2747775,151
2022-01-01 00:00:07.612,8,6,1,0,7911,151
2022-01-01 00:00:07.613,8,6,1,0,5600,151
2022-01-01 00:00:07.614,8,5,10,1,342222,151
2022-01-01 00:00:07.615,8,6,1,1,5123,151
2022-01-01 00:00:07.616,8,6,3,0,85662,151
2022-01-01 00:00:07.617,8,5,3,0,70945,151
2022-01-01 00:00:07.618,8,6,1,0,7911,151
2022-01-01 00:00:07.619,8,6,9,0,781955,151
2022-01-01 00:00:07.620,8,6,22,1,2435775,151
2022-01-01 00:00:07.621,7,6,48,3,4418021,151
2022-01-01 00:00:07.622,7,6,17,2,944622,151
2022-01-01 00:00:07.623,8,6,1,0,5600,151
2022-01-01 00:00:07.624,8,5,3,0,188571,151
2022-01-01 00:00:07.625,8,6,4,0,146844,151
2022-01-01 00:00:07.626,7,6,3,0,42222,151
2022-01-01 00:00:07.627,8,6,31,4,2291956,151
2022-01-01 00:00:07.628,6,6,58,1,3736000,151
2022-01-01 00:00:07.629,6,6,40,2,2602844,151
2022-01-01 00:00:07.630,8,6,1,0,4533,151
2022-01-01 00:00:07.631,8,6,1,0,5600,151
2022-01-01 00:00:07.632,8,5,8,0,337258,151
2022-01-01 00:00:07.633,8,6,1,0,7911,151
2022-01-01 00:00:07.634,8,6,27,2,2949450,151
2022-01-01 00:00:07.635,7,6,49,2,4091555,151
2022-01-01 00:00:07.636,7,6,12,1,859200,151
2022-01-01 00:00:07.637,8,6,2,0,8533,151
2022-01-01 00:00:07.638,8,6,1,0,5600,151
2022-01-01 00:00:07.639,8,6,4,0,252800,151
2022-01-01 00:00:07.640,8,6,5,0,77955,151
2022-01-01 00:00:07.641,8,6,1,0,7555,151
2022-01-01 00:00:07.642,8,6,23,0,2400977,151
2022-01-01 00:00:07.643,7,6,17,2,1679911,151
2022-01-01 00:00:07.644,8,6,1,0,5600,151
2022-01-01 00:00:07.645,7,6,6,0,331911,151
2022-01-01 00:00:07.646,9,5,1,0,5123,151
2022-01-01 00:00:07.647,7,6,42,3,4565123,151
2022-01-01 00:00:07.648,7,6,36,2,2877010,151
2022-01-01 00:00:07.649,7,6,28,2,1850488,151
2022-01-01 00:00:07.650,8,5,2,0,9244,151
2022-01-01 00:00:07.651,8,6,1,0,6666,151
2022-01-01 00:00:07.652,7,6,10,0,366505,151
2022-01-01 00:00:07.653,7,6,31,2,2244888,151
2022-01-01 00:00:07.654,7,6,56,3,4027377,151
2022-01-01 00:00:07.655,7,6,52,2,3186488,151
2022-01-01 00:00:07.656,7,6,41,4,3752444,151
2022-01-01 00:00:07.657,7,6,41,1,2820177,151
2022-01-01 00:00:07.658,7,6,35,7,2935377,151
2022-01-01 00:00:07.659,6,6,40,5,2630222,151
2022-01-01 00:00:07.660,6,5,53,6,2868177,151
2022-01-01 00:00:07.661,5,5,75,5,1708977,151
2022-01-01 00:00:07.662,8,6,4,0,59146,151
2022-01-01 00:00:07.663,8,6,1,0,615,151
2022-01-01 00:00:07.664,8,6,1,0,6488,151
2022-01-01 00:00:07.665,8,6,5,0,417511,151
2022-01-01 00:00:07.666,8,3,4,1,235377,151
2022-01-01 00:00:07.667,7,5,2,0,12266,151
2022-01-01 00:00:07.668,7,6,11,0,718133,151
2022-01-01 00:00:07.669,7,6,6,0,171200,151
2022-01-01 00:00:07.670,8,6,16,1,1299022,151
2022-01-01 00:00:07.671,8,6,29,1,2554876,151
2022-01-01 00:00:07.672,7,6,40,3,3081670,151
2022-01-01 00:00:07.673,7,6,2,0,11733,151
2022-01-01 00:00:07.674,8,6,1,0,6666,151
2022-01-01 00:00:07.675,7,6,18,2,632000,151
2022-01-01 00:00:07.676,7,6,2,0,108800,151
2022-01-01 00:00:07.677,9,5,1,0,7911,151
2022-01-01 00:00:07.678,8,0,1,0,6666,151
2022-01-01 00:00:07.679,8,0,12,3,657422,151
2022-01-01 00:00:07.680,8,0,1,0,6666,151
2022-01-01 00:00:07.681,8,0,9,1,706400,151
2022-01-01 00:00:07.682,8,0,11,0,813066,151
2022-01-01 00:00:07.683,8,7,6,0,625244,151
2022-01-01 00:00:07.684,6,0,50,4,3697955,151
2022-01-01 00:00:07.685,8,0,35,0,1966133,151
2022-01-01 00:00:07.686,9,0,1,0,7911,151
2022-01-01 00:00:07.687,9,0,1,0,7911,151
2022-01-01 00:00:07.688,9,14,2,0,36444,197
2022-01-01 00:00:07.689,9,14,5,0,420000,197
2022-01-01 00:00:07.690,9,13,5,0,280888,197
2022-01-01 00:00:07.691,9,12,6,1,648355,197
2022-01-01 00:00:07.692,9,12,5,1,236800,197
2022-01-01 00:00:07.693,9,17,10,0,1296977,197
2022-01-01 00:00:07.694,9,18,20,2,3095022,197
2022-01-01 00:00:07.695,8,15,16,3,2524977,197
2022-01-01 00:00:07.696,8,0,1,0,11466,197
2022-01-01 00:00:07.697,8,12,1,0,6561,197
2022-01-01 00:00:07.698,8,13,7,0,501777,197
2022-01-01 00:00:07.699,8,10,3,0,197866,197
2022-01-01 00:00:07.700,8,15,6,0,757422,197
2022-01-01 00:00:07.701,8,11,6,0,260888,197
2022-01-01 00:00:07.702,8,17,8,0,1269802,197
2022-01-01 00:00:07.703,8,16,35,2,5615022,197
2022-01-01 00:00:07.704,8,13,5,0,419022,197
2022-01-01 00:00:07.705,8,12,6,0,262311,197
2022-01-01 00:00:07.706,9,15,36,0,4804355,197
2022-01-01 00:00:07.707,9,16,5,2,364800,197
2022-01-01 00:00:07.708,8,13,7,1,308266,197
2022-01-01 00:00:07.709,8,15,6,0,640977,197
2022-01-01 00:00:07.710,8,19,1,0,127200,197
2022-01-01 00:00:07.711,9,13,1,0,7555,197
2022-01-01 00:00:07.712,9,15,2,0,234222,197
2022-01-01 00:00:07.713,8,13,13,2,1315822,197
2022-01-01 00:00:07.714,9,12,1,0,6488,198
2022-01-01 00:00:07.715,9,18,4,0,414311,198
2022-01-01 00:00:07.716,8,13,6,0,263555,198
2022-01-01 00:00:07.717,8,17,5,0,699377,198
2022-01-01 00:00:07.718,8,16,5,0,199466,198
2022-01-01 00:00:07.719,9,21,6,0,1285333,198
2022-01-01 00:00:07.720,8,20,10,0,2168711,198
2022-01-01 00:00:07.721,9,18,23,1,3470933,198
2022-01-01 00:00:07.722,9,12,1,0,6488,198
2022-01-01 00:00:07.723,9,18,3,0,412800,198
2022-01-01 00:00:07.724,8,14,6,0,292533,198
2022-01-01 00:00:07.725,9,19,4,0,629066,198
2022-01-01 00:00:07.726,8,13,5,0,261333,198
2022-01-01 00:00:07.727,8,18,9,0,851644,198
2022-01-01 00:00:07.728,8,0,3,0,458488,198
2022-01-01 00:00:07.729,7,17,33,3,4590755,198
2022-01-01 00:00:07.730,9,17,8,0,1021511,198
2022-01-01 00:00:07.731,8,12,1,0,6488,198
2022-01-01 00:00:07.732,8,18,6,0,500355,198
2022-01-01 00:00:07.733,9,16,2,0,195288,198
2022-01-01 00:00:07.734,8,19,4,0,640622,198
2022-01-01 00:00:07.735,8,15,6,0,266044,198
2022-01-01 00:00:07.736,8,20,6,0,1279644,198
2022-01-01 00:00:07.737,8,20,34,0,5640533,198
2022-01-01 00:00:07.738,8,12,1,0,6488,198
2022-01-01 00:00:07.739,9,16,7,0,510044,198
2022-01-01 00:00:07.740,8,16,2,0,125155,198
2022-01-01 00:00:07.741,8,18,5,0,506488,198
2022-01-01 00:00:07.742,9,18,8,0,1136977,198
2022-01-01 00:00:07.743,8,20,48,1,8881955,198
2022-01-01 00:00:07.744,8,20,17,0,3170844,198
2022-01-01 00:00:07.745,8,12,1,0,6488,198
2022-01-01 00:00:07.746,9,16,6,0,693866,198
2022-01-01 00:00:07.747,9,0,2,0,22755,198
2022-01-01 00:00:07.748,8,12,1,0,6488,198
2022-01-01 00:00:07.749,8,19,6,0,665688,198
2022-01-01 00:00:07.750,9,11,2,1,12088,198
2022-01-01 00:00:07.751,8,19,5,0,639111,198
2022-01-01 00:00:07.752,8,20,6,1,252800,198
2022-01-01 00:00:07.753,9,7,2,0,17066,198
2022-01-01 00:00:07.754,8,20,10,0,1310755,198
2022-01-01 00:00:07.755,9,19,34,3,5629955,198
2022-01-01 00:00:07.756,8,20,1,0,26044,198
2022-01-01 00:00:07.757,9,0,1,0,6488,198
2022-01-01 00:00:07.758,8,20,3,0,415200,198
2022-01-01 00:00:07.759,8,15,6,0,292533,198
2022-01-01 00:00:07.760,9,17,4,0,637600,198
2022-01-01 00:00:07.761,8,17,4,0,243466,198
2022-01-01 00:00:07.762,9,21,10,0,1299200,198
2022-01-01 00:00:07.763,9,20,12,0,1743733,198
2022-01-01 00:00:07.764,8,19,27,1,3946844,198
2022-01-01 00:00:07.765,8,12,1,0,6488,198
2022-01-01 00:00:07.766,8,18,3,0,412800,198
2022-01-01 00:00:07.767,8,13,7,0,352977,198
2022-01-01 00:00:07.768,9,12,1,0,6488,198
2022-01-01 00:00:07.769,9,17,9,0,672629,198
2022-01-01 00:00:07.770,8,15,1,0,9333,198
2022-01-01 00:00:07.771,9,12,1,0,6488,198
2022-01-01 00:00:07.772,8,19,8,0,761348,198
2022-01-01 00:00:07.773,8,17,4,0,230488,198
2022-01-01 00:00:07.774,9,19,8,0,1300800,198
2022-01-01 00:00:07.775,8,20,23,1,5294666,198
2022-01-01 00:00:07.776,9,18,3,0,356355,198
2022-01-01 00:00:07.777,8,3,1,0,7555,198
2022-01-01 00:00:07.778,8,16,7,0,497155,198
2022-01-01 00:00:07.779,8,17,7,0,256449,198
2022-01-01 00:00:07.780,8,12,1,0,6488,198
2022-01-01 00:00:07.781,8,20,1,0,14471,198
2022-01-01 00:00:07.782,9,19,12,0,1655472,198
2022-01-01 00:00:07.783,8,20,44,0,7519466,198
2022-01-01 00:00:07.784,9,21,43,0,7920988,198
2022-01-01 00:00:07.785,8,20,31,1,5334400,198
2022-01-01 00:00:07.786,9,21,36,3,6616615,198
2022-01-01 00:00:07.787,8,20,30,1,5474044,198
2022-01-01 00:00:07.788,9,20,32,1,6094933,198
2022-01-01 00:00:07.789,8,20,28,2,5161348,198
2022-01-01 00:00:07.790,8,19,17,0,2804571,198
2022-01-01 00:00:07.791,8,12,1,0,6488,198
2022-01-01 00:00:07.792,8,0,2,0,338696,198
2022-01-01 00:00:07.793,0,16,1,11,57333,198
2022-01-01 00:00:07.794,8,18,61,0,10728533,200
2022-01-01 00:00:07.795,8,18,47,0,8417777,200
2022-01-01 00:00:07.796,9,19,23,0,4795288,200
2022-01-01 00:00:07.797,8,15,1,0,19288,200
2022-01-01 00:00:07.798,9,12,1,0,6488,200
2022-01-01 00:00:07.799,9,19,2,0,330666,200
2022-01-01 00:00:07.800,8,16,14,0,1353600,200
2022-01-01 00:00:07.801,9,18,39,0,6112177,200
2022-01-01 00:00:07.802,8,19,49,0,9140888,200
2022-01-01 00:00:07.803,9,11,2,0,18844,200
2022-01-01 00:00:07.804,9,11,1,0,5600,200
2022-01-01 00:00:07.805,8,14,1,0,8266,200
2022-01-01 00:00:07.806,8,14,1,0,8266,200
2022-01-01 00:00:07.807,9,0,1,0,6488,200
2022-01-01 00:00:07.808,8,16,6,0,643733,200
2022-01-01 00:00:07.809,9,12,1,0,6488,200
2022-01-01 00:00:07.810,8,16,7,1,716977,200
2022-01-01 00:00:07.811,8,15,10,0,1450400,200
2022-01-01 00:00:07.812,8,14,1,0,8266,200
2022-01-01 00:00:07.813,9,19,6,0,929066,200
2022-01-01 00:00:07.814,9,18,29,0,4714488,200
2022-01-01 00:00:07.815,8,12,1,0,6488,200
2022-01-01 00:00:07.816,9,17,2,0,209333,200
2022-01-01 00:00:07.817,9,17,5,0,521777,200
2022-01-01 00:00:07.818,9,14,1,0,8266,200
2022-01-01 00:00:07.819,9,12,1,0,6488,200
2022-01-01 00:00:07.820,8,15,5,0,496088,200
2022-01-01 00:00:07.821,8,14,4,0,180888,200
2022-01-01 00:00:07.822,8,15,9,0,903733,200
2022-01-01 00:00:07.823,8,18,7,0,1295200,200
2022-01-01 00:00:07.824,9,18,23,0,3708177,200
2022-01-01 00:00:07.825,8,16,12,0,1945955,200
2022-01-01 00:00:07.826,9,0,1,0,6488,200
2022-01-01 00:00:07.827,9,18,3,0,413688,200
2022-01-01 00:00:07.828,8,13,6,0,280444,200
2022-01-01 00:00:07.829,9,16,6,0,715200,200
2022-01-01 00:00:07.830,8,11,4,0,192800,200
2022-01-01 00:00:07.831,9,19,7,0,1304000,200
2022-01-01 00:00:07.832,8,14,1,0,8266,200
2022-01-01 00:00:07.833,9,19,31,0,5716444,200
2022-01-01 00:00:07.834,8,9,1,0,20711,200
2022-01-01 00:00:07.835,8,12,1,0,6488,200
2022-01-01 00:00:07.836,8,17,2,0,424266,200
2022-01-01 00:00:07.837,8,15,7,0,231733,200
2022-01-01 00:00:07.838,8,17,27,0,4709333,200
2022-01-01 00:00:07.839,9,0,1,0,11340,200
2022-01-01 00:00:07.840,8,12,1,0,6488,200
2022-01-01 00:00:07.841,9,16,6,0,673887,200
2022-01-01 00:00:07.842,8,0,1,0,6488,200
2022-01-01 00:00:07.843,9,18,5,0,726400,200
2022-01-01 00:00:07.844,8,10,4,0,173600,200
2022-01-01 00:00:07.845,9,19,6,0,1289600,200
2022-01-01 00:00:07.846,8,19,1,0,218109,200
2022-01-01 00:00:07.847,9,17,33,0,5479200,200
2022-01-01 00:00:07.848,9,12,1,0,6488,200
2022-01-01 00:00:07.849,9,13,7,0,521438,200
2022-01-01 00:00:07.850,8,14,3,0,243288,200
2022-01-01 00:00:07.851,8,12,1,0,6561,200
2022-01-01 00:00:07.852,8,15,5,0,535370,200
2022-01-01 00:00:07.853,8,14,1,0,16967,200
2022-01-01 00:00:07.854,8,11,1,0,5600,200
2022-01-01 00:00:07.855,8,17,10,0,1798400,200
2022-01-01 00:00:07.856,9,19,12,0,2407648,200
2022-01-01 00:00:07.857,8,18,11,0,2092853,200
2022-01-01 00:00:07.858,9,11,3,0,16800,200
2022-01-01 00:00:07.859,9,12,1,0,6488,200
2022-01-01 00:00:07.860,8,16,4,0,521142,200
2022-01-01 00:00:07.861,8,14,1,0,17155,200
2022-01-01 00:00:07.862,9,18,9,0,1542577,200
2022-01-01 00:00:07.863,9,19,12,0,2337846,200
2022-01-01 00:00:07.864,8,0,2,0,318133,200
2022-01-01 00:00:07.865,9,18,4,0,806561,200
2022-01-01 00:00:07.866,8,8,2,0,17777,200
2022-01-01 00:00:07.867,8,12,1,0,6488,200
2022-01-01 00:00:07.868,8,15,3,0,370400,200
2022-01-01 00:00:07.869,9,17,17,0,2348134,200
2022-01-01 00:00:07.870,8,16,16,0,1677802,200
2022-01-01 00:00:07.871,9,12,1,0,6488,200
2022-01-01 00:00:07.872,9,15,9,0,564888,200
2022-01-01 00:00:07.873,8,17,9,0,1472089,200
2022-01-01 00:00:07.874,9,15,18,0,2234021,200
2022-01-01 00:00:07.875,8,8,1,0,13955,200
2022-01-01 00:00:07.876,9,12,1,0,6488,200
2022-01-01 00:00:07.877,9,17,3,0,453155,200
2022-01-01 00:00:07.878,8,15,4,0,136355,200
2022-01-01 00:00:07.879,8,20,3,0,661600,200
2022-01-01 00:00:07.880,8,17,17,0,2363644,200
2022-01-01 00:00:07.881,8,6,1,0,6666,200
2022-01-01 00:00:07.882,9,17,4,0,478488,200
2022-01-01 00:00:07.883,9,11,4,0,78400,200
2022-01-01 00:00:07.884,8,16,7,0,1187466,200
2022-01-01 00:00:07.885,9,17,16,0,2309955,200
2022-01-01 00:00:07.886,8,12,1,0,6488,200
2022-01-01 00:00:07.887,8,16,6,0,469333,200
2022-01-01 00:00:07.888,8,11,3,0,108355,200
2022-01-01 00:00:07.889,8,18,17,0,2462311,200
2022-01-01 00:00:07.890,9,15,11,0,1448439,200
2022-01-01 00:00:07.891,8,12,1,0,13244,200
2022-01-01 00:00:07.892,8,12,1,0,6488,200
2022-01-01 00:00:07.893,8,19,3,0,452888,200
2022-01-01 00:00:07.894,8,16,29,0,3412000,200
2022-01-01 00:00:07.895,8,8,4,0,401244,200
2022-01-01 00:00:07.896,8,12,1,0,6488,200
2022-01-01 00:00:07.897,9,14,4,0,451733,200
2022-01-01 00:00:07.898,8,16,3,0,109777,200
2022-01-01 00:00:07.899,8,18,19,0,3104266,200
2022-01-01 00:00:07.900,9,20,1,0,12888,200
2022-01-01 00:00:07.901,9,12,1,0,6488,200
2022-01-01 00:00:07.902,9,20,5,0,666844,200
2022-01-01 00:00:07.903,8,12,1,0,6488,200
2022-01-01 00:00:07.904,9,17,5,0,717866,200
2022-01-01 00:00:07.905,8,18,10,0,1446133,200
2022-01-01 00:00:07.906,8,20,27,0,5606488,200
2022-01-01 00:00:07.907,9,14,1,0,25333,200
2022-01-01 00:00:07.908,9,12,1,0,6488,200
2022-01-01 00:00:07.909,8,18,3,0,498133,200
2022-01-01 00:00:07.910,9,14,6,0,151466,200
2022-01-01 00:00:07.911,9,16,7,0,716266,200
2022-01-01 00:00:07.912,8,16,1,0,101600,200
2022-01-01 00:00:07.913,9,18,1,0,10755,200
2022-01-01 00:00:07.914,8,19,22,0,4146488,200
2022-01-01 00:00:07.915,8,20,63,0,12848711,200
2022-01-01 00:00:07.916,9,21,55,0,12826222,200
2022-01-01 00:00:07.917,8,19,23,0,4956888,200
2022-01-01 00:00:07.918,9,20,44,0,8801600,200
2022-01-01 00:00:07.919,8,20,37,0,8070400,200
2022-01-01 00:00:07.920,9,21,37,0,8774133,200
2022-01-01 00:00:07.921,8,20,32,0,7211733,200
2022-01-01 00:00:07.922,9,20,34,0,7347911,200
2022-01-01 00:00:07.923,9,20,40,0,8582400,200
2022-01-01 00:00:07.924,8,19,26,0,4943822,200
2022-01-01 00:00:07.925,9,0,1,0,5600,200
2022-01-01 00:00:07.926,8,15,5,0,73155,200
2022-01-01 00:00:07.927,8,19,16,0,2519191,200
2022-01-01 00:00:07.928,8,20,13,0,2122637,200
2022-01-01 00:00:07.929,8,12,1,0,6488,200
2022-01-01 00:00:07.930,8,15,3,0,58577,200
2022-01-01 00:00:07.931,8,17,32,0,4656088,200
2022-01-01 00:00:07.932,8,15,2,0,12088,200
2022-01-01 00:00:07.933,8,12,3,0,70382,200
2022-01-01 00:00:07.934,9,18,5,0,516622,200
2022-01-01 00:00:07.935,8,20,55,0,12778933,200
2022-01-01 00:00:07.936,8,20,52,0,9140000,200
2022-01-01 00:00:07.937,9,20,25,0,5263022,200
2022-01-01 00:00:07.938,8,6,1,0,6666,200
2022-01-01 00:00:07.939,8,20,3,0,632000,200
2022-01-01 00:00:07.940,9,13,4,0,91555,200
2022-01-01 00:00:07.941,9,18,4,0,115555,200
2022-01-01 00:00:07.942,9,20,63,0,12312000,200
2022-01-01 00:00:07.943,8,20,31,0,7067466,200
2022-01-01 00:00:07.944,9,20,36,0,8332266,200
2022-01-01 00:00:07.945,8,20,36,0,7855111,200
2022-01-01 00:00:07.946,8,19,39,0,8089511,200
2022-01-01 00:00:07.947,8,20,38,0,7891022,200
2022-01-01 00:00:07.948,9,20,40,0,9240533,200
2022-01-01 00:00:07.949,8,21,31,0,7340000,200
2022-01-01 00:00:07.950,8,19,39,0,8400355,200
2022-01-01 00:00:07.951,9,20,36,0,7630577,200
2022-01-01 00:00:07.952,8,20,15,0,3111733,200
2022-01-01 00:00:07.953,8,0,1,0,6488,200
2022-01-01 00:00:07.954,9,17,6,0,592622,200
2022-01-01 00:00:07.955,8,18,2,0,231288,200
2022-01-01 00:00:07.956,8,12,1,0,6488,200
2022-01-01 00:00:07.957,8,18,6,0,639466,200
2022-01-01 00:00:07.958,9,19,20,0,3003555,200
2022-01-01 00:00:07.959,8,20,58,0,12265688,200
2022-01-01 00:00:07.960,9,20,40,0,8918311,200
2022-01-01 00:00:07.961,8,19,16,0,2683200,200
2022-01-01 00:00:07.962,9,12,1,0,6488,200
2022-01-01 00:00:07.963,8,20,2,0,411466,200
2022-01-01 00:00:07.964,9,19,23,0,3285777,200
2022-01-01 00:00:07.965,8,18,6,0,1151200,200
2022-01-01 00:00:07.966,9,12,1,0,6488,200
2022-01-01 00:00:07.967,9,16,6,0,662577,200
2022-01-01 00:00:07.968,8,1,1,0,7022,200
2022-01-01 00:00:07.969,8,20,2,0,466666,200
2022-01-01 00:00:07.970,8,12,6,0,402577,200
2022-01-01 00:00:07.971,8,19,9,0,1303288,200
2022-01-01 00:00:07.972,8,19,17,0,3356711,200
2022-01-01 00:00:07.973,9,18,13,0,2276888,200
2022-01-01 00:00:07.974,8,0,1,0,6488,200
2022-01-01 00:00:07.975,9,15,10,0,750577,200
2022-01-01 00:00:07.976,8,14,2,0,16355,200
2022-01-01 00:00:07.977,8,12,1,0,6488,200
2022-01-01 00:00:07.978,8,16,3,0,496000,200
2022-01-01 00:00:07.979,9,16,7,0,183555,200
2022-01-01 00:00:07.980,8,17,6,0,715200,200
2022-01-01 00:00:07.981,8,19,12,0,1472888,200
2022-01-01 00:00:07.982,8,20,24,0,4105066,200
2022-01-01 00:00:07.983,8,18,11,0,1594516,200
2022-01-01 00:00:07.984,9,12,1,0,6488,200
2022-01-01 00:00:07.985,8,19,2,0,424266,200
2022-01-01 00:00:07.986,9,12,9,0,345777,200
2022-01-01 00:00:07.987,8,11,1,0,5600,200
2022-01-01 00:00:07.988,9,15,5,0,332000,200
2022-01-01 00:00:07.989,9,9,1,0,5066,200
2022-01-01 00:00:07.990,8,19,7,0,1124088,200
2022-01-01 00:00:07.991,8,20,12,0,2748800,200
2022-01-01 00:00:07.992,9,20,24,0,5469155,200
2022-01-01 00:00:07.993,8,19,26,0,4774577,200
2022-01-01 00:00:07.994,9,0,1,0,9333,200
2022-01-01 00:00:07.995,9,12,1,0,6488,200
2022-01-01 00:00:07.996,9,14,6,0,508533,200
2022-01-01 00:00:07.997,8,17,4,0,170400,200
2022-01-01 00:00:07.998,8,15,6,0,706400,200
2022-01-01 00:00:07.999,9,19,12,0,1443466,200
2022-01-01 00:00:08.000,9,20,5,0,964711,200
2022-01-01 00:00:08.001,8,19,27,0,4690844,200
2022-01-01 00:00:08.002,9,12,1,0,6488,200
2022-01-01 00:00:08.003,8,13,9,0,693244,200
2022-01-01 00:00:08.004,9,18,8,0,716177,200
2022-01-01 00:00:08.005,8,13,4,0,179466,200
2022-01-01 00:00:08.006,8,17,9,0,1312088,200
2022-01-01 00:00:08.007,9,20,9,0,1690400,200
2022-01-01 00:00:08.008,8,19,22,0,4039288,200
2022-01-01 00:00:08.009,8,12,1,0,6488,200
2022-01-01 00:00:08.010,8,16,7,0,734222,200
2022-01-01 00:00:08.011,9,18,1,0,10755,200
2022-01-01 00:00:08.012,9,12,1,0,6488,200
2022-01-01 00:00:08.013,8,16,3,0,412800,200
2022-01-01 00:00:08.014,9,16,9,0,250933,200
2022-01-01 00:00:08.015,8,20,4,0,636355,200
2022-01-01 00:00:08.016,9,14,7,0,275595,200
2022-01-01 00:00:08.017,8,20,7,0,1283604,200
2022-01-01 00:00:08.018,8,20,32,0,5681866,200
2022-01-01 00:00:08.019,8,0,2,0,16355,200
2022-01-01 00:00:08.020,9,12,1,0,6488,200
2022-01-01 00:00:08.021,9,15,7,0,519288,200
2022-01-01 00:00:08.022,9,20,24,2,4731911,200
2022-01-01 00:00:08.023,8,12,1,0,6488,200
2022-01-01 00:00:08.024,8,19,4,0,587644,200
2022-01-01 00:00:08.025,9,11,1,0,17155,200
2022-01-01 00:00:08.026,8,19,13,0,2102666,200
2022-01-01 00:00:08.027,9,20,41,0,7899733,200
2022-01-01 00:00:08.028,9,12,1,0,6488,200
2022-01-01 00:00:08.029,8,17,5,0,657511,200
2022-01-01 00:00:08.030,8,5,2,0,20622,200
2022-01-01 00:00:08.031,9,13,3,0,143555,200
2022-01-01 00:00:08.032,8,20,1,0,237600,200
2022-01-01 00:00:08.033,9,16,6,0,481688,200
2022-01-01 00:00:08.034,8,19,11,0,1688355,200
2022-01-01 00:00:08.035,9,20,34,0,7273866,200
2022-01-01 00:00:08.036,9,20,19,0,4085244,200
2022-01-01 00:00:08.037,9,3,1,0,7555,200
2022-01-01 00:00:08.038,9,16,6,0,672533,200
2022-01-01 00:00:08.039,8,0,2,0,11200,200
2022-01-01 00:00:08.040,8,18,19,0,3206933,200
2022-01-01 00:00:08.041,8,12,1,0,6488,200
2022-01-01 00:00:08.042,9,15,6,0,497422,200
2022-01-01 00:00:08.043,9,12,3,0,169066,200
2022-01-01 00:00:08.044,9,18,8,0,726311,200
2022-01-01 00:00:08.045,8,16,11,1,1449600,200
2022-01-01 00:00:08.046,8,19,34,0,5674755,200
2022-01-01 00:00:08.047,8,12,1,0,6488,200
2022-01-01 00:00:08.048,8,15,5,0,503822,200
2022-01-01 00:00:08.049,8,16,5,0,255288,200
2022-01-01 00:00:08.050,8,12,1,0,6488,200
2022-01-01 00:00:08.051,9,16,9,0,654222,200
2022-01-01 00:00:08.052,9,17,5,0,751377,200
2022-01-01 00:00:08.053,8,14,4,0,238844,200
2022-01-01 00:00:08.054,9,19,8,0,1300800,200
2022-01-01 00:00:08.055,9,19,27,0,5548800,200
2022-01-01 00:00:08.056,9,12,1,0,6488,200
2022-01-01 00:00:08.057,8,15,6,0,506488,200
2022-01-01 00:00:08.058,9,13,4,1,200088,200
2022-01-01 00:00:08.059,8,17,8,0,724800,200
2022-01-01 00:00:08.060,8,17,12,0,1483911,200
2022-01-01 00:00:08.061,9,20,19,0,3731955,200
2022-01-01 00:00:08.062,8,20,35,2,6032088,200
2022-01-01 00:00:08.063,9,15,9,0,826844,200
2022-01-01 00:00:08.064,9,12,1,0,6488,200
2022-01-01 00:00:08.065,8,15,6,0,498067,200
2022-01-01 00:00:08.066,9,13,5,0,206065,200
2022-01-01 00:00:08.067,9,14,5,1,632977,200
2022-01-01 00:00:08.068,8,9,6,0,244444,200
2022-01-01 00:00:08.069,9,19,10,0,1317866,200
2022-01-01 00:00:08.070,9,19,27,1,4532404,200
2022-01-01 00:00:08.071,8,20,9,0,1191377,200
2022-01-01 00:00:08.072,8,0,1,0,6417,200
2022-01-01 00:00:08.073,9,19,7,0,410933,200
2022-01-01 00:00:08.074,8,16,4,0,316404,200
2022-01-01 00:00:08.075,9,6,1,0,6741,200
2022-01-01 00:00:08.076,8,17,4,0,529600,200
2022-01-01 00:00:08.077,9,14,1,0,17348,200
2022-01-01 00:00:08.078,8,19,12,0,2283780,200
2022-01-01 00:00:08.079,8,19,4,0,754933,200
2022-01-01 00:00:08.080,8,19,14,1,2721348,200
2022-01-01 00:00:08.081,9,18,4,1,533422,200
2022-01-01 00:00:08.082,8,9,1,0,15560,200
2022-01-01 00:00:08.083,9,12,1,0,6561,200
2022-01-01 00:00:08.084,9,17,4,0,529600,200
2022-01-01 00:00:08.085,8,6,1,0,17348,200
2022-01-01 00:00:08.086,8,18,15,1,2454755,200
2022-01-01 00:00:08.087,8,19,5,0,1102666,200
2022-01-01 00:00:08.088,8,18,8,0,1434696,200
2022-01-01 00:00:08.089,8,9,1,0,15560,200
2022-01-01 00:00:08.090,8,0,1,0,7555,200
2022-01-01 00:00:08.091,8,16,1,0,5600,200
2022-01-01 00:00:08.092,9,0,4,0,523555,200
2022-01-01 00:00:08.093,9,5,1,0,17155,200
2022-01-01 00:00:08.094,8,11,1,0,5600,200
2022-01-01 00:00:08.095,8,20,15,0,2929777,200
2022-01-01 00:00:08.096,9,20,19,0,3408711,200
2022-01-01 00:00:08.097,8,7,1,0,12177,200
2022-01-01 00:00:08.098,8,9,1,0,5123,200
2022-01-01 00:00:08.099,8,12,1,0,6488,200
2022-01-01 00:00:08.100,8,15,6,0,509422,200
2022-01-01 00:00:08.101,9,11,3,1,162488,200
2022-01-01 00:00:08.102,8,17,8,0,891505,200
2022-01-01 00:00:08.103,8,19,8,0,1281758,200
2022-01-01 00:00:08.104,9,16,1,0,71733,200
2022-01-01 00:00:08.105,9,21,16,0,3758933,200
2022-01-01 00:00:08.106,8,19,11,0,1933333,200
2022-01-01 00:00:08.107,9,12,1,0,6488,217
2022-01-01 00:00:08.108,8,13,8,1,664533,217
2022-01-01 00:00:08.109,9,12,1,0,6488,217
2022-01-01 00:00:08.110,9,16,5,1,697777,217
2022-01-01 00:00:08.111,9,13,7,0,194666,217
2022-01-01 00:00:08.112,9,16,8,0,1280088,217
2022-01-01 00:00:08.113,9,18,10,1,1832533,217
2022-01-01 00:00:08.114,7,16,23,5,3820444,217
2022-01-01 00:00:08.115,9,12,1,0,6488,217
2022-01-01 00:00:08.116,9,13,6,1,633688,217
2022-01-01 00:00:08.117,9,12,5,0,250488,217
2022-01-01 00:00:08.118,9,13,6,1,630400,217
2022-01-01 00:00:08.119,9,12,7,0,255644,217
2022-01-01 00:00:08.120,9,12,2,0,112355,217
2022-01-01 00:00:08.121,9,13,1,1,5600,217
2022-01-01 00:00:08.122,9,10,7,0,498400,217
2022-01-01 00:00:08.123,8,13,47,0,6024355,217
2022-01-01 00:00:08.124,8,12,42,1,4134488,217
2022-01-01 00:00:08.125,8,12,48,2,4814133,217
2022-01-01 00:00:08.126,8,13,43,1,4760622,217
2022-01-01 00:00:08.127,8,15,42,2,6355555,217
2022-01-01 00:00:08.128,7,12,47,2,5255466,217
2022-01-01 00:00:08.129,7,11,45,2,4336800,217
2022-01-01 00:00:08.130,7,11,50,3,4616533,217
2022-01-01 00:00:08.131,8,13,1,0,37422,217
2022-01-01 00:00:08.132,8,12,1,0,6488,217
2022-01-01 00:00:08.133,8,14,4,0,412800,217
2022-01-01 00:00:08.134,8,13,6,0,251288,217
2022-01-01 00:00:08.135,8,14,9,3,724800,217
2022-01-01 00:00:08.136,9,13,15,0,1466844,217
2022-01-01 00:00:08.137,8,14,42,3,5615111,217
2022-01-01 00:00:08.138,8,7,1,0,16444,217
2022-01-01 00:00:08.139,9,4,1,0,7022,217
2022-01-01 00:00:08.140,8,10,6,1,412888,217
2022-01-01 00:00:08.141,8,11,16,1,980622,217
2022-01-01 00:00:08.142,7,12,65,1,7647822,217
2022-01-01 00:00:08.143,7,11,42,4,4153866,217
2022-01-01 00:00:08.144,7,12,49,3,5150666,217
2022-01-01 00:00:08.145,7,11,43,2,4069066,217
2022-01-01 00:00:08.146,7,11,51,1,4673244,217
2022-01-01 00:00:08.147,7,12,7,1,649066,217
2022-01-01 00:00:08.148,8,12,1,0,6488,217
2022-01-01 00:00:08.149,9,15,3,1,202488,217
2022-01-01 00:00:08.150,7,5,7,0,524711,217
2022-01-01 00:00:08.151,9,15,1,0,122933,217
2022-01-01 00:00:08.152,9,7,1,0,12177,217
2022-01-01 00:00:08.153,9,16,21,1,3129244,217
2022-01-01 00:00:08.154,7,11,81,5,8524622,217
2022-01-01 00:00:08.155,6,10,71,0,5736266,217
2022-01-01 00:00:08.156,7,13,53,1,5771822,217
2022-01-01 00:00:08.157,7,12,56,3,6282844,217
2022-01-01 00:00:08.158,8,14,50,1,6859022,217
2022-01-01 00:00:08.159,7,13,47,4,5793422,217
2022-01-01 00:00:08.160,7,15,44,6,6161155,217
2022-01-01 00:00:08.161,8,16,33,4,5054577,217
2022-01-01 00:00:08.162,7,12,49,1,5201244,217
2022-01-01 00:00:08.163,8,13,45,3,5523377,217
2022-01-01 00:00:08.164,7,11,41,2,4117422,217
2022-01-01 00:00:08.165,7,12,42,2,4469866,217
2022-01-01 00:00:08.166,8,13,51,3,5543288,217
2022-01-01 00:00:08.167,8,15,43,1,6411733,217
2022-01-01 00:00:08.168,8,14,29,3,2940088,217
2022-01-01 00:00:08.169,9,0,2,0,17066,217
2022-01-01 00:00:08.170,9,12,1,0,6488,217
2022-01-01 00:00:08.171,8,12,6,0,696533,217
2022-01-01 00:00:08.172,8,11,3,0,20177,217
2022-01-01 00:00:08.173,9,18,5,0,899200,217
2022-01-01 00:00:08.174,7,13,57,6,7495466,217
2022-01-01 00:00:08.175,8,12,42,2,5052622,217
2022-01-01 00:00:08.176,7,10,38,1,3582577,217
2022-01-01 00:00:08.177,8,13,51,2,5606577,217
2022-01-01 00:00:08.178,6,11,39,1,4097688,217
2022-01-01 00:00:08.179,7,13,40,3,5050133,217
2022-01-01 00:00:08.180,8,12,45,3,4870844,217
2022-01-01 00:00:08.181,7,11,52,0,4200533,217
2022-01-01 00:00:08.182,7,13,40,4,5054222,217
2022-01-01 00:00:08.183,8,13,35,2,4592622,217
2022-01-01 00:00:08.184,8,12,43,2,4924000,217
2022-01-01 00:00:08.185,7,13,41,2,5325600,217
2022-01-01 00:00:08.186,8,13,45,1,5810133,217
2022-01-01 00:00:08.187,8,13,42,4,5468444,217
2022-01-01 00:00:08.188,7,10,40,2,3593155,217
2022-01-01 00:00:08.189,7,11,47,3,4486488,217
2022-01-01 00:00:08.190,7,11,16,0,1566222,217
2022-01-01 00:00:08.191,8,6,1,0,6666,217
2022-01-01 00:00:08.192,8,13,1,0,5600,217
2022-01-01 00:00:08.193,8,13,11,0,871288,217
2022-01-01 00:00:08.194,8,14,54,8,6746222,217
2022-01-01 00:00:08.195,7,10,43,0,4197244,217
2022-01-01 00:00:08.196,7,11,46,2,4706133,217
2022-01-01 00:00:08.197,7,10,48,1,4068622,217
2022-01-01 00:00:08.198,7,11,52,3,5125955,217
2022-01-01 00:00:08.199,7,11,43,1,4691822,217
2022-01-01 00:00:08.200,7,13,45,3,5529422,217
2022-01-01 00:00:08.201,7,13,28,2,3660800,217
2022-01-01 00:00:08.202,7,11,44,3,4777155,217
2022-01-01 00:00:08.203,7,11,56,3,5729422,217
2022-01-01 00:00:08.204,7,11,35,1,3712622,217
2022-01-01 00:00:08.205,8,13,46,3,5000711,217
2022-01-01 00:00:08.206,7,11,44,0,4368888,217
2022-01-01 00:00:08.207,8,14,29,1,3864177,217
2022-01-01 00:00:08.208,8,12,1,0,6488,217
2022-01-01 00:00:08.209,8,13,6,0,498133,217
2022-01-01 00:00:08.210,9,13,4,0,163644,217
2022-01-01 00:00:08.211,9,15,7,0,864444,217
2022-01-01 00:00:08.212,8,13,12,0,1301600,217
2022-01-01 00:00:08.213,8,17,23,0,4012266,217
2022-01-01 00:00:08.214,9,16,13,2,1706755,217
2022-01-01 00:00:08.215,8,12,1,0,6488,217
2022-01-01 00:00:08.216,9,15,1,1,5600,217
2022-01-01 00:00:08.217,8,12,8,0,613333,217
2022-01-01 00:00:08.218,8,6,1,0,6666,217
2022-01-01 00:00:08.219,8,15,4,2,450400,217
2022-01-01 00:00:08.220,8,11,6,0,271733,217
2022-01-01 00:00:08.221,9,15,1,0,105866,217
2022-01-01 00:00:08.222,8,7,1,0,12177,217
2022-01-01 00:00:08.223,7,14,32,6,4464800,217
2022-01-01 00:00:08.224,7,9,59,3,4519200,217
2022-01-01 00:00:08.225,7,11,46,3,4286755,217
2022-01-01 00:00:08.226,7,11,34,2,3260000,217
2022-01-01 00:00:08.227,7,12,45,8,5386488,217
2022-01-01 00:00:08.228,7,11,45,4,4178933,217
2022-01-01 00:00:08.229,7,10,43,2,4020177,217
2022-01-01 00:00:08.230,7,11,43,4,4272266,217
2022-01-01 00:00:08.231,7,11,50,3,4452800,217
2022-01-01 00:00:08.232,7,11,54,2,4770133,217
2022-01-01 00:00:08.233,7,11,46,1,4487466,217
2022-01-01 00:00:08.234,7,11,46,2,4414577,217
2022-01-01 00:00:08.235,8,11,45,2,4583911,217
2022-01-01 00:00:08.236,7,9,45,2,3896266,217
2022-01-01 00:00:08.237,6,9,43,2,3614933,217
2022-01-01 00:00:08.238,7,11,48,0,4802666,217
2022-01-01 00:00:08.239,8,11,38,6,3976533,217
2022-01-01 00:00:08.240,7,11,46,3,4590222,217
2022-01-01 00:00:08.241,7,11,45,0,4312977,217
2022-01-01 00:00:08.242,7,11,46,4,4488355,217
2022-01-01 00:00:08.243,7,11,24,2,1995555,217
2022-01-01 00:00:08.244,9,12,3,0,64977,217
2022-01-01 00:00:08.245,9,11,2,0,12088,217
2022-01-01 00:00:08.246,8,12,35,1,3819644,217
2022-01-01 00:00:08.247,7,10,10,1,801244,217
2022-01-01 00:00:08.248,8,7,3,0,75466,217
2022-01-01 00:00:08.249,9,12,1,0,6488,217
2022-01-01 00:00:08.250,9,14,3,0,410933,217
2022-01-01 00:00:08.251,8,11,8,0,333955,217
2022-01-01 00:00:08.252,9,12,1,0,6488,217
2022-01-01 00:00:08.253,8,10,6,0,490844,217
2022-01-01 00:00:08.254,8,10,6,0,178666,217
2022-01-01 00:00:08.255,8,11,9,0,808888,217
2022-01-01 00:00:08.256,9,13,8,0,766666,217
2022-01-01 00:00:08.257,8,15,4,2,601600,217
2022-01-01 00:00:08.258,9,14,8,0,935555,217
2022-01-01 00:00:08.259,8,12,39,2,4699822,217
2022-01-01 00:00:08.260,8,12,1,0,6488,217
2022-01-01 00:00:08.261,8,11,8,0,516177,217
2022-01-01 00:00:08.262,8,9,3,0,240977,217
2022-01-01 00:00:08.263,9,6,1,0,6666,217
2022-01-01 00:00:08.264,9,13,10,0,481511,217
2022-01-01 00:00:08.265,8,11,1,0,5600,217
2022-01-01 00:00:08.266,8,13,13,0,1678311,217
2022-01-01 00:00:08.267,8,12,36,1,3991555,217
2022-01-01 00:00:08.268,7,11,42,0,4510400,217
2022-01-01 00:00:08.269,8,11,49,1,5290400,217
2022-01-01 00:00:08.270,8,11,54,2,4836088,217
2022-01-01 00:00:08.271,7,11,22,0,2039466,217
2022-01-01 00:00:08.272,9,12,1,0,6488,217
2022-01-01 00:00:08.273,8,11,1,0,5600,217
2022-01-01 00:00:08.274,8,11,6,0,471466,217
2022-01-01 00:00:08.275,9,0,1,0,5600,217
2022-01-01 00:00:08.276,8,13,1,0,61600,217
2022-01-01 00:00:08.277,8,11,1,0,5600,217
2022-01-01 00:00:08.278,8,10,8,1,336800,217
2022-01-01 00:00:08.279,8,13,2,0,41422,217
2022-01-01 00:00:08.280,9,6,1,0,10400,217
2022-01-01 00:00:08.281,9,16,16,0,2138133,217
2022-01-01 00:00:08.282,7,12,54,2,6464355,217
2022-01-01 00:00:08.283,7,13,50,3,5996088,217
2022-01-01 00:00:08.284,8,15,43,2,5742400,217
2022-01-01 00:00:08.285,8,14,28,6,4150133,217
2022-01-01 00:00:08.286,7,10,44,2,3996622,217
2022-01-01 00:00:08.287,7,10,37,7,3504622,217
2022-01-01 00:00:08.288,7,10,25,2,2151200,217
2022-01-01 00:00:08.289,8,11,1,0,5600,217
2022-01-01 00:00:08.290,8,11,17,0,1690666,217
2022-01-01 00:00:08.291,7,11,67,1,6997600,217
2022-01-01 00:00:08.292,6,9,46,2,4081422,217
2022-01-01 00:00:08.293,7,10,54,3,3698844,217
2022-01-01 00:00:08.294,8,11,53,0,5252177,217
2022-01-01 00:00:08.295,8,13,43,2,4570577,217
2022-01-01 00:00:08.296,7,11,51,1,4476355,217
2022-01-01 00:00:08.297,6,10,36,5,3531111,217
2022-01-01 00:00:08.298,7,10,48,2,4407912,217
2022-01-01 00:00:08.299,7,11,71,5,6918921,217
2022-01-01 00:00:08.300,7,10,36,3,3026844,217
2022-01-01 00:00:08.301,7,11,55,2,4856266,217
2022-01-01 00:00:08.302,7,11,36,2,3476088,217
2022-01-01 00:00:08.303,7,11,54,0,4812977,217
2022-01-01 00:00:08.304,7,11,47,1,4441333,217
2022-01-01 00:00:08.305,8,13,49,0,6055466,217
2022-01-01 00:00:08.306,8,12,7,0,825066,217
2022-01-01 00:00:08.307,8,5,1,0,5538,217
2022-01-01 00:00:08.308,9,11,3,0,249168,217
2022-01-01 00:00:08.309,9,7,3,0,87022,217
2022-01-01 00:00:08.310,9,16,6,1,783466,217
2022-01-01 00:00:08.311,8,9,1,0,5066,217
2022-01-01 00:00:08.312,8,12,1,0,6488,217
2022-01-01 00:00:08.313,9,15,6,1,494044,217
2022-01-01 00:00:08.314,8,12,4,0,175288,217
2022-01-01 00:00:08.315,8,13,10,0,874966,217
2022-01-01 00:00:08.316,8,14,11,0,1295200,217
2022-01-01 00:00:08.317,8,16,25,2,3946044,217
2022-01-01 00:00:08.318,8,12,19,2,1674549,217
2022-01-01 00:00:08.319,8,12,1,0,6488,217
2022-01-01 00:00:08.320,8,13,1,0,5662,217
2022-01-01 00:00:08.321,7,11,10,1,730488,217
2022-01-01 00:00:08.322,9,0,1,0,5538,217
2022-01-01 00:00:08.323,9,0,1,0,6561,217
2022-01-01 00:00:08.324,8,17,2,0,335472,217
2022-01-01 00:00:08.325,8,15,22,0,2893333,217
2022-01-01 00:00:08.326,8,15,32,3,4575911,217
2022-01-01 00:00:08.327,8,8,1,0,14112,217
2022-01-01 00:00:08.328,9,12,1,0,6488,217
2022-01-01 00:00:08.329,9,17,2,0,335472,217
2022-01-01 00:00:08.330,8,12,3,0,77422,217
2022-01-01 00:00:08.331,9,5,1,0,5600,217
2022-01-01 00:00:08.332,8,15,32,1,4037033,217
2022-01-01 00:00:08.333,8,12,9,0,1140923,217
2022-01-01 00:00:08.334,10,0,1,0,6417,217
2022-01-01 00:00:08.335,8,14,3,0,329955,217
2022-01-01 00:00:08.336,8,15,12,1,1606755,217
2022-01-01 00:00:08.337,7,12,48,4,5693842,217
2022-01-01 00:00:08.338,8,13,22,0,2191032,217
2022-01-01 00:00:08.339,9,12,1,0,6488,217
2022-01-01 00:00:08.340,8,13,7,1,499733,217
2022-01-01 00:00:08.341,9,11,4,0,168266,217
2022-01-01 00:00:08.342,9,16,6,1,710488,217
2022-01-01 00:00:08.343,9,15,13,0,1457600,217
2022-01-01 00:00:08.344,9,18,15,1,2603288,217
2022-01-01 00:00:08.345,7,13,36,2,3012177,217
2022-01-01 00:00:08.346,9,12,1,0,6488,217
2022-01-01 00:00:08.347,9,16,2,1,188000,217
2022-01-01 00:00:08.348,9,13,7,3,478933,217
2022-01-01 00:00:08.349,8,13,34,2,4484000,217
2022-01-01 00:00:08.350,8,11,3,0,221333,217
2022-01-01 00:00:08.351,8,12,1,0,6488,217
2022-01-01 00:00:08.352,9,13,8,0,417155,217
2022-01-01 00:00:08.353,8,10,8,1,253688,217
2022-01-01 00:00:08.354,8,12,8,1,645066,217
2022-01-01 00:00:08.355,8,11,8,0,354044,217
2022-01-01 00:00:08.356,8,14,10,0,1280444,217
2022-01-01 00:00:08.357,8,14,11,1,1703733,217
2022-01-01 00:00:08.358,7,14,27,2,3945511,217
2022-01-01 00:00:08.359,8,12,1,0,6417,217
2022-01-01 00:00:08.360,8,11,10,1,632444,217
2022-01-01 00:00:08.361,8,12,1,0,6488,217
2022-01-01 00:00:08.362,9,13,4,0,425528,217
2022-01-01 00:00:08.363,8,11,8,0,261186,217
2022-01-01 00:00:08.364,8,14,24,0,3190933,217
2022-01-01 00:00:08.365,8,13,58,2,7109688,217
2022-01-01 00:00:08.366,8,12,30,2,2691200,217
2022-01-01 00:00:08.367,9,12,1,0,6488,217
2022-01-01 00:00:08.368,9,12,9,0,696355,217
2022-01-01 00:00:08.369,9,12,1,0,6488,217
2022-01-01 00:00:08.370,9,16,1,0,184449,217
2022-01-01 00:00:08.371,8,12,6,0,464879,217
2022-01-01 00:00:08.372,8,0,1,0,6488,217
2022-01-01 00:00:08.373,7,13,6,1,630222,217
2022-01-01 00:00:08.374,9,10,4,0,230488,217
2022-01-01 00:00:08.375,9,16,13,0,1308088,217
2022-01-01 00:00:08.376,9,16,29,0,4589688,217
2022-01-01 00:00:08.377,8,13,12,2,1203377,217
2022-01-01 00:00:08.378,9,12,1,0,6417,217
2022-01-01 00:00:08.379,9,16,4,0,410133,217
2022-01-01 00:00:08.380,8,13,9,0,344888,217
2022-01-01 00:00:08.381,9,12,1,0,6488,217
2022-01-01 00:00:08.382,9,14,7,1,488622,217
2022-01-01 00:00:08.383,8,12,3,1,169066,217
2022-01-01 00:00:08.384,8,15,6,1,704800,217
2022-01-01 00:00:08.385,9,13,14,1,1463733,217
2022-01-01 00:00:08.386,9,16,17,0,2616444,217
2022-01-01 00:00:08.387,8,13,25,4,3207466,217
2022-01-01 00:00:08.388,7,12,1,1,6488,217
2022-01-01 00:00:08.389,8,13,6,1,641078,217
2022-01-01 00:00:08.390,7,7,8,0,252835,217
2022-01-01 00:00:08.391,9,13,6,1,635200,217
2022-01-01 00:00:08.392,8,9,4,0,244088,217
2022-01-01 00:00:08.393,8,9,4,1,125866,217
2022-01-01 00:00:08.394,9,13,4,0,413688,217
2022-01-01 00:00:08.395,9,9,4,1,102933,217
2022-01-01 00:00:08.396,8,12,27,1,2985866,217
2022-01-01 00:00:08.397,8,11,59,2,6398844,217
2022-01-01 00:00:08.398,7,11,52,1,4535288,217
2022-01-01 00:00:08.399,8,11,43,3,4334666,217
2022-01-01 00:00:08.400,7,11,47,0,4487555,217
2022-01-01 00:00:08.401,8,12,46,2,5088177,217
2022-01-01 00:00:08.402,8,13,41,2,5070933,217
2022-01-01 00:00:08.403,8,13,59,4,7446400,217
2022-01-01 00:00:08.404,9,11,2,0,43200,217
2022-01-01 00:00:08.405,8,12,1,0,6488,217
2022-01-01 00:00:08.406,9,14,5,0,416088,217
2022-01-01 00:00:08.407,9,12,8,0,248355,217
2022-01-01 00:00:08.408,8,16,7,0,848800,217
2022-01-01 00:00:08.409,8,16,10,0,1207111,217
2022-01-01 00:00:08.410,9,0,2,0,88177,217
2022-01-01 00:00:08.411,9,17,27,2,4275022,217
2022-01-01 00:00:08.412,8,14,10,2,1360088,217
2022-01-01 00:00:08.413,8,6,1,0,6666,217
2022-01-01 00:00:08.414,8,11,5,0,498044,217
2022-01-01 00:00:08.415,8,9,5,0,244088,217
2022-01-01 00:00:08.416,9,6,1,0,6666,217
2022-01-01 00:00:08.417,8,10,7,0,481511,217
2022-01-01 00:00:08.418,8,11,9,0,180177,217
2022-01-01 00:00:08.419,8,13,10,0,719111,217
2022-01-01 00:00:08.420,8,14,5,1,174222,217
2022-01-01 00:00:08.421,8,17,8,0,1286222,217
2022-01-01 00:00:08.422,7,15,43,4,5796177,217
2022-01-01 00:00:08.423,8,8,1,0,28177,217
2022-01-01 00:00:08.424,9,12,1,0,6488,217
2022-01-01 00:00:08.425,8,12,7,1,499200,217
2022-01-01 00:00:08.426,8,9,6,0,246222,217
2022-01-01 00:00:08.427,9,12,1,0,6488,217
2022-01-01 00:00:08.428,8,9,7,1,412533,217
2022-01-01 00:00:08.429,9,12,5,0,241066,217
2022-01-01 00:00:08.430,8,6,2,0,6577,217
2022-01-01 00:00:08.431,8,11,10,0,712711,217
2022-01-01 00:00:08.432,8,13,17,2,1313244,217
2022-01-01 00:00:08.433,9,0,2,0,122666,217
2022-01-01 00:00:08.434,8,11,4,0,440533,217
2022-01-01 00:00:08.435,8,13,65,4,8519644,217
2022-01-01 00:00:08.436,8,11,20,1,1631644,217
2022-01-01 00:00:08.437,8,0,1,0,6488,217
2022-01-01 00:00:08.438,8,9,9,0,493866,217
2022-01-01 00:00:08.439,9,11,4,0,242488,217
2022-01-01 00:00:08.440,9,11,1,0,5600,217
2022-01-01 00:00:08.441,8,9,7,0,323822,217
2022-01-01 00:00:08.442,9,9,2,0,10844,217
2022-01-01 00:00:08.443,9,14,9,0,1122400,217
2022-01-01 00:00:08.444,8,14,21,2,2723822,217
2022-01-01 00:00:08.445,9,11,13,0,1253600,217
2022-01-01 00:00:08.446,9,6,1,0,6666,217
2022-01-01 00:00:08.447,8,11,1,0,110133,217
2022-01-01 00:00:08.448,8,11,10,0,745777,217
2022-01-01 00:00:08.449,8,12,35,2,3925155,217
2022-01-01 00:00:08.450,7,12,56,3,6622577,217
2022-01-01 00:00:08.451,8,13,38,2,5135466,217
2022-01-01 00:00:08.452,8,14,34,4,5098133,217
2022-01-01 00:00:08.453,7,11,57,1,5192800,217
2022-01-01 00:00:08.454,7,11,48,1,4426311,217
2022-01-01 00:00:08.455,8,14,9,1,1110133,217
2022-01-01 00:00:08.456,9,8,2,0,18844,217
2022-01-01 00:00:08.457,9,12,1,0,6488,217
2022-01-01 00:00:08.458,9,16,5,0,555555,217
2022-01-01 00:00:08.459,8,13,11,0,1430133,217
2022-01-01 00:00:08.460,9,17,17,1,2524533,217
2022-01-01 00:00:08.461,7,13,47,3,6121511,217
2022-01-01 00:00:08.462,8,13,48,4,5626044,217
2022-01-01 00:00:08.463,8,11,49,2,5112355,217
2022-01-01 00:00:08.464,7,13,35,2,4288800,217
2022-01-01 00:00:08.465,8,13,40,3,4922311,217
2022-01-01 00:00:08.466,8,11,1,0,5600,217
2022-01-01 00:00:08.467,9,12,1,0,13244,217
2022-01-01 00:00:08.468,9,0,1,0,6488,217
2022-01-01 00:00:08.469,9,13,7,0,548266,217
2022-01-01 00:00:08.470,8,11,22,1,1780711,217
2022-01-01 00:00:08.471,8,13,52,4,6318844,217
2022-01-01 00:00:08.472,7,10,51,2,4206488,217
2022-01-01 00:00:08.473,8,13,44,2,4606755,217
2022-01-01 00:00:08.474,7,11,49,2,4573777,217
2022-01-01 00:00:08.475,8,13,39,4,4627022,217
2022-01-01 00:00:08.476,7,11,51,2,4836533,217
2022-01-01 00:00:08.477,8,7,5,0,394400,217
2022-01-01 00:00:08.478,8,6,1,0,6666,217
2022-01-01 00:00:08.479,9,14,5,1,409600,217
2022-01-01 00:00:08.480,7,7,12,0,251733,217
2022-01-01 00:00:08.481,8,12,8,0,718755,217
2022-01-01 00:00:08.482,8,11,16,0,1435822,217
2022-01-01 00:00:08.483,8,15,15,2,2139377,217
2022-01-01 00:00:08.484,8,14,25,4,3508977,217
2022-01-01 00:00:08.485,8,12,1,0,6488,217
2022-01-01 00:00:08.486,8,10,7,0,501422,217
2022-01-01 00:00:08.487,9,12,6,0,140444,217
2022-01-01 00:00:08.488,8,10,8,1,503555,217
2022-01-01 00:00:08.489,8,11,3,0,174666,217
2022-01-01 00:00:08.490,9,13,39,1,5016088,217
2022-01-01 00:00:08.491,7,10,47,1,4083555,217
2022-01-01 00:00:08.492,8,11,43,2,3888088,217
2022-01-01 00:00:08.493,9,5,2,0,22044,217
2022-01-01 00:00:08.494,8,12,1,1,6488,217
2022-01-01 00:00:08.495,9,13,3,0,423733,217
2022-01-01 00:00:08.496,8,11,6,0,289155,217
2022-01-01 00:00:08.497,9,12,1,0,6488,217
2022-01-01 00:00:08.498,8,12,5,0,480533,217
2022-01-01 00:00:08.499,8,9,9,0,180711,217
2022-01-01 00:00:08.500,8,12,8,1,717955,217
2022-01-01 00:00:08.501,8,12,15,0,1455911,217
2022-01-01 00:00:08.502,9,17,12,0,1674755,217
2022-01-01 00:00:08.503,8,16,26,3,3980266,217
2022-01-01 00:00:08.504,8,12,1,0,6488,217
2022-01-01 00:00:08.505,9,13,10,1,667022,217
2022-01-01 00:00:08.506,9,13,12,0,849688,217
2022-01-01 00:00:08.507,8,12,15,0,1320177,217
2022-01-01 00:00:08.508,8,15,38,5,5634400,217
2022-01-01 00:00:08.509,9,12,1,0,6488,217
2022-01-01 00:00:08.510,9,12,9,0,638844,217
2022-01-01 00:00:08.511,9,6,1,0,6666,217
2022-01-01 00:00:08.512,9,12,9,0,716533,217
2022-01-01 00:00:08.513,9,11,1,0,5600,217
2022-01-01 00:00:08.514,8,12,2,0,117333,217
2022-01-01 00:00:08.515,9,14,13,0,1991733,217
2022-01-01 00:00:08.516,7,11,66,0,7088266,217
2022-01-01 00:00:08.517,8,15,40,2,5445511,217
2022-01-01 00:00:08.518,7,12,37,2,4532800,217
2022-01-01 00:00:08.519,8,13,44,4,5225142,217
2022-01-01 00:00:08.520,7,11,45,3,4325752,217
2022-01-01 00:00:08.521,7,12,41,2,4473066,217
2022-01-01 00:00:08.522,8,12,50,5,4817688,217
2022-01-01 00:00:08.523,7,11,49,2,4690400,217
2022-01-01 00:00:08.524,8,11,47,2,4238488,217
2022-01-01 00:00:08.525,8,13,45,1,5696000,217
2022-01-01 00:00:08.526,8,14,41,2,5660177,217
2022-01-01 00:00:08.527,7,12,36,4,3614044,217
2022-01-01 00:00:08.528,8,11,56,2,5014857,217
2022-01-01 00:00:08.529,8,12,44,2,5266337,217
2022-01-01 00:00:08.530,7,13,33,4,4172177,217
2022-01-01 00:00:08.531,7,11,38,3,3649066,217
2022-01-01 00:00:08.532,7,10,42,4,3854417,217
2022-01-01 00:00:08.533,8,11,48,0,4993078,217
2022-01-01 00:00:08.534,8,8,1,0,23200,217
2022-01-01 00:00:08.535,9,0,1,0,6666,217
2022-01-01 00:00:08.536,8,11,4,0,413511,217
2022-01-01 00:00:08.537,8,11,5,0,244483,217
2022-01-01 00:00:08.538,8,0,1,0,6561,217
2022-01-01 00:00:08.539,9,14,5,1,629422,217
2022-01-01 00:00:08.540,9,12,8,1,240888,217
2022-01-01 00:00:08.541,9,14,14,1,1267780,217
2022-01-01 00:00:08.542,8,13,48,1,5558417,217
2022-01-01 00:00:08.543,9,9,1,0,15733,217
2022-01-01 00:00:08.544,9,12,1,0,6488,217
2022-01-01 00:00:08.545,8,12,4,0,419146,217
2022-01-01 00:00:08.546,7,8,7,0,332711,217
2022-01-01 00:00:08.547,9,12,1,0,6488,217
2022-01-01 00:00:08.548,8,11,8,1,510022,217
2022-01-01 00:00:08.549,8,9,7,0,163428,217
2022-01-01 00:00:08.550,8,12,6,1,708177,217
2022-01-01 00:00:08.551,9,13,15,0,1416879,217
2022-01-01 00:00:08.552,8,14,42,3,5615022,217
2022-01-01 00:00:08.553,7,9,1,0,15910,217
2022-01-01 00:00:08.554,9,12,1,0,6488,217
2022-01-01 00:00:08.555,8,11,10,1,716659,217
2022-01-01 00:00:08.556,9,12,1,0,6488,217
2022-01-01 00:00:08.557,8,11,10,1,657244,217
2022-01-01 00:00:08.558,9,12,1,0,6488,217
2022-01-01 00:00:08.559,9,13,7,1,699288,217
2022-01-01 00:00:08.560,9,11,7,0,195644,217
2022-01-01 00:00:08.561,9,14,9,0,1282133,217
2022-01-01 00:00:08.562,8,13,43,0,5633866,217
2022-01-01 00:00:08.563,6,2,3,0,41333,235
2022-01-01 00:00:08.564,6,3,20,0,642285,235
2022-01-01 00:00:08.565,7,4,3,0,45955,235
2022-01-01 00:00:08.566,6,4,18,0,722337,235
2022-01-01 00:00:08.567,7,2,11,0,182311,235
2022-01-01 00:00:08.568,7,4,28,0,1288533,235
2022-01-01 00:00:08.569,7,4,1,0,48800,235
2022-01-01 00:00:08.570,7,4,90,0,4252622,235
2022-01-01 00:00:08.571,7,4,31,0,1351120,235
2022-01-01 00:00:08.572,7,3,1,0,7200,235
2022-01-01 00:00:08.573,7,4,18,1,687644,235
2022-01-01 00:00:08.574,6,3,1,0,11340,235
2022-01-01 00:00:08.575,7,3,2,0,12622,235
2022-01-01 00:00:08.576,6,2,24,0,637866,235
2022-01-01 00:00:08.577,7,4,3,0,116533,235
2022-01-01 00:00:08.578,7,0,1,0,7101,235
2022-01-01 00:00:08.579,6,4,7,0,245244,235
2022-01-01 00:00:08.580,7,4,1,0,9333,235
2022-01-01 00:00:08.581,7,2,2,0,23191,235
2022-01-01 00:00:08.582,6,4,28,1,1274373,235
2022-01-01 00:00:08.583,7,4,50,2,2345168,235
2022-01-01 00:00:08.584,6,4,45,0,1810021,235
2022-01-01 00:00:08.585,6,4,35,1,1527200,235
2022-01-01 00:00:08.586,7,4,1,0,7022,235
2022-01-01 00:00:08.587,7,4,14,1,503550,235
2022-01-01 00:00:08.588,7,4,7,0,232175,235
2022-01-01 00:00:08.589,7,4,1,0,19505,235
2022-01-01 00:00:08.590,7,4,1,0,7022,235
2022-01-01 00:00:08.591,7,4,14,1,531733,235
2022-01-01 00:00:08.592,7,4,1,0,16444,235
2022-01-01 00:00:08.593,7,4,34,1,1570488,235
2022-01-01 00:00:08.594,7,4,47,1,2166311,235
2022-01-01 00:00:08.595,7,4,56,1,2611505,235
2022-01-01 00:00:08.596,7,3,2,0,17422,235
2022-01-01 00:00:08.597,6,3,2,0,52444,235
2022-01-01 00:00:08.598,7,4,1,0,19288,235
2022-01-01 00:00:08.599,6,4,1,0,33155,235
2022-01-01 00:00:08.600,6,2,1,0,17866,235
2022-01-01 00:00:08.601,7,4,3,0,40000,235
2022-01-01 00:00:08.602,7,4,10,3,412622,235
2022-01-01 00:00:08.603,7,4,9,0,277422,235
2022-01-01 00:00:08.604,7,4,1,0,7022,235
2022-01-01 00:00:08.605,7,4,18,2,712177,235
2022-01-01 00:00:08.606,7,3,6,0,150844,235
2022-01-01 00:00:08.607,4,12,1,0,6488,234
2022-01-01 00:00:08.608,4,13,5,1,491111,234
2022-01-01 00:00:08.609,4,13,2,0,161494,234
2022-01-01 00:00:08.610,4,13,5,2,635865,234
2022-01-01 00:00:08.611,4,11,6,1,248888,234
2022-01-01 00:00:08.612,4,14,10,0,1306222,234
2022-01-01 00:00:08.613,4,14,34,2,5291181,234
2022-01-01 00:00:08.614,4,13,5,1,548571,234
2022-01-01 00:00:08.615,4,12,1,0,6561,234
2022-01-01 00:00:08.616,4,12,8,1,500043,234
2022-01-01 00:00:08.617,4,14,5,2,474666,234
2022-01-01 00:00:08.618,4,14,15,2,2211466,234
2022-01-01 00:00:08.619,4,13,12,2,1675415,234
2022-01-01 00:00:08.620,4,13,5,3,510593,234
2022-01-01 00:00:08.621,6,12,1,0,6488,234
2022-01-01 00:00:08.622,6,19,2,0,429033,234
2022-01-01 00:00:08.623,6,13,4,0,204483,234
2022-01-01 00:00:08.624,6,18,27,0,3972177,234
2022-01-01 00:00:08.625,6,19,16,0,3322400,234
2022-01-01 00:00:08.626,6,19,13,0,2763235,234
2022-01-01 00:00:08.627,6,20,14,0,3017142,234
2022-01-01 00:00:08.628,6,19,11,1,2443200,234
2022-01-01 00:00:08.629,6,19,16,0,2991377,234
2022-01-01 00:00:08.630,6,20,12,1,2762696,234
2022-01-01 00:00:08.631,6,18,10,0,1364043,234
2022-01-01 00:00:08.632,6,12,1,0,6417,234
2022-01-01 00:00:08.633,6,15,6,0,505422,234
2022-01-01 00:00:08.634,6,19,25,0,5062311,234
2022-01-01 00:00:08.635,6,20,13,1,2943101,234
2022-01-01 00:00:08.636,6,19,14,0,2794285,234
2022-01-01 00:00:08.637,6,19,12,1,2444800,234
2022-01-01 00:00:08.638,6,19,14,1,2760088,234
2022-01-01 00:00:08.639,6,18,1,1,10876,234
2022-01-01 00:00:08.640,6,0,1,0,6488,234
2022-01-01 00:00:08.641,6,14,3,0,409066,234
2022-01-01 00:00:08.642,6,13,6,0,264179,234
2022-01-01 00:00:08.643,6,15,7,0,887280,234
2022-01-01 00:00:08.644,6,18,8,0,1301098,234
2022-01-01 00:00:08.645,6,19,19,0,3730157,234
2022-01-01 00:00:08.646,6,18,11,0,1919384,234
2022-01-01 00:00:08.647,6,12,1,0,6488,234
2022-01-01 00:00:08.648,6,14,9,0,705422,234
2022-01-01 00:00:08.649,6,19,3,0,628000,234
2022-01-01 00:00:08.650,6,12,7,0,247644,234
2022-01-01 00:00:08.651,6,17,9,0,1291555,234
2022-01-01 00:00:08.652,6,18,34,0,5537333,234
2022-01-01 00:00:08.653,6,14,2,0,207733,234
2022-01-01 00:00:08.654,6,12,1,0,6488,234
2022-01-01 00:00:08.655,6,14,4,0,501600,234
2022-01-01 00:00:08.656,6,13,5,0,151377,234
2022-01-01 00:00:08.657,6,15,5,0,494400,234
2022-01-01 00:00:08.658,6,13,4,0,192800,234
2022-01-01 00:00:08.659,6,19,18,1,3843733,234
2022-01-01 00:00:08.660,6,19,12,0,2545600,234
2022-01-01 00:00:08.661,6,20,13,0,2927733,234
2022-01-01 00:00:08.662,6,19,9,1,1960266,234
2022-01-01 00:00:08.663,6,18,9,0,1692888,234
2022-01-01 00:00:08.664,6,12,1,0,6488,234
2022-01-01 00:00:08.665,6,14,9,0,714133,234
2022-01-01 00:00:08.666,6,12,1,0,6488,234
2022-01-01 00:00:08.667,6,15,3,0,491733,234
2022-01-01 00:00:08.668,6,13,5,0,189511,234
2022-01-01 00:00:08.669,6,17,6,1,719200,234
2022-01-01 00:00:08.670,6,18,9,2,1343200,234
2022-01-01 00:00:08.671,6,0,1,0,131466,234
2022-01-01 00:00:08.672,6,19,12,1,2462133,234
2022-01-01 00:00:08.673,6,19,15,0,3158133,234
2022-01-01 00:00:08.674,6,18,1,0,21422,234
2022-01-01 00:00:08.675,6,12,1,0,6488,234
2022-01-01 00:00:08.676,6,15,8,0,684533,234
2022-01-01 00:00:08.677,6,12,1,0,6488,234
2022-01-01 00:00:08.678,6,19,3,0,628000,234
2022-01-01 00:00:08.679,6,13,4,0,258933,234
2022-01-01 00:00:08.680,6,17,9,0,1306400,234
2022-01-01 00:00:08.681,6,20,24,1,5193244,234
2022-01-01 00:00:08.682,6,15,5,0,440977,234
2022-01-01 00:00:08.683,6,12,1,0,6488,234
2022-01-01 00:00:08.684,6,16,6,1,511200,234
2022-01-01 00:00:08.685,6,15,3,0,133422,234
2022-01-01 00:00:08.686,6,17,4,0,413155,234
2022-01-01 00:00:08.687,6,13,5,0,262400,234
2022-01-01 00:00:08.688,6,18,13,1,1680088,234
2022-01-01 00:00:08.689,6,20,19,0,4292800,234
2022-01-01 00:00:08.690,6,21,11,1,2570933,234
2022-01-01 00:00:08.691,6,19,11,0,2358666,234
2022-01-01 00:00:08.692,6,19,10,2,2078666,234
2022-01-01 00:00:08.693,6,0,1,0,10755,234
2022-01-01 00:00:08.694,9,12,1,0,6488,234
2022-01-01 00:00:08.695,8,13,7,0,717155,234
2022-01-01 00:00:08.696,8,18,2,0,137955,234
2022-01-01 00:00:08.697,8,20,5,1,969333,234
2022-01-01 00:00:08.698,8,20,46,1,8793955,234
2022-01-01 00:00:08.699,9,21,21,3,4004888,234
2022-01-01 00:00:08.700,8,21,31,0,5336711,234
2022-01-01 00:00:08.701,8,21,23,0,4418666,234
2022-01-01 00:00:08.702,9,21,23,1,4091111,234
2022-01-01 00:00:08.703,8,21,23,0,4708888,234
2022-01-01 00:00:08.704,9,21,20,1,4296888,234
2022-01-01 00:00:08.705,8,21,19,2,4071377,234
2022-01-01 00:00:08.706,8,21,19,0,4514400,234
2022-01-01 00:00:08.707,8,21,19,0,4505866,234
2022-01-01 00:00:08.708,9,21,19,1,4369866,234
2022-01-01 00:00:08.709,8,21,23,0,5154666,234
2022-01-01 00:00:08.710,9,21,19,1,4514400,234
2022-01-01 00:00:08.711,9,21,18,0,3821688,234
2022-01-01 00:00:08.712,8,21,19,0,4514400,234
2022-01-01 00:00:08.713,8,21,20,2,4528711,234
2022-01-01 00:00:08.714,9,21,21,0,4981066,234
2022-01-01 00:00:08.715,9,21,18,1,4036444,234
2022-01-01 00:00:08.716,8,20,13,0,2460533,234
2022-01-01 00:00:08.717,9,2,1,0,7200,234
2022-01-01 00:00:08.718,8,15,5,0,452800,234
2022-01-01 00:00:08.719,9,14,3,0,91466,234
2022-01-01 00:00:08.720,9,20,1,0,80266,234
2022-01-01 00:00:08.721,8,0,1,0,5600,234
2022-01-01 00:00:08.722,8,21,2,0,466666,234
2022-01-01 00:00:08.723,8,20,44,0,8229333,234
2022-01-01 00:00:08.724,9,19,14,0,2217511,234
2022-01-01 00:00:08.725,9,11,1,0,5600,234
2022-01-01 00:00:08.726,9,21,1,0,14311,234
2022-01-01 00:00:08.727,9,12,1,0,13244,234
2022-01-01 00:00:08.728,9,12,1,0,6488,234
2022-01-01 00:00:08.729,9,15,7,0,454222,234
2022-01-01 00:00:08.730,9,19,23,0,3718488,234
2022-01-01 00:00:08.731,9,21,34,0,6702133,234
2022-01-01 00:00:08.732,8,21,6,0,952266,234
2022-01-01 00:00:08.733,8,11,1,0,5600,234
2022-01-01 00:00:08.734,8,16,2,0,20800,234
2022-01-01 00:00:08.735,9,13,6,0,418400,234
2022-01-01 00:00:08.736,9,13,2,0,62933,234
2022-01-01 00:00:08.737,8,11,1,0,5600,234
2022-01-01 00:00:08.738,8,21,1,0,156800,234
2022-01-01 00:00:08.739,9,11,1,0,5600,234
2022-01-01 00:00:08.740,8,17,3,0,223288,234
2022-01-01 00:00:08.741,9,20,3,0,362044,234
2022-01-01 00:00:08.742,8,15,1,0,9333,234
2022-01-01 00:00:08.743,9,19,8,0,1540800,234
2022-01-01 00:00:08.744,9,21,25,2,4947111,234
2022-01-01 00:00:08.745,8,21,35,1,6540888,234
2022-01-01 00:00:08.746,8,19,14,0,2272177,234
2022-01-01 00:00:08.747,9,2,2,0,20088,234
2022-01-01 00:00:08.748,9,20,1,0,26044,234
2022-01-01 00:00:08.749,9,12,1,0,6488,234
2022-01-01 00:00:08.750,9,19,4,0,512444,234
2022-01-01 00:00:08.751,9,16,4,0,167288,234
2022-01-01 00:00:08.752,9,18,9,0,860533,234
2022-01-01 00:00:08.753,9,19,10,0,1308622,234
2022-01-01 00:00:08.754,8,20,37,1,5660177,234
2022-01-01 00:00:08.755,9,12,1,0,6488,234
2022-01-01 00:00:08.756,8,18,7,0,755377,234
2022-01-01 00:00:08.757,9,0,1,0,10755,234
2022-01-01 00:00:08.758,8,5,1,0,14666,234
2022-01-01 00:00:08.759,9,0,1,0,6488,234
2022-01-01 00:00:08.760,8,19,3,0,421866,234
2022-01-01 00:00:08.761,9,15,6,0,251555,234
2022-01-01 00:00:08.762,9,4,1,0,7022,234
2022-01-01 00:00:08.763,8,20,4,0,698577,234
2022-01-01 00:00:08.764,9,12,4,0,181066,234
2022-01-01 00:00:08.765,9,20,8,0,1296800,234
2022-01-01 00:00:08.766,8,20,36,1,5657422,234
2022-01-01 00:00:08.767,9,20,1,0,26044,234
2022-01-01 00:00:08.768,9,12,1,0,6488,234
2022-01-01 00:00:08.769,8,14,5,2,518577,234
2022-01-01 00:00:08.770,8,20,42,0,6853600,234
2022-01-01 00:00:08.771,9,21,29,1,6120888,234
2022-01-01 00:00:08.772,9,21,28,1,5617244,234
2022-01-01 00:00:08.773,8,21,26,0,5354222,234
2022-01-01 00:00:08.774,9,20,15,0,3271288,234
2022-01-01 00:00:08.775,8,12,1,0,6488,234
2022-01-01 00:00:08.776,9,17,7,0,714311,234
2022-01-01 00:00:08.777,8,18,1,0,101600,234
2022-01-01 00:00:08.778,9,16,3,0,27644,234
2022-01-01 00:00:08.779,8,20,15,1,3112266,234
2022-01-01 00:00:08.780,8,20,37,0,7327911,234
2022-01-01 00:00:08.781,8,21,30,0,5447288,234
2022-01-01 00:00:08.782,9,21,34,2,4952355,234
2022-01-01 00:00:08.783,9,21,34,1,5816177,234
2022-01-01 00:00:08.784,8,21,29,0,4789333,234
2022-01-01 00:00:08.785,9,21,36,0,5956711,234
2022-01-01 00:00:08.786,9,21,25,0,4833688,234
2022-01-01 00:00:08.787,9,21,31,0,5611555,234
2022-01-01 00:00:08.788,8,21,33,0,5815111,234
2022-01-01 00:00:08.789,9,21,33,1,5921511,234
2022-01-01 00:00:08.790,8,21,25,0,4583644,234
2022-01-01 00:00:08.791,8,21,32,1,5801155,234
2022-01-01 00:00:08.792,9,21,32,1,5542933,234
2022-01-01 00:00:08.793,8,21,24,0,4037600,234
2022-01-01 00:00:08.794,8,21,29,1,5001244,234
2022-01-01 00:00:08.795,8,20,15,1,3109688,234
2022-01-01 00:00:08.796,8,12,1,0,6488,234
2022-01-01 00:00:08.797,9,18,5,0,696444,234
2022-01-01 00:00:08.798,8,11,2,0,19555,234
2022-01-01 00:00:08.799,9,21,1,0,14311,234
2022-01-01 00:00:08.800,8,20,40,2,7341244,234
2022-01-01 00:00:08.801,8,21,23,0,4594666,234
2022-01-01 00:00:08.802,9,21,33,2,6184444,234
2022-01-01 00:00:08.803,8,21,33,1,6495466,234
2022-01-01 00:00:08.804,8,21,23,1,4594577,234
2022-01-01 00:00:08.805,9,21,32,1,5713422,234
2022-01-01 00:00:08.806,8,21,31,0,5146488,234
2022-01-01 00:00:08.807,9,21,26,2,4907466,234
2022-01-01 00:00:08.808,8,21,27,1,5193866,234
2022-01-01 00:00:08.809,9,21,29,0,5455911,234
2022-01-01 00:00:08.810,8,21,31,0,4499111,234
2022-01-01 00:00:08.811,9,21,34,1,5519377,234
2022-01-01 00:00:08.812,8,21,32,1,5677688,234
2022-01-01 00:00:08.813,9,20,22,0,3140977,234
2022-01-01 00:00:08.814,9,12,1,0,6488,234
2022-01-01 00:00:08.815,9,19,5,0,435466,234
2022-01-01 00:00:08.816,9,18,6,1,384622,234
2022-01-01 00:00:08.817,8,2,1,0,5777,234
2022-01-01 00:00:08.818,8,12,1,0,6488,234
2022-01-01 00:00:08.819,9,19,6,0,718488,234
2022-01-01 00:00:08.820,8,20,32,2,6614844,234
2022-01-01 00:00:08.821,8,21,29,3,5813890,234
2022-01-01 00:00:08.822,9,21,32,1,5590382,234
2022-01-01 00:00:08.823,8,21,24,0,4183555,234
2022-01-01 00:00:08.824,8,21,24,0,4604888,234
2022-01-01 00:00:08.825,9,11,2,0,11200,234
2022-01-01 00:00:08.826,9,12,1,0,6488,234
2022-01-01 00:00:08.827,9,20,26,0,4952711,234
2022-01-01 00:00:08.828,9,20,18,0,3212977,234
2022-01-01 00:00:08.829,8,12,1,0,6488,234
2022-01-01 00:00:08.830,8,21,4,1,646311,234
2022-01-01 00:00:08.831,8,20,30,0,6531911,234
2022-01-01 00:00:08.832,8,21,29,1,4868266,234
2022-01-01 00:00:08.833,9,19,7,0,1159111,234
2022-01-01 00:00:08.834,8,12,1,0,6488,234
2022-01-01 00:00:08.835,8,21,3,0,632000,234
2022-01-01 00:00:08.836,8,13,5,0,179644,234
2022-01-01 00:00:08.837,8,19,5,0,725688,234
2022-01-01 00:00:08.838,9,0,1,0,5600,234
2022-01-01 00:00:08.839,8,21,7,1,1527200,234
2022-01-01 00:00:08.840,9,20,16,0,3143288,234
2022-01-01 00:00:08.841,8,20,17,0,3169866,234
2022-01-01 00:00:08.842,9,21,8,0,1575377,234
2022-01-01 00:00:08.843,9,20,26,1,5622044,234
2022-01-01 00:00:08.844,8,18,3,0,350666,234
2022-01-01 00:00:08.845,9,12,1,0,6488,234
2022-01-01 00:00:08.846,8,21,3,0,632000,234
2022-01-01 00:00:08.847,8,17,6,0,316355,234
2022-01-01 00:00:08.848,9,12,1,0,6488,234
2022-01-01 00:00:08.849,8,18,4,0,484533,234
2022-01-01 00:00:08.850,8,15,6,0,190933,234
2022-01-01 00:00:08.851,8,20,5,0,707200,234
2022-01-01 00:00:08.852,8,15,3,0,176711,234
2022-01-01 00:00:08.853,8,18,9,0,1321777,234
2022-01-01 00:00:08.854,8,20,26,1,5681258,234
2022-01-01 00:00:08.855,9,21,1,0,14311,234
2022-01-01 00:00:08.856,8,12,1,0,6488,234
2022-01-01 00:00:08.857,8,15,7,0,651111,234
2022-01-01 00:00:08.858,8,0,1,0,6488,234
2022-01-01 00:00:08.859,8,19,6,0,633422,234
2022-01-01 00:00:08.860,9,17,6,0,354755,234
2022-01-01 00:00:08.861,8,17,2,0,11200,234
2022-01-01 00:00:08.862,8,21,7,0,1289066,234
2022-01-01 00:00:08.863,8,20,11,0,2605066,234
2022-01-01 00:00:08.864,8,20,16,0,3027022,234
2022-01-01 00:00:08.865,8,12,1,0,6561,234
2022-01-01 00:00:08.866,8,17,5,0,498844,234
2022-01-01 00:00:08.867,9,17,4,0,251022,234
2022-01-01 00:00:08.868,8,12,1,0,6488,234
2022-01-01 00:00:08.869,8,21,2,0,339200,234
2022-01-01 00:00:08.870,9,20,12,0,1720355,234
2022-01-01 00:00:08.871,9,19,38,1,5732711,234
2022-01-01 00:00:08.872,8,20,1,0,12888,234
2022-01-01 00:00:08.873,8,12,1,0,6488,234
2022-01-01 00:00:08.874,8,19,4,0,410844,234
2022-01-01 00:00:08.875,9,19,32,1,4466488,234
2022-01-01 00:00:08.876,8,20,22,0,3912000,234
2022-01-01 00:00:08.877,9,0,1,0,12888,234
2022-01-01 00:00:08.878,9,12,1,0,6488,234
2022-01-01 00:00:08.879,8,21,2,0,426400,234
2022-01-01 00:00:08.880,9,16,7,0,268977,234
2022-01-01 00:00:08.881,8,21,3,0,625054,234
2022-01-01 00:00:08.882,7,16,6,0,358741,234
2022-01-01 00:00:08.883,7,19,9,0,1316355,234
2022-01-01 00:00:08.884,7,20,22,0,4828764,234
2022-01-01 00:00:08.885,7,19,6,0,861511,234
2022-01-01 00:00:08.886,7,12,1,0,6488,234
2022-01-01 00:00:08.887,7,16,10,0,679022,234
2022-01-01 00:00:08.888,7,19,25,0,4448703,234
2022-01-01 00:00:08.889,8,13,4,0,246741,234
2022-01-01 00:00:08.890,8,12,1,0,6561,234
2022-01-01 00:00:08.891,8,18,9,0,647912,234
2022-01-01 00:00:08.892,7,19,25,0,4165752,234
2022-01-01 00:00:08.893,7,21,17,0,4039200,234
2022-01-01 00:00:08.894,7,21,14,1,3281406,234
2022-01-01 00:00:08.895,7,21,13,0,3063200,234
2022-01-01 00:00:08.896,7,21,12,2,2851200,234
2022-01-01 00:00:08.897,7,21,15,0,3595415,234
2022-01-01 00:00:08.898,7,20,8,0,1671822,234
2022-01-01 00:00:08.899,8,12,1,0,6561,234
2022-01-01 00:00:08.900,8,20,6,0,745406,234
2022-01-01 00:00:08.901,8,15,3,0,91466,234
2022-01-01 00:00:08.902,9,19,2,0,112355,234
2022-01-01 00:00:08.903,7,19,2,0,83415,234
2022-01-01 00:00:08.904,8,19,11,0,1356533,234
2022-01-01 00:00:08.905,8,19,35,1,6137617,234
2022-01-01 00:00:08.906,8,21,18,2,4268266,234
2022-01-01 00:00:08.907,8,21,18,1,4251200,234
2022-01-01 00:00:08.908,8,21,14,1,3281406,234
2022-01-01 00:00:08.909,8,21,24,0,5032533,234
2022-01-01 00:00:08.910,8,21,16,0,3827056,234
2022-01-01 00:00:08.911,8,21,18,0,4251200,234
2022-01-01 00:00:08.912,8,21,20,0,4666021,234
2022-01-01 00:00:08.913,8,20,17,1,3814488,234
2022-01-01 00:00:08.914,8,20,14,0,3127910,234
2022-01-01 00:00:08.915,8,20,22,0,4718241,234
2022-01-01 00:00:08.916,8,21,22,0,5210133,234
2022-01-01 00:00:08.917,9,21,16,0,3801600,234
2022-01-01 00:00:08.918,8,20,18,1,4035022,234
2022-01-01 00:00:08.919,8,21,16,1,3835685,234
2022-01-01 00:00:08.920,8,21,18,0,4204483,234
2022-01-01 00:00:08.921,8,21,19,0,4497333,234
2022-01-01 00:00:08.922,8,19,28,0,4989573,234
2022-01-01 00:00:08.923,9,18,20,0,2206844,234
2022-01-01 00:00:08.924,7,12,1,0,6561,234
2022-01-01 00:00:08.925,7,15,6,0,515685,234
2022-01-01 00:00:08.926,7,12,3,0,102593,234
2022-01-01 00:00:08.927,7,15,7,0,724800,234
2022-01-01 00:00:08.928,7,19,14,0,2795415,234
2022-01-01 00:00:08.929,8,20,23,0,4999648,234
2022-01-01 00:00:08.930,7,20,17,1,4039200,234
2022-01-01 00:00:08.931,7,19,31,1,6184888,234
2022-01-01 00:00:08.932,7,20,19,0,4437866,234
2022-01-01 00:00:08.933,8,17,4,0,687288,234
2022-01-01 00:00:08.934,7,0,1,0,6488,234
2022-01-01 00:00:08.935,7,18,5,0,641333,234
2022-01-01 00:00:08.936,7,11,2,0,12088,234
2022-01-01 00:00:08.937,7,18,4,0,637600,234
2022-01-01 00:00:08.938,7,14,4,0,232622,234
2022-01-01 00:00:08.939,8,19,8,0,1314488,234
2022-01-01 00:00:08.940,7,20,22,1,5120800,234
2022-01-01 00:00:08.941,7,18,4,0,531555,234
2022-01-01 00:00:08.942,7,0,1,0,6488,234
2022-01-01 00:00:08.943,7,21,2,0,426400,234
2022-01-01 00:00:08.944,7,15,5,0,336977,234
2022-01-01 00:00:08.945,7,12,1,0,6488,234
2022-01-01 00:00:08.946,7,15,2,0,73066,234
2022-01-01 00:00:08.947,7,19,2,0,334933,234
2022-01-01 00:00:08.948,7,19,20,0,3873066,234
2022-01-01 00:00:08.949,8,20,20,0,3886666,234
2022-01-01 00:00:08.950,7,21,13,1,3080266,234
2022-01-01 00:00:08.951,7,21,13,1,3088800,234
2022-01-01 00:00:08.952,7,20,14,0,3122400,234
2022-01-01 00:00:08.953,7,20,17,0,3937333,234
2022-01-01 00:00:08.954,7,20,11,0,2520000,234
2022-01-01 00:00:08.955,7,20,16,0,3707733,234
2022-01-01 00:00:08.956,7,21,13,0,3080266,234
2022-01-01 00:00:08.957,7,21,15,0,3555466,234
2022-01-01 00:00:08.958,8,21,12,0,2851200,234
2022-01-01 00:00:08.959,7,19,9,0,1756355,234
2022-01-01 00:00:08.960,8,0,1,0,5600,234
2022-01-01 00:00:08.961,7,16,1,0,6417,234
2022-01-01 00:00:08.962,8,12,2,0,73066,234
2022-01-01 00:00:08.963,7,19,11,0,1691822,234
2022-01-01 00:00:08.964,7,20,33,1,5832266,234
2022-01-01 00:00:08.965,7,20,14,0,2944355,234
2022-01-01 00:00:08.966,8,21,16,0,3577244,234
2022-01-01 00:00:08.967,7,21,14,0,3292266,234
2022-01-01 00:00:08.968,8,21,14,0,3077511,234
2022-01-01 00:00:08.969,7,20,11,1,2494400,234
2022-01-01 00:00:08.970,7,20,17,0,3851733,234
2022-01-01 00:00:08.971,7,20,12,0,2851200,234
2022-01-01 00:00:08.972,7,15,3,0,193600,234
2022-01-01 00:00:08.973,7,12,1,0,6488,234
2022-01-01 00:00:08.974,7,17,3,0,336533,234
2022-01-01 00:00:08.975,7,19,3,0,150844,234
2022-01-01 00:00:08.976,7,19,29,0,4895466,234
2022-01-01 00:00:08.977,7,19,12,0,2608711,234
2022-01-01 00:00:08.978,7,8,1,0,13955,234
2022-01-01 00:00:08.979,7,7,1,0,7911,234
2022-01-01 00:00:08.980,7,12,1,0,6488,234
2022-01-01 00:00:08.981,7,18,4,0,412266,234
2022-01-01 00:00:08.982,7,11,1,0,5600,234
2022-01-01 00:00:08.983,7,20,26,0,5031644,234
2022-01-01 00:00:08.984,7,19,9,1,1745707,234
2022-01-01 00:00:08.985,8,14,1,0,8266,234
2022-01-01 00:00:08.986,7,12,1,0,6488,234
2022-01-01 00:00:08.987,7,20,2,0,334933,234
2022-01-01 00:00:08.988,7,16,3,0,77955,234
2022-01-01 00:00:08.989,7,18,6,0,1087466,234
2022-01-01 00:00:08.990,7,20,7,1,1134488,234
2022-01-01 00:00:08.991,7,14,1,0,8266,234
2022-01-01 00:00:08.992,9,12,1,0,6488,234
2022-01-01 00:00:08.993,8,20,2,0,339200,234
2022-01-01 00:00:08.994,8,19,15,1,2281244,234
2022-01-01 00:00:08.995,9,20,2,0,56629,234
2022-01-01 00:00:08.996,8,12,1,0,6488,234
2022-01-01 00:00:08.997,9,21,2,0,339200,234
2022-01-01 00:00:08.998,9,21,7,0,1352800,234
2022-01-01 00:00:08.999,8,20,17,2,2922933,234
2022-01-01 00:00:09.000,8,19,27,0,4065777,234
2022-01-01 00:00:09.001,9,15,11,0,1346755,234
2022-01-01 00:00:09.002,8,11,1,0,5600,234
2022-01-01 00:00:09.003,8,13,2,0,14755,234
2022-01-01 00:00:09.004,8,19,3,0,410933,234
2022-01-01 00:00:09.005,8,20,17,1,3188444,234
2022-01-01 00:00:09.006,8,20,30,1,4751288,234
2022-01-01 00:00:09.007,8,20,24,0,5254400,234
2022-01-01 00:00:09.008,9,21,16,0,3793066,234
2022-01-01 00:00:09.009,8,21,18,2,4044977,234
2022-01-01 00:00:09.010,9,21,21,0,4766311,234
2022-01-01 00:00:09.011,8,21,20,0,4520177,234
2022-01-01 00:00:09.012,8,20,18,1,4027911,234
2022-01-01 00:00:09.013,8,20,3,0,360622,234
2022-01-01 00:00:09.014,8,14,1,0,8266,234
2022-01-01 00:00:09.015,8,14,1,0,8266,234
2022-01-01 00:00:09.016,9,12,1,0,6488,234
2022-01-01 00:00:09.017,9,21,2,0,330933,234
2022-01-01 00:00:09.018,8,17,3,0,75111,234
2022-01-01 00:00:09.019,9,11,1,0,5600,234
2022-01-01 00:00:09.020,9,20,30,1,5848177,234
2022-01-01 00:00:09.021,8,20,13,0,2328622,234
2022-01-01 00:00:09.022,9,0,1,0,8266,234
2022-01-01 00:00:09.023,8,12,1,0,6488,234
2022-01-01 00:00:09.024,8,18,4,0,416533,234
2022-01-01 00:00:09.025,9,11,1,0,5600,234
2022-01-01 00:00:09.026,8,20,11,0,2036711,234
2022-01-01 00:00:09.027,8,19,39,2,6725155,234
2022-01-01 00:00:09.028,8,15,1,0,19288,234
2022-01-01 00:00:09.029,8,12,1,0,6488,234
2022-01-01 00:00:09.030,9,19,11,0,1672000,234
2022-01-01 00:00:09.031,8,19,40,1,7444711,234
2022-01-01 00:00:09.032,9,20,16,1,3395377,234
2022-01-01 00:00:09.033,8,20,1,0,12888,234
2022-01-01 00:00:09.034,8,6,1,0,6666,234
2022-01-01 00:00:09.035,8,18,2,0,332800,234
2022-01-01 00:00:09.036,9,20,12,1,1355377,234
2022-01-01 00:00:09.037,9,18,30,1,4949511,234
2022-01-01 00:00:09.038,8,20,39,0,5712977,234
2022-01-01 00:00:09.039,8,20,3,0,180355,234
2022-01-01 00:00:09.040,8,11,1,0,5600,234
2022-01-01 00:00:09.041,8,7,1,0,7911,234
2022-01-01 00:00:09.042,9,12,1,0,6488,234
2022-01-01 00:00:09.043,8,20,2,0,334933,234
2022-01-01 00:00:09.044,9,11,2,0,77333,234
2022-01-01 00:00:09.045,8,21,1,0,5600,234
2022-01-01 00:00:09.046,9,20,25,0,4556888,234
2022-01-01 00:00:09.047,9,12,2,0,20800,234
2022-01-01 00:00:09.048,9,12,1,0,6488,234
2022-01-01 00:00:09.049,8,16,5,0,410400,234
2022-01-01 00:00:09.050,8,11,1,0,5600,234
2022-01-01 00:00:09.051,9,0,1,0,8266,234
2022-01-01 00:00:09.052,9,20,12,0,2521777,234
2022-01-01 00:00:09.053,8,18,17,1,2071200,234
2022-01-01 00:00:09.054,9,11,1,0,5600,234
2022-01-01 00:00:09.055,8,16,2,0,249066,234
2022-01-01 00:00:09.056,8,14,4,0,200533,234
2022-01-01 00:00:09.057,9,20,20,0,3862133,234
2022-01-01 00:00:09.058,9,14,1,0,8266,234
2022-01-01 00:00:09.059,9,2,1,0,5777,234
2022-01-01 00:00:09.060,9,16,5,0,337422,234
2022-01-01 00:00:09.061,9,19,1,0,48800,234
2022-01-01 00:00:09.062,8,12,1,0,6488,234
2022-01-01 00:00:09.063,9,11,1,0,5600,234
2022-01-01 00:00:09.064,9,20,3,0,479555,234
2022-01-01 00:00:09.065,8,20,9,0,1258488,234
2022-01-01 00:00:09.066,9,21,2,0,407200,234
2022-01-01 00:00:09.067,9,20,18,1,3149688,234
2022-01-01 00:00:09.068,8,17,9,0,1029066,234
2022-01-01 00:00:09.069,8,2,1,0,5777,234
2022-01-01 00:00:09.070,9,12,1,0,6488,234
2022-01-01 00:00:09.071,8,17,6,0,503644,234
2022-01-01 00:00:09.072,9,15,3,0,168888,234
2022-01-01 00:00:09.073,9,18,7,0,709600,234
2022-01-01 00:00:09.074,8,18,11,0,1457066,234
2022-01-01 00:00:09.075,9,20,19,1,3923200,234
2022-01-01 00:00:09.076,8,17,10,1,1734222,234
2022-01-01 00:00:09.077,8,14,1,0,8266,234
2022-01-01 00:00:09.078,9,3,1,0,7555,234
2022-01-01 00:00:09.079,9,14,1,0,8266,234
2022-01-01 00:00:09.080,8,20,4,0,506044,234
2022-01-01 00:00:09.081,8,18,2,0,239822,234
2022-01-01 00:00:09.082,9,12,1,0,6488,234
2022-01-01 00:00:09.083,8,14,8,0,672266,234
2022-01-01 00:00:09.084,8,0,1,0,6488,234
2022-01-01 00:00:09.085,8,17,6,0,719200,234
2022-01-01 00:00:09.086,9,17,11,1,1458400,234
2022-01-01 00:00:09.087,9,20,25,0,4851822,234
2022-01-01 00:00:09.088,8,11,7,0,809422,234
2022-01-01 00:00:09.089,9,12,1,0,6488,234
2022-01-01 00:00:09.090,8,20,2,0,420000,234
2022-01-01 00:00:09.091,8,16,6,0,350222,234
2022-01-01 00:00:09.092,8,0,1,0,10755,234
2022-01-01 00:00:09.093,8,12,1,0,6488,234
2022-01-01 00:00:09.094,9,12,1,0,20000,234
2022-01-01 00:00:09.095,8,16,3,0,349066,234
2022-01-01 00:00:09.096,8,19,17,0,3317600,234
2022-01-01 00:00:09.097,9,20,25,0,4677511,234
2022-01-01 00:00:09.098,8,8,1,0,13955,234
2022-01-01 00:00:09.099,9,12,1,0,6488,234
2022-01-01 00:00:09.100,8,0,1,0,20000,234
2022-01-01 00:00:09.101,9,17,3,0,344800,234
2022-01-01 00:00:09.102,9,20,17,0,3430488,234
2022-01-01 00:00:09.103,9,0,1,0,8266,234
2022-01-01 00:00:09.104,9,14,1,0,8266,234
2022-01-01 00:00:09.105,8,6,1,0,6666,233
2022-01-01 00:00:09.106,8,11,11,1,655200,233
2022-01-01 00:00:09.107,8,6,1,1,6666,233
2022-01-01 00:00:09.108,8,10,7,1,630844,233
2022-01-01 00:00:09.109,8,7,7,1,245066,233
2022-01-01 00:00:09.110,7,11,12,0,1281777,233
2022-01-01 00:00:09.111,8,16,34,4,5616444,233
2022-01-01 00:00:09.112,9,6,1,0,17155,233
2022-01-01 00:00:09.113,9,6,1,0,6666,233
2022-01-01 00:00:09.114,9,14,6,1,498844,233
2022-01-01 00:00:09.115,8,11,7,0,254311,233
2022-01-01 00:00:09.116,9,12,1,1,6488,233
2022-01-01 00:00:09.117,8,13,8,1,643076,233
2022-01-01 00:00:09.118,8,12,1,0,6561,233
2022-01-01 00:00:09.119,9,13,7,0,704266,233
2022-01-01 00:00:09.120,8,9,7,0,197955,233
2022-01-01 00:00:09.121,8,11,12,0,1267692,233
2022-01-01 00:00:09.122,8,11,58,0,5631384,233
2022-01-01 00:00:09.123,8,9,1,0,15733,233
2022-01-01 00:00:09.124,9,12,1,0,6561,233
2022-01-01 00:00:09.125,8,10,9,1,517538,233
2022-01-01 00:00:09.126,8,13,38,2,4745955,233
2022-01-01 00:00:09.127,8,5,2,0,11200,233
2022-01-01 00:00:09.128,9,6,1,0,6666,233
2022-01-01 00:00:09.129,8,10,11,0,656988,233
2022-01-01 00:00:09.130,8,4,1,0,6945,233
2022-01-01 00:00:09.131,8,13,6,0,630488,233
2022-01-01 00:00:09.132,9,12,6,0,250577,233
2022-01-01 00:00:09.133,9,13,9,0,1296719,233
2022-01-01 00:00:09.134,7,11,63,3,5979428,233
2022-01-01 00:00:09.135,8,11,48,0,4539911,233
2022-01-01 00:00:09.136,7,10,2,1,16888,233
2022-01-01 00:00:09.137,8,6,1,0,6593,233
2022-01-01 00:00:09.138,8,11,6,1,411555,233
2022-01-01 00:00:09.139,7,8,6,2,261932,233
2022-01-01 00:00:09.140,7,11,9,1,840263,233
2022-01-01 00:00:09.141,7,10,17,0,1302844,233
2022-01-01 00:00:09.142,7,11,44,6,4548266,233
2022-01-01 00:00:09.143,6,7,21,3,1171822,233
2022-01-01 00:00:09.144,8,6,1,0,6666,233
2022-01-01 00:00:09.145,8,11,6,3,495377,233
2022-01-01 00:00:09.146,7,8,5,1,247733,233
2022-01-01 00:00:09.147,8,11,1,0,5600,233
2022-01-01 00:00:09.148,7,7,4,0,248177,233
2022-01-01 00:00:09.149,7,8,3,0,78488,233
2022-01-01 00:00:09.150,7,10,12,3,1128177,233
2022-01-01 00:00:09.151,5,6,38,4,2526577,233
2022-01-01 00:00:09.152,6,6,27,2,1480266,233
2022-01-01 00:00:09.153,7,4,1,0,9333,233
2022-01-01 00:00:09.154,7,4,2,0,7022,233
2022-01-01 00:00:09.155,7,7,8,1,412622,233
2022-01-01 00:00:09.156,7,5,1,0,5600,233
2022-01-01 00:00:09.157,7,10,4,0,372266,233
2022-01-01 00:00:09.158,6,6,22,2,1390577,233
2022-01-01 00:00:09.159,7,9,34,2,2824177,233
2022-01-01 00:00:09.160,6,6,32,2,2027022,233
2022-01-01 00:00:09.161,6,8,40,1,2840177,233
2022-01-01 00:00:09.162,6,5,35,4,1644711,233
2022-01-01 00:00:09.163,6,5,40,3,2006488,233
2022-01-01 00:00:09.164,7,4,8,0,276711,233
2022-01-01 00:00:09.165,8,3,1,0,5600,233
2022-01-01 00:00:09.166,8,0,1,0,7911,233
2022-01-01 00:00:09.167,7,6,1,0,6666,233
2022-01-01 00:00:09.168,8,8,8,1,416355,233
2022-01-01 00:00:09.169,7,5,1,0,5600,233
2022-01-01 00:00:09.170,8,4,3,0,66577,233
2022-01-01 00:00:09.171,8,10,6,0,506311,233
2022-01-01 00:00:09.172,7,10,2,0,143288,233
2022-01-01 00:00:09.173,7,10,17,2,1394044,233
2022-01-01 00:00:09.174,6,7,55,2,3761333,233
2022-01-01 00:00:09.175,6,8,31,3,2239911,233
2022-01-01 00:00:09.176,6,7,41,3,2841066,233
2022-01-01 00:00:09.177,5,4,46,3,2060355,233
2022-01-01 00:00:09.178,6,4,38,1,1430666,233
2022-01-01 00:00:09.179,6,5,40,1,2209244,233
2022-01-01 00:00:09.180,7,6,51,3,3139466,233
2022-01-01 00:00:09.181,6,6,35,2,2052088,233
2022-01-01 00:00:09.182,7,6,10,0,471555,233
2022-01-01 00:00:09.183,8,6,1,0,6666,233
2022-01-01 00:00:09.184,7,6,8,0,333688,233
2022-01-01 00:00:09.185,8,5,4,0,87822,233
2022-01-01 00:00:09.186,8,6,2,0,72177,233
2022-01-01 00:00:09.187,8,9,8,0,736000,233
2022-01-01 00:00:09.188,7,10,18,0,1539555,233
2022-01-01 00:00:09.189,7,9,39,4,3360977,233
2022-01-01 00:00:09.190,6,6,39,4,2242933,233
2022-01-01 00:00:09.191,7,6,5,0,253244,233
2022-01-01 00:00:09.192,8,6,1,0,6666,233
2022-01-01 00:00:09.193,7,8,5,0,330755,233
2022-01-01 00:00:09.194,8,5,4,0,89600,233
2022-01-01 00:00:09.195,8,8,3,0,191733,233
2022-01-01 00:00:09.196,8,5,3,0,54755,233
2022-01-01 00:00:09.197,8,10,10,0,900622,233
2022-01-01 00:00:09.198,8,11,15,1,1547644,233
2022-01-01 00:00:09.199,7,10,10,1,858311,233
2022-01-01 00:00:09.200,7,9,54,3,4479644,233
2022-01-01 00:00:09.201,7,8,9,2,615022,233
2022-01-01 00:00:09.202,8,11,1,0,5600,233
2022-01-01 00:00:09.203,8,7,1,0,7911,233
2022-01-01 00:00:09.204,7,6,1,0,6666,233
2022-01-01 00:00:09.205,7,7,10,2,408711,233
2022-01-01 00:00:09.206,7,5,2,0,14222,233
2022-01-01 00:00:09.207,7,8,4,0,199644,233
2022-01-01 00:00:09.208,8,7,1,0,48800,233
2022-01-01 00:00:09.209,7,5,1,0,5600,233
2022-01-01 00:00:09.210,7,10,10,0,909866,233
2022-01-01 00:00:09.211,7,10,17,3,1534311,233
2022-01-01 00:00:09.212,6,5,33,3,1912266,233
2022-01-01 00:00:09.213,6,5,39,3,2127022,233
2022-01-01 00:00:09.214,6,4,28,6,1296000,233
2022-01-01 00:00:09.215,7,4,16,2,629333,233
2022-01-01 00:00:09.216,7,5,2,0,14222,233
2022-01-01 00:00:09.217,8,0,1,0,8622,233
2022-01-01 00:00:09.218,7,6,1,0,6666,233
2022-01-01 00:00:09.219,7,6,6,1,330488,233
2022-01-01 00:00:09.220,7,5,3,0,90400,233
2022-01-01 00:00:09.221,8,10,11,0,960088,233
2022-01-01 00:00:09.222,6,6,24,0,1552177,233
2022-01-01 00:00:09.223,7,8,20,2,1553066,233
2022-01-01 00:00:09.224,6,5,33,7,1870311,233
2022-01-01 00:00:09.225,6,8,32,4,2230311,233
2022-01-01 00:00:09.226,6,6,8,2,506666,233
2022-01-01 00:00:09.227,8,3,2,0,21333,233
2022-01-01 00:00:09.228,7,0,1,0,622,233
2022-01-01 00:00:09.229,7,6,1,0,6666,233
2022-01-01 00:00:09.230,6,7,8,1,414400,233
2022-01-01 00:00:09.231,7,0,1,0,5600,233
2022-01-01 00:00:09.232,7,10,10,0,956266,233
2022-01-01 00:00:09.233,7,7,20,0,1345777,233
2022-01-01 00:00:09.234,7,10,17,1,1520977,233
2022-01-01 00:00:09.235,5,4,39,2,1869244,233
2022-01-01 00:00:09.236,6,5,46,2,2216800,233
2022-01-01 00:00:09.237,5,3,21,2,761155,233
2022-01-01 00:00:09.238,7,3,2,0,19911,233
2022-01-01 00:00:09.239,8,5,1,0,5600,233
2022-01-01 00:00:09.240,8,6,1,0,6666,233
2022-01-01 00:00:09.241,8,9,4,0,332977,233
2022-01-01 00:00:09.242,7,5,5,1,95377,233
2022-01-01 00:00:09.243,7,10,10,0,942044,233
2022-01-01 00:00:09.244,8,10,17,2,1547822,233
2022-01-01 00:00:09.245,6,6,17,2,1142844,233
2022-01-01 00:00:09.246,5,4,41,0,1860177,233
2022-01-01 00:00:09.247,5,2,38,3,1282311,233
2022-01-01 00:00:09.248,5,2,36,1,877511,233
2022-01-01 00:00:09.249,5,1,31,7,745688,233
2022-01-01 00:00:09.250,7,0,1,0,17866,233
2022-01-01 00:00:09.251,8,7,1,0,7911,233
2022-01-01 00:00:09.252,7,6,1,0,6666,233
2022-01-01 00:00:09.253,7,6,6,1,329955,233
2022-01-01 00:00:09.254,6,5,4,1,91911,233
2022-01-01 00:00:09.255,7,6,1,0,61600,233
2022-01-01 00:00:09.256,8,0,1,0,5600,233
2022-01-01 00:00:09.257,7,10,10,0,916266,233
2022-01-01 00:00:09.258,6,5,28,3,1554133,233
2022-01-01 00:00:09.259,6,10,31,2,2909777,233
2022-01-01 00:00:09.260,6,4,31,1,1430666,233
2022-01-01 00:00:09.261,6,5,35,5,1531644,233
2022-01-01 00:00:09.262,6,6,2,0,89600,233
2022-01-01 00:00:09.263,8,6,1,0,6666,233
2022-01-01 00:00:09.264,8,8,10,0,414844,233
2022-01-01 00:00:09.265,9,7,3,0,74844,233
2022-01-01 00:00:09.266,8,11,1,0,5600,233
2022-01-01 00:00:09.267,8,11,10,0,674133,233
2022-01-01 00:00:09.268,9,11,15,0,1505866,233
2022-01-01 00:00:09.269,8,11,19,1,1940000,233
2022-01-01 00:00:09.270,6,6,71,0,4502577,233
2022-01-01 00:00:09.271,7,6,44,0,2602577,233
2022-01-01 00:00:09.272,9,9,15,0,1214844,233
2022-01-01 00:00:09.273,8,6,1,0,6666,233
2022-01-01 00:00:09.274,8,9,8,0,415466,233
2022-01-01 00:00:09.275,8,11,4,0,232355,233
2022-01-01 00:00:09.276,9,12,6,0,491555,233
2022-01-01 00:00:09.277,8,10,16,0,1427555,233
2022-01-01 00:00:09.278,8,11,48,1,4618311,233
2022-01-01 00:00:09.279,7,8,59,1,4211466,233
2022-01-01 00:00:09.280,7,6,35,0,2030755,233
2022-01-01 00:00:09.281,8,6,2,0,6577,233
2022-01-01 00:00:09.282,8,9,4,0,332977,233
2022-01-01 00:00:09.283,8,6,4,0,89955,233
2022-01-01 00:00:09.284,9,11,1,0,68888,233
2022-01-01 00:00:09.285,8,11,1,0,5600,233
2022-01-01 00:00:09.286,9,11,2,0,58666,233
2022-01-01 00:00:09.287,8,6,2,0,46222,233
2022-01-01 00:00:09.288,8,6,1,0,6666,233
2022-01-01 00:00:09.289,8,10,7,0,420355,233
2022-01-01 00:00:09.290,8,10,5,0,245600,233
2022-01-01 00:00:09.291,8,12,4,0,380800,233
2022-01-01 00:00:09.292,7,8,18,0,1536177,233
2022-01-01 00:00:09.293,7,7,52,2,3569688,233
2022-01-01 00:00:09.294,8,8,13,0,609955,233
2022-01-01 00:00:09.295,9,0,1,0,5600,233
2022-01-01 00:00:09.296,9,7,1,0,7911,233
2022-01-01 00:00:09.297,9,7,1,0,7911,233
2022-01-01 00:00:09.298,9,6,1,0,6666,233
2022-01-01 00:00:09.299,9,11,6,0,415644,233
2022-01-01 00:00:09.300,8,9,1,0,5600,233
2022-01-01 00:00:09.301,8,11,8,0,650133,233
2022-01-01 00:00:09.302,8,11,33,1,3082577,233
2022-01-01 00:00:09.303,8,10,30,1,2629333,233
2022-01-01 00:00:09.304,9,12,1,0,6488,233
2022-01-01 00:00:09.305,7,6,9,0,420533,233
2022-01-01 00:00:09.306,8,8,1,0,5600,233
2022-01-01 00:00:09.307,8,9,8,1,716088,233
2022-01-01 00:00:09.308,8,10,18,0,1543822,233
2022-01-01 00:00:09.309,6,6,62,1,4055200,233
2022-01-01 00:00:09.310,7,2,21,0,325777,233
2022-01-01 00:00:09.311,8,6,1,0,6666,233
2022-01-01 00:00:09.312,9,11,4,0,336000,233
2022-01-01 00:00:09.313,7,6,3,0,92355,233
2022-01-01 00:00:09.314,8,11,7,0,642755,233
2022-01-01 00:00:09.315,7,10,16,1,1506133,233
2022-01-01 00:00:09.316,8,10,19,0,1749600,233
2022-01-01 00:00:09.317,7,7,35,2,2444533,233
2022-01-01 00:00:09.318,8,3,1,0,5600,233
2022-01-01 00:00:09.319,9,6,2,0,14577,233
2022-01-01 00:00:09.320,8,7,9,0,414311,233
2022-01-01 00:00:09.321,8,6,1,0,5600,233
2022-01-01 00:00:09.322,7,5,3,0,71200,233
2022-01-01 00:00:09.323,8,10,7,1,644355,233
2022-01-01 00:00:09.324,7,9,16,1,1389511,233
2022-01-01 00:00:09.325,7,10,10,2,820088,233
2022-01-01 00:00:09.326,6,8,38,7,3098844,233
2022-01-01 00:00:09.327,7,6,12,1,773333,233
2022-01-01 00:00:09.328,7,5,1,0,8622,233
2022-01-01 00:00:09.329,8,6,1,0,6666,233
2022-01-01 00:00:09.330,7,4,8,1,335822,233
2022-01-01 00:00:09.331,6,1,5,0,91111,233
2022-01-01 00:00:09.332,7,8,1,0,66577,233
2022-01-01 00:00:09.333,7,5,1,0,5600,233
2022-01-01 00:00:09.334,8,10,6,0,458488,233
2022-01-01 00:00:09.335,7,6,1,0,6666,233
2022-01-01 00:00:09.336,7,7,7,2,405244,233
2022-01-01 00:00:09.337,6,2,2,0,22933,233
2022-01-01 00:00:09.338,6,10,10,2,930666,233
2022-01-01 00:00:09.339,7,9,19,6,1535022,233
2022-01-01 00:00:09.340,6,10,19,8,1771644,233
2022-01-01 00:00:09.341,6,4,32,5,1279288,233
2022-01-01 00:00:09.342,6,5,34,7,1946133,233
2022-01-01 00:00:09.343,5,4,10,0,407644,233
2022-01-01 00:00:09.344,7,6,1,0,6666,233
2022-01-01 00:00:09.345,8,8,3,0,166133,233
2022-01-01 00:00:09.346,7,6,4,0,244800,233
2022-01-01 00:00:09.347,7,8,9,4,579644,233
2022-01-01 00:00:09.348,8,10,10,1,930666,233
2022-01-01 00:00:09.349,6,7,12,4,908800,233
2022-01-01 00:00:09.350,6,9,22,11,1811022,233
2022-01-01 00:00:09.351,6,4,33,3,1435466,233
2022-01-01 00:00:09.352,5,2,30,3,979377,233
2022-01-01 00:00:09.353,6,3,33,4,1226044,233
2022-01-01 00:00:09.354,6,3,10,0,270755,233
2022-01-01 00:00:09.355,7,4,1,0,7022,233
2022-01-01 00:00:09.356,7,6,4,0,212266,233
2022-01-01 00:00:09.357,7,4,6,0,205155,233
2022-01-01 00:00:09.358,7,4,16,1,614400,233
2022-01-01 00:00:09.359,8,6,23,0,1508177,233
2022-01-01 00:00:09.360,6,4,2,1,28266,233
2022-01-01 00:00:09.361,8,6,1,0,6666,233
2022-01-01 00:00:09.362,8,10,6,0,413866,233
2022-01-01 00:00:09.363,8,6,10,0,252177,233
2022-01-01 00:00:09.364,8,6,13,1,703911,233
2022-01-01 00:00:09.365,8,6,4,0,155911,233
2022-01-01 00:00:09.366,7,6,23,0,1285511,233
2022-01-01 00:00:09.367,7,8,65,1,4823911,233
2022-01-01 00:00:09.368,8,6,14,0,825955,233
2022-01-01 00:00:09.369,8,6,1,0,6666,233
2022-01-01 00:00:09.370,8,10,6,1,412444,233
2022-01-01 00:00:09.371,8,8,9,0,329333,233
2022-01-01 00:00:09.372,8,0,1,0,6488,243
2022-01-01 00:00:09.373,7,13,3,1,410933,243
2022-01-01 00:00:09.374,8,10,6,1,269688,243
2022-01-01 00:00:09.375,7,12,8,3,704444,243
2022-01-01 00:00:09.376,9,13,4,1,161066,243
2022-01-01 00:00:09.377,8,16,9,0,1280000,243
2022-01-01 00:00:09.378,8,15,14,3,1696711,243
2022-01-01 00:00:09.379,5,10,42,7,4007466,243
2022-01-01 00:00:09.380,9,0,1,0,6666,243
2022-01-01 00:00:09.381,7,12,7,1,422933,243
2022-01-01 00:00:09.382,7,13,30,2,3597066,243
2022-01-01 00:00:09.383,6,11,52,2,5326133,243
2022-01-01 00:00:09.384,6,11,36,6,3438933,243
2022-01-01 00:00:09.385,7,13,39,2,4912711,243
2022-01-01 00:00:09.386,6,11,37,4,3456622,243
2022-01-01 00:00:09.387,7,11,40,4,4215466,243
2022-01-01 00:00:09.388,7,11,24,3,2365511,243
2022-01-01 00:00:09.389,8,12,1,0,6488,243
2022-01-01 00:00:09.390,8,13,7,1,635200,243
2022-01-01 00:00:09.391,8,10,3,1,88444,243
2022-01-01 00:00:09.392,8,11,2,0,134400,243
2022-01-01 00:00:09.393,6,11,66,10,7050044,243
2022-01-01 00:00:09.394,6,11,36,8,3019200,243
2022-01-01 00:00:09.395,6,11,41,4,3803644,243
2022-01-01 00:00:09.396,7,13,39,5,4307733,243
2022-01-01 00:00:09.397,7,13,42,6,4629066,243
2022-01-01 00:00:09.398,6,11,41,2,3970577,243
2022-01-01 00:00:09.399,7,12,39,1,4225333,243
2022-01-01 00:00:09.400,7,11,40,1,4180977,243
2022-01-01 00:00:09.401,7,11,37,3,4015733,243
2022-01-01 00:00:09.402,7,12,50,1,4256888,243
2022-01-01 00:00:09.403,7,14,38,4,5242400,243
2022-01-01 00:00:09.404,7,12,43,2,4747555,243
2022-01-01 00:00:09.405,7,13,35,3,4703466,243
2022-01-01 00:00:09.406,7,12,30,3,3845511,243
2022-01-01 00:00:09.407,6,10,48,2,3984711,243
2022-01-01 00:00:09.408,7,13,41,1,4732444,243
2022-01-01 00:00:09.409,6,11,45,1,4142488,243
2022-01-01 00:00:09.410,6,11,37,3,3908711,243
2022-01-01 00:00:09.411,6,11,40,1,3889600,243
2022-01-01 00:00:09.412,7,11,39,4,4078488,243
2022-01-01 00:00:09.413,7,11,8,2,835377,243
2022-01-01 00:00:09.414,8,9,1,0,15733,243
2022-01-01 00:00:09.415,8,12,1,0,6488,243
2022-01-01 00:00:09.416,7,11,11,2,699022,243
2022-01-01 00:00:09.417,8,11,3,0,117422,243
2022-01-01 00:00:09.418,8,12,1,1,6488,243
2022-01-01 00:00:09.419,9,13,6,0,628888,243
2022-01-01 00:00:09.420,8,13,30,1,3613333,243
2022-01-01 00:00:09.421,7,11,48,3,5133333,243
2022-01-01 00:00:09.422,7,11,41,2,4378933,243
2022-01-01 00:00:09.423,7,11,36,2,3585244,243
2022-01-01 00:00:09.424,7,10,46,4,4070933,243
2022-01-01 00:00:09.425,7,10,42,1,3656177,243
2022-01-01 00:00:09.426,6,9,31,2,2475022,243
2022-01-01 00:00:09.427,8,0,1,0,12177,243
2022-01-01 00:00:09.428,6,6,1,0,6666,243
2022-01-01 00:00:09.429,6,7,11,1,652533,243
2022-01-01 00:00:09.430,6,0,1,0,6666,243
2022-01-01 00:00:09.431,6,7,10,2,632000,243
2022-01-01 00:00:09.432,6,5,8,0,236088,243
2022-01-01 00:00:09.433,6,7,18,0,1287644,243
2022-01-01 00:00:09.434,7,10,19,2,1624977,243
2022-01-01 00:00:09.435,5,10,30,6,2871644,243
2022-01-01 00:00:09.436,6,7,18,3,1166400,243
2022-01-01 00:00:09.437,7,6,1,0,6666,243
2022-01-01 00:00:09.438,7,9,7,1,416800,243
2022-01-01 00:00:09.439,7,7,8,0,338311,243
2022-01-01 00:00:09.440,7,6,1,0,6666,243
2022-01-01 00:00:09.441,6,6,13,1,660000,243
2022-01-01 00:00:09.442,7,5,2,0,7377,243
2022-01-01 00:00:09.443,6,9,8,2,632000,243
2022-01-01 00:00:09.444,6,5,8,1,257244,243
2022-01-01 00:00:09.445,6,10,14,2,1281422,243
2022-01-01 00:00:09.446,6,10,40,5,3797511,243
2022-01-01 00:00:09.447,6,6,26,4,1689244,243
2022-01-01 00:00:09.448,6,8,6,1,353600,243
2022-01-01 00:00:09.449,7,6,1,0,6666,243
2022-01-01 00:00:09.450,7,9,5,2,413955,243
2022-01-01 00:00:09.451,6,6,11,0,340888,243
2022-01-01 00:00:09.452,7,6,1,0,6593,243
2022-01-01 00:00:09.453,6,9,5,1,417168,243
2022-01-01 00:00:09.454,6,6,8,0,244177,243
2022-01-01 00:00:09.455,6,8,13,1,725422,243
2022-01-01 00:00:09.456,6,9,14,0,976444,243
2022-01-01 00:00:09.457,7,8,5,2,455377,243
2022-01-01 00:00:09.458,7,10,19,2,1800977,243
2022-01-01 00:00:09.459,5,7,36,4,2710755,243
2022-01-01 00:00:09.460,5,5,22,3,1117155,243
2022-01-01 00:00:09.461,6,0,1,0,11466,243
2022-01-01 00:00:09.462,7,6,1,0,6666,243
2022-01-01 00:00:09.463,6,6,18,0,718133,243
2022-01-01 00:00:09.464,7,5,1,1,11466,243
2022-01-01 00:00:09.465,8,6,1,0,6666,243
2022-01-01 00:00:09.466,7,9,5,0,413066,243
2022-01-01 00:00:09.467,7,8,9,0,247733,243
2022-01-01 00:00:09.468,7,10,10,1,716977,243
2022-01-01 00:00:09.469,8,11,7,0,358311,243
2022-01-01 00:00:09.470,8,11,14,0,1077333,243
2022-01-01 00:00:09.471,6,11,47,7,4916177,243
2022-01-01 00:00:09.472,7,9,12,1,723022,243
2022-01-01 00:00:09.473,8,12,1,0,6488,243
2022-01-01 00:00:09.474,7,10,9,1,600622,243
2022-01-01 00:00:09.475,6,5,4,0,148266,243
2022-01-01 00:00:09.476,8,3,1,0,5600,243
2022-01-01 00:00:09.477,8,11,5,0,249422,243
2022-01-01 00:00:09.478,7,7,3,0,84177,243
2022-01-01 00:00:09.479,8,11,13,0,1127555,243
2022-01-01 00:00:09.480,7,11,25,1,2714933,243
2022-01-01 00:00:09.481,7,6,20,0,1256888,243
2022-01-01 00:00:09.482,6,4,1,0,7022,243
2022-01-01 00:00:09.483,6,7,9,0,547288,243
2022-01-01 00:00:09.484,6,5,4,0,75200,243
2022-01-01 00:00:09.485,5,5,28,2,1680711,243
2022-01-01 00:00:09.486,5,5,35,4,1679911,243
2022-01-01 00:00:09.487,5,5,24,0,1258666,243
2022-01-01 00:00:09.488,5,5,21,10,1068888,243
2022-01-01 00:00:09.489,5,5,22,3,1077098,243
2022-01-01 00:00:09.490,6,6,24,6,1512808,243
2022-01-01 00:00:09.491,5,6,24,0,1454577,243
2022-01-01 00:00:09.492,6,6,29,2,1789066,243
2022-01-01 00:00:09.493,5,6,18,5,1089955,243
2022-01-01 00:00:09.494,6,6,28,4,1525333,243
2022-01-01 00:00:09.495,5,5,19,5,1043644,243
2022-01-01 00:00:09.496,5,4,27,5,1085777,243
2022-01-01 00:00:09.497,5,4,26,1,1129955,243
2022-01-01 00:00:09.498,5,3,22,7,839644,243
2022-01-01 00:00:09.499,5,3,26,3,975733,243
2022-01-01 00:00:09.500,5,2,34,2,823288,243
2022-01-01 00:00:09.501,5,3,29,6,984266,243
2022-01-01 00:00:09.502,4,1,31,4,627377,243
2022-01-01 00:00:09.503,4,1,27,5,653066,243
2022-01-01 00:00:09.504,5,1,40,3,908800,243
2022-01-01 00:00:09.505,5,2,33,5,780800,243
2022-01-01 00:00:09.506,5,3,33,2,1122901,243
2022-01-01 00:00:09.507,5,2,33,4,800449,243
2022-01-01 00:00:09.508,4,1,34,4,742222,243
2022-01-01 00:00:09.509,4,2,33,7,1093955,243
2022-01-01 00:00:09.510,5,3,28,1,1077450,243
2022-01-01 00:00:09.511,5,1,32,3,771955,243
2022-01-01 00:00:09.512,5,2,38,5,1066755,243
2022-01-01 00:00:09.513,5,3,33,3,1207377,243
2022-01-01 00:00:09.514,6,3,8,1,306989,243
2022-01-01 00:00:09.515,7,5,1,0,5662,243
2022-01-01 00:00:09.516,7,5,1,0,14666,243
2022-01-01 00:00:09.517,6,4,1,0,6945,243
2022-01-01 00:00:09.518,6,4,12,0,560539,243
2022-01-01 00:00:09.519,7,6,16,3,936000,243
2022-01-01 00:00:09.520,5,4,44,4,2232177,243
2022-01-01 00:00:09.521,6,4,34,5,1316043,243
2022-01-01 00:00:09.522,5,3,32,3,1360533,243
2022-01-01 00:00:09.523,6,4,50,4,1973213,243
2022-01-01 00:00:09.524,5,3,26,7,959555,243
2022-01-01 00:00:09.525,5,4,28,3,1229714,243
2022-01-01 00:00:09.526,5,1,31,1,724177,243
2022-01-01 00:00:09.527,5,1,30,4,669303,243
2022-01-01 00:00:09.528,5,1,46,4,965155,243
2022-01-01 00:00:09.529,5,1,48,5,954549,243
2022-01-01 00:00:09.530,6,1,34,4,824000,243
2022-01-01 00:00:09.531,6,3,45,3,1435235,243
2022-01-01 00:00:09.532,5,1,40,2,1000177,243
2022-01-01 00:00:09.533,5,1,31,3,743377,243
2022-01-01 00:00:09.534,6,1,45,0,954109,243
2022-01-01 00:00:09.535,6,2,38,2,918577,243
2022-01-01 00:00:09.536,6,2,35,3,841977,243
2022-01-01 00:00:09.537,6,2,39,2,933600,243
2022-01-01 00:00:09.538,5,1,31,3,715516,243
2022-01-01 00:00:09.539,6,3,30,3,1070933,243
2022-01-01 00:00:09.540,6,3,44,2,1685842,243
2022-01-01 00:00:09.541,6,2,39,2,931111,243
2022-01-01 00:00:09.542,5,1,40,2,779076,243
2022-01-01 00:00:09.543,6,2,39,2,927555,243
2022-01-01 00:00:09.544,6,1,35,3,844674,243
2022-01-01 00:00:09.545,5,1,34,2,814400,243
2022-01-01 00:00:09.546,5,1,38,1,819516,243
2022-01-01 00:00:09.547,5,0,45,1,798133,243
2022-01-01 00:00:09.548,7,4,1,0,14471,243
2022-01-01 00:00:09.549,6,1,1,0,7101,243
2022-01-01 00:00:09.550,7,4,12,0,534755,243
2022-01-01 00:00:09.551,7,4,5,2,150488,243
2022-01-01 00:00:09.552,6,4,63,1,2582022,243
2022-01-01 00:00:09.553,6,2,35,2,1100355,243
2022-01-01 00:00:09.554,6,3,45,2,1397186,243
2022-01-01 00:00:09.555,6,3,35,2,1450222,243
2022-01-01 00:00:09.556,6,3,34,2,1296177,243
2022-01-01 00:00:09.557,6,3,37,2,1357033,243
2022-01-01 00:00:09.558,6,3,46,3,1465494,243
2022-01-01 00:00:09.559,6,3,37,2,1397422,243
2022-01-01 00:00:09.560,6,3,36,1,1327466,243
2022-01-01 00:00:09.561,6,2,43,1,1060224,243
2022-01-01 00:00:09.562,6,2,46,1,1105758,243
2022-01-01 00:00:09.563,6,1,37,2,796177,243
2022-01-01 00:00:09.564,6,3,45,1,1567466,243
2022-01-01 00:00:09.565,6,3,34,3,1234876,243
2022-01-01 00:00:09.566,6,3,32,3,1194901,243
2022-01-01 00:00:09.567,6,6,25,3,1485955,243
2022-01-01 00:00:09.568,6,3,41,3,1485955,243
2022-01-01 00:00:09.569,6,2,44,1,1073258,243
2022-01-01 00:00:09.570,6,2,44,1,1043692,243
2022-01-01 00:00:09.571,6,1,45,1,1061600,243
2022-01-01 00:00:09.572,6,3,40,1,1451377,243
2022-01-01 00:00:09.573,6,2,21,0,596177,243
2022-01-01 00:00:09.574,7,4,1,0,6945,243
2022-01-01 00:00:09.575,7,4,13,3,547822,243
2022-01-01 00:00:09.576,6,4,27,1,1532711,243
2022-01-01 00:00:09.577,6,2,50,1,1195555,243
2022-01-01 00:00:09.578,6,2,38,1,921066,243
2022-01-01 00:00:09.579,6,3,35,1,1297333,243
2022-01-01 00:00:09.580,7,4,45,5,1916266,243
2022-01-01 00:00:09.581,6,4,34,1,1352444,243
2022-01-01 00:00:09.582,6,3,43,1,1583911,243
2022-01-01 00:00:09.583,6,5,28,2,1545955,243
2022-01-01 00:00:09.584,6,3,31,1,1118400,243
2022-01-01 00:00:09.585,6,6,48,1,2680000,243
2022-01-01 00:00:09.586,6,5,35,3,1833866,243
2022-01-01 00:00:09.587,6,4,28,4,1307022,243
2022-01-01 00:00:09.588,5,4,35,2,1439200,243
2022-01-01 00:00:09.589,6,4,36,0,1582222,243
2022-01-01 00:00:09.590,6,3,34,3,1358044,243
2022-01-01 00:00:09.591,6,3,33,2,1193955,243
2022-01-01 00:00:09.592,6,3,40,1,1406222,243
2022-01-01 00:00:09.593,6,2,42,3,1294044,243
2022-01-01 00:00:09.594,6,3,35,6,1072977,243
2022-01-01 00:00:09.595,5,1,27,0,812355,243
2022-01-01 00:00:09.596,6,4,38,3,1449422,243
2022-01-01 00:00:09.597,7,4,1,0,21662,243
2022-01-01 00:00:09.598,8,4,1,0,7022,243
2022-01-01 00:00:09.599,8,6,11,0,580177,243
2022-01-01 00:00:09.600,7,6,39,0,2284711,243
2022-01-01 00:00:09.601,6,2,73,3,2481348,243
2022-01-01 00:00:09.602,6,7,24,2,1424175,243
2022-01-01 00:00:09.603,5,3,88,2,3173511,243
2022-01-01 00:00:09.604,5,1,74,4,1438400,243
2022-01-01 00:00:09.605,6,3,72,5,2282311,243
2022-01-01 00:00:09.606,5,2,83,4,2631733,243
2022-01-01 00:00:09.607,6,2,37,1,942400,243
2022-01-01 00:00:09.608,7,5,61,6,3500355,243
2022-01-01 00:00:09.609,5,2,85,2,2449155,243
2022-01-01 00:00:09.610,6,2,81,8,2323288,243
2022-01-01 00:00:09.611,5,1,78,3,1772977,243
2022-01-01 00:00:09.612,5,2,75,7,2092355,243
2022-01-01 00:00:09.613,7,0,10,0,140622,243
2022-01-01 00:00:09.614,7,2,2,0,33244,245
2022-01-01 00:00:09.615,7,1,23,0,494844,245
2022-01-01 00:00:09.616,7,2,11,0,208266,245
2022-01-01 00:00:09.617,6,2,28,0,646400,245
2022-01-01 00:00:09.618,7,0,12,0,220088,245
2022-01-01 00:00:09.619,7,2,41,0,968977,245
2022-01-01 00:00:09.620,7,2,14,0,342577,245
2022-01-01 00:00:09.621,7,2,48,1,1161244,245
2022-01-01 00:00:09.622,7,2,90,0,2210311,245
2022-01-01 00:00:09.623,7,2,90,0,2206044,245
2022-01-01 00:00:09.624,7,2,10,0,212444,245
2022-01-01 00:00:09.625,7,1,1,0,7022,245
2022-01-01 00:00:09.626,7,1,22,0,500800,245
2022-01-01 00:00:09.627,7,2,11,0,233155,245
2022-01-01 00:00:09.628,7,2,21,0,424444,245
2022-01-01 00:00:09.629,7,1,14,0,265422,245
2022-01-01 00:00:09.630,7,1,33,2,765955,245
2022-01-01 00:00:09.631,7,1,12,0,241955,245
2022-01-01 00:00:09.632,7,1,56,0,1299733,245
2022-01-01 00:00:09.633,7,2,10,0,244800,245
2022-01-01 00:00:09.634,7,2,70,1,1716444,245
2022-01-01 00:00:09.635,7,2,54,1,1326755,245
2022-01-01 00:00:09.636,7,3,43,1,1461955,245
2022-01-01 00:00:09.637,9,6,43,0,2906933,245
2022-01-01 00:00:09.638,9,6,45,0,3021777,245
2022-01-01 00:00:09.639,9,5,2,0,16000,245
2022-01-01 00:00:09.640,9,6,1,0,6666,245
2022-01-01 00:00:09.641,9,6,9,0,437244,245
2022-01-01 00:00:09.642,9,6,8,0,320266,245
2022-01-01 00:00:09.643,9,6,10,0,443200,245
2022-01-01 00:00:09.644,9,6,1,0,68888,245
2022-01-01 00:00:09.645,9,5,6,0,181393,245
2022-01-01 00:00:09.646,9,6,11,0,626549,245
2022-01-01 00:00:09.647,9,5,5,0,232977,245
2022-01-01 00:00:09.648,9,0,1,0,977,245
2022-01-01 00:00:09.649,9,6,15,1,778044,245
2022-01-01 00:00:09.650,8,0,8,0,516622,245
2022-01-01 00:00:09.651,8,6,37,2,2483822,245
2022-01-01 00:00:09.652,8,5,26,2,1373511,245
2022-01-01 00:00:09.653,9,6,26,3,1764088,245
2022-01-01 00:00:09.654,8,3,2,0,14222,245
2022-01-01 00:00:09.655,8,3,1,0,7555,245
2022-01-01 00:00:09.656,8,6,8,0,412622,245
2022-01-01 00:00:09.657,8,4,6,2,227022,245
2022-01-01 00:00:09.658,8,4,1,0,11822,245
2022-01-01 00:00:09.659,9,6,46,0,2869155,245
2022-01-01 00:00:09.660,8,6,24,0,1599822,245
2022-01-01 00:00:09.661,8,5,6,0,276800,245
2022-01-01 00:00:09.662,9,0,50,1,10690577,258
2022-01-01 00:00:09.663,10,0,38,1,8300000,258
2022-01-01 00:00:09.664,10,0,54,1,11290844,258
2022-01-01 00:00:09.665,10,0,43,2,9169422,258
2022-01-01 00:00:09.666,10,0,43,1,8748711,258
2022-01-01 00:00:09.667,10,0,67,1,14214488,258
2022-01-01 00:00:09.668,10,20,15,1,3442933,258
2022-01-01 00:00:09.669,10,20,57,3,11602488,258
2022-01-01 00:00:09.670,10,19,21,1,3964977,258
2022-01-01 00:00:09.671,6,4,1,0,7022,258
2022-01-01 00:00:09.672,7,10,9,0,600266,258
2022-01-01 00:00:09.673,7,9,4,0,237333,258
2022-01-01 00:00:09.674,9,0,1,2,622,258
2022-01-01 00:00:09.675,7,8,3,0,42400,258
2022-01-01 00:00:09.676,7,10,13,2,1048088,258
2022-01-01 00:00:09.677,7,11,31,2,2962222,258
2022-01-01 00:00:09.678,7,11,20,1,2177066,258
2022-01-01 00:00:09.679,7,12,15,3,1652000,258
2022-01-01 00:00:09.680,7,11,21,3,2267288,258
2022-01-01 00:00:09.681,7,11,21,3,2235822,258
2022-01-01 00:00:09.682,7,12,15,2,1647733,258
2022-01-01 00:00:09.683,7,11,25,4,2650933,258
2022-01-01 00:00:09.684,7,11,26,2,2460088,258
2022-01-01 00:00:09.685,7,11,18,0,1956800,258
2022-01-01 00:00:09.686,7,11,19,1,2029777,258
2022-01-01 00:00:09.687,6,11,23,1,2417866,258
2022-01-01 00:00:09.688,7,11,21,2,2036711,258
2022-01-01 00:00:09.689,7,11,1,0,11466,258
2022-01-01 00:00:09.690,7,7,2,0,44584,258
2022-01-01 00:00:09.691,7,11,9,0,711022,258
2022-01-01 00:00:09.692,7,11,1,0,5600,258
2022-01-01 00:00:09.693,9,12,2,0,51733,258
2022-01-01 00:00:09.694,9,11,1,0,11466,258
2022-01-01 00:00:09.695,9,17,10,0,1313422,258
2022-01-01 00:00:09.696,9,16,17,0,2640444,258
2022-01-01 00:00:09.697,9,13,6,1,863022,258
2022-01-01 00:00:09.698,9,12,1,0,6561,258
2022-01-01 00:00:09.699,9,16,4,0,437511,258
2022-01-01 00:00:09.700,9,13,6,0,265955,258
2022-01-01 00:00:09.701,9,12,1,0,6488,258
2022-01-01 00:00:09.702,9,15,6,0,753155,258
2022-01-01 00:00:09.703,9,12,5,0,239111,258
2022-01-01 00:00:09.704,9,14,12,0,1326133,258
2022-01-01 00:00:09.705,9,16,20,3,2626666,258
2022-01-01 00:00:09.706,9,17,18,1,3055022,258
2022-01-01 00:00:09.707,9,14,1,0,17155,258
2022-01-01 00:00:09.708,9,12,1,0,6488,258
2022-01-01 00:00:09.709,9,14,6,0,478933,258
2022-01-01 00:00:09.710,9,13,3,0,203911,258
2022-01-01 00:00:09.711,9,15,9,0,867822,258
2022-01-01 00:00:09.712,9,14,10,0,892177,258
2022-01-01 00:00:09.713,9,0,4,0,457244,258
2022-01-01 00:00:09.714,8,14,30,2,3907644,258
2022-01-01 00:00:09.715,8,14,13,1,1731377,258
2022-01-01 00:00:09.716,8,13,5,0,417333,258
2022-01-01 00:00:09.717,8,11,2,0,28800,258
2022-01-01 00:00:09.718,7,6,1,0,6666,274
2022-01-01 00:00:09.719,8,9,3,1,191733,274
2022-01-01 00:00:09.720,6,4,14,4,491022,274
2022-01-01 00:00:09.721,7,2,1,0,7200,274
2022-01-01 00:00:09.722,6,6,11,3,634755,274
2022-01-01 00:00:09.723,6,0,15,1,203466,274
2022-01-01 00:00:09.724,6,4,24,0,1056711,274
2022-01-01 00:00:09.725,6,0,11,1,390311,274
2022-01-01 00:00:09.726,5,4,38,5,1851022,274
2022-01-01 00:00:09.727,3,0,80,6,1230222,274
2022-01-01 00:00:09.728,3,0,80,3,1230222,274
2022-01-01 00:00:09.729,4,0,83,3,1276355,274
2022-01-01 00:00:09.730,6,0,10,0,132088,274
2022-01-01 00:00:09.731,7,6,1,0,6666,274
2022-01-01 00:00:09.732,7,6,10,5,474488,274
2022-01-01 00:00:09.733,6,4,9,2,255555,274
2022-01-01 00:00:09.734,7,2,1,0,5777,274
2022-01-01 00:00:09.735,7,6,5,0,250044,274
2022-01-01 00:00:09.736,6,3,4,1,75377,274
2022-01-01 00:00:09.737,7,6,17,0,1133422,274
2022-01-01 00:00:09.738,6,5,9,0,447911,274
2022-01-01 00:00:09.739,6,4,2,0,20444,274
2022-01-01 00:00:09.740,7,6,1,0,6666,274
2022-01-01 00:00:09.741,5,3,23,1,637274,274
2022-01-01 00:00:09.742,7,2,2,0,12943,274
2022-01-01 00:00:09.743,7,6,3,0,131822,274
2022-01-01 00:00:09.744,6,4,12,1,588088,274
2022-01-01 00:00:09.745,6,4,5,0,174505,274
2022-01-01 00:00:09.746,5,6,20,1,1299775,274
2022-01-01 00:00:09.747,5,6,35,3,2330876,274
2022-01-01 00:00:09.748,6,6,25,1,1662311,274
2022-01-01 00:00:09.749,5,3,29,2,1187644,274
2022-01-01 00:00:09.750,5,4,42,1,1673422,274
2022-01-01 00:00:09.751,6,4,35,3,1624527,274
2022-01-01 00:00:09.752,5,3,42,6,1498247,274
2022-01-01 00:00:09.753,5,3,18,1,630222,274
2022-01-01 00:00:09.754,7,0,1,0,6666,274
2022-01-01 00:00:09.755,8,8,8,0,496711,274
2022-01-01 00:00:09.756,7,4,6,0,238561,274
2022-01-01 00:00:09.757,8,4,1,0,7101,274
2022-01-01 00:00:09.758,7,7,11,4,659111,274
2022-01-01 00:00:09.759,8,4,1,0,7022,274
2022-01-01 00:00:09.760,8,6,2,0,97258,274
2022-01-01 00:00:09.761,7,5,15,0,749244,274
2022-01-01 00:00:09.762,8,8,17,0,1288879,274
2022-01-01 00:00:09.763,8,8,45,1,3593155,274
2022-01-01 00:00:09.764,6,7,36,7,2131146,274
2022-01-01 00:00:09.765,7,1,6,0,120533,274
2022-01-01 00:00:09.766,8,3,1,0,7555,274
2022-01-01 00:00:09.767,7,7,7,2,452355,274
2022-01-01 00:00:09.768,8,4,9,0,233511,274
2022-01-01 00:00:09.769,7,5,14,1,713244,274
2022-01-01 00:00:09.770,7,5,7,0,175022,274
2022-01-01 00:00:09.771,7,4,26,1,1287822,274
2022-01-01 00:00:09.772,7,6,16,0,1067252,274
2022-01-01 00:00:09.773,6,4,52,4,2267377,274
2022-01-01 00:00:09.774,6,3,46,3,1786133,274
2022-01-01 00:00:09.775,6,4,14,0,540266,274
2022-01-01 00:00:09.776,8,6,1,0,6666,274
2022-01-01 00:00:09.777,7,6,8,1,411911,274
2022-01-01 00:00:09.778,6,2,14,0,276977,274
2022-01-01 00:00:09.779,8,6,11,0,634755,274
2022-01-01 00:00:09.780,7,3,9,0,248977,274
2022-01-01 00:00:09.781,7,4,28,0,1287644,274
2022-01-01 00:00:09.782,8,9,9,1,673688,274
2022-01-01 00:00:09.783,7,8,54,5,4355555,274
2022-01-01 00:00:09.784,5,5,12,3,612977,274
2022-01-01 00:00:09.785,8,6,1,0,6666,274
2022-01-01 00:00:09.786,7,4,10,1,412266,274
2022-01-01 00:00:09.787,7,4,7,1,221777,274
2022-01-01 00:00:09.788,7,6,47,2,2883111,274
2022-01-01 00:00:09.789,6,3,43,0,1706933,274
2022-01-01 00:00:09.790,7,4,5,0,136711,274
2022-01-01 00:00:09.791,7,0,1,0,8266,274
2022-01-01 00:00:09.792,6,3,14,2,475022,274
2022-01-01 00:00:09.793,6,2,21,1,489155,274
2022-01-01 00:00:09.794,5,4,44,5,2066133,274
2022-01-01 00:00:09.795,5,2,31,1,946755,274
2022-01-01 00:00:09.796,5,1,39,1,849688,274
2022-01-01 00:00:09.797,5,0,35,2,540711,274
2022-01-01 00:00:09.798,6,2,2,0,21866,274
2022-01-01 00:00:09.799,7,4,1,0,7022,274
2022-01-01 00:00:09.800,6,2,14,2,322844,274
2022-01-01 00:00:09.801,5,1,18,2,317777,274
2022-01-01 00:00:09.802,6,2,2,0,12977,274
2022-01-01 00:00:09.803,7,4,4,1,152000,274
2022-01-01 00:00:09.804,6,2,19,3,554933,274
2022-01-01 00:00:09.805,4,0,60,9,1136711,274
2022-01-01 00:00:09.806,4,0,45,2,682044,274
2022-01-01 00:00:09.807,5,0,49,3,757066,274
2022-01-01 00:00:09.808,6,2,50,0,1200177,274
2022-01-01 00:00:09.809,5,1,38,2,773511,274
2022-01-01 00:00:09.810,4,1,42,1,938133,274
2022-01-01 00:00:09.811,6,3,32,1,1162311,274
2022-01-01 00:00:09.812,5,4,28,1,1303822,274
2022-01-01 00:00:09.813,5,3,32,2,1179022,274
2022-01-01 00:00:09.814,7,6,1,0,20711,274
2022-01-01 00:00:09.815,7,0,1,0,6666,274
2022-01-01 00:00:09.816,6,4,13,0,494844,274
2022-01-01 00:00:09.817,7,5,2,0,11200,274
2022-01-01 00:00:09.818,7,7,16,2,1102400,274
2022-01-01 00:00:09.819,6,6,37,6,2254133,274
2022-01-01 00:00:09.820,6,2,33,0,892177,274
2022-01-01 00:00:09.821,6,4,42,2,1694400,274
2022-01-01 00:00:09.822,6,4,29,5,1273866,274
2022-01-01 00:00:09.823,6,2,35,1,847200,274
2022-01-01 00:00:09.824,5,2,46,0,1112355,274
2022-01-01 00:00:09.825,6,5,36,0,1964800,274
2022-01-01 00:00:09.826,6,4,30,3,1215111,274
2022-01-01 00:00:09.827,6,5,46,3,2336888,274
2022-01-01 00:00:09.828,6,5,31,0,1772000,274
2022-01-01 00:00:09.829,6,4,12,0,498844,274
2022-01-01 00:00:09.830,7,3,1,1,7555,274
2022-01-01 00:00:09.831,7,6,8,2,416000,274
2022-01-01 00:00:09.832,6,4,7,3,237422,274
2022-01-01 00:00:09.833,7,4,1,0,7022,274
2022-01-01 00:00:09.834,6,2,11,0,248444,274
2022-01-01 00:00:09.835,6,2,24,4,481777,274
2022-01-01 00:00:09.836,7,6,14,0,641600,274
2022-01-01 00:00:09.837,7,6,12,0,787911,274
2022-01-01 00:00:09.838,6,3,58,0,1831644,274
2022-01-01 00:00:09.839,6,3,36,3,1380977,274
2022-01-01 00:00:09.840,5,3,30,2,1232533,274
2022-01-01 00:00:09.841,6,2,42,2,1098488,274
2022-01-01 00:00:09.842,7,2,7,0,140711,274
2022-01-01 00:00:09.843,8,6,1,0,6666,274
2022-01-01 00:00:09.844,6,4,13,1,557422,274
2022-01-01 00:00:09.845,7,1,6,0,123377,274
2022-01-01 00:00:09.846,6,7,16,0,871644,274
2022-01-01 00:00:09.847,7,9,9,0,604533,274
2022-01-01 00:00:09.848,7,0,8,0,697422,274
2022-01-01 00:00:09.849,6,5,42,5,2386844,274
2022-01-01 00:00:09.850,6,4,32,1,1413333,274
2022-01-01 00:00:09.851,6,5,33,1,1818222,274
2022-01-01 00:00:09.852,7,6,1,0,6666,274
2022-01-01 00:00:09.853,6,6,13,1,634488,274
2022-01-01 00:00:09.854,7,5,2,1,17066,274
2022-01-01 00:00:09.855,6,7,42,5,3004088,274
2022-01-01 00:00:09.856,5,3,42,3,1605866,274
2022-01-01 00:00:09.857,7,2,5,0,123111,274
2022-01-01 00:00:09.858,7,6,1,0,6666,274
2022-01-01 00:00:09.859,7,5,13,5,530755,274
2022-01-01 00:00:09.860,6,2,3,0,53244,274
2022-01-01 00:00:09.861,7,4,16,2,645155,274
2022-01-01 00:00:09.862,5,2,50,0,1703288,274
2022-01-01 00:00:09.863,5,1,38,0,849600,274
2022-01-01 00:00:09.864,6,3,41,1,1599733,274
2022-01-01 00:00:09.865,5,2,38,3,916800,274
2022-01-01 00:00:09.866,6,4,38,0,1641422,274
2022-01-01 00:00:09.867,5,1,37,2,806844,274
2022-01-01 00:00:09.868,5,1,44,3,888177,274
2022-01-01 00:00:09.869,5,1,45,6,976444,274
2022-01-01 00:00:09.870,7,4,4,0,78933,274
2022-01-01 00:00:09.871,7,6,1,0,6666,274
2022-01-01 00:00:09.872,7,5,13,1,659644,274
2022-01-01 00:00:09.873,7,2,2,0,20444,274
2022-01-01 00:00:09.874,7,5,3,0,137688,274
2022-01-01 00:00:09.875,7,4,11,1,479022,274
2022-01-01 00:00:09.876,6,2,12,0,236088,274
2022-01-01 00:00:09.877,7,5,38,1,2133333,274
2022-01-01 00:00:09.878,6,4,45,2,1873155,274
2022-01-01 00:00:09.879,6,3,35,3,1352088,274
2022-01-01 00:00:09.880,7,5,34,2,1960000,274
2022-01-01 00:00:09.881,6,3,35,1,1380177,274
2022-01-01 00:00:09.882,5,2,36,0,843377,274
2022-01-01 00:00:09.883,6,4,33,1,1282577,274
2022-01-01 00:00:09.884,7,9,29,2,2296266,274
2022-01-01 00:00:09.885,7,6,1,0,6666,274
2022-01-01 00:00:09.886,7,6,8,1,411911,274
2022-01-01 00:00:09.887,6,5,7,0,248444,274
2022-01-01 00:00:09.888,7,6,12,1,714133,274
2022-01-01 00:00:09.889,7,4,7,0,166133,274
2022-01-01 00:00:09.890,6,8,17,3,1285955,274
2022-01-01 00:00:09.891,6,5,57,3,2984622,274
2022-01-01 00:00:09.892,6,3,32,2,1152000,274
2022-01-01 00:00:09.893,5,1,39,2,915111,274
2022-01-01 00:00:09.894,7,4,23,1,794222,274
2022-01-01 00:00:09.895,7,6,1,0,6666,274
2022-01-01 00:00:09.896,7,4,10,1,413511,274
2022-01-01 00:00:09.897,6,5,10,1,333688,274
2022-01-01 00:00:09.898,7,1,1,0,7022,274
2022-01-01 00:00:09.899,6,4,8,1,333511,274
2022-01-01 00:00:09.900,6,3,28,4,1023466,274
2022-01-01 00:00:09.901,5,0,56,2,835911,274
2022-01-01 00:00:09.902,5,1,47,1,895911,274
2022-01-01 00:00:09.903,6,3,36,2,1161955,274
2022-01-01 00:00:09.904,6,3,36,5,1291733,274
2022-01-01 00:00:09.905,6,3,36,0,1464888,274
2022-01-01 00:00:09.906,7,3,24,0,846577,274
2022-01-01 00:00:09.907,8,3,1,0,7555,274
2022-01-01 00:00:09.908,8,6,4,0,200711,274
2022-01-01 00:00:09.909,7,3,16,1,475022,274
2022-01-01 00:00:09.910,8,7,10,0,635200,274
2022-01-01 00:00:09.911,8,9,7,0,250044,274
2022-01-01 00:00:09.912,8,10,16,0,1301333,274
2022-01-01 00:00:09.913,7,9,47,3,4319377,274
2022-01-01 00:00:09.914,6,3,41,0,1362844,274
2022-01-01 00:00:09.915,8,9,2,0,21333,274
2022-01-01 00:00:09.916,7,6,1,0,6666,274
2022-01-01 00:00:09.917,7,8,7,1,481777,274
2022-01-01 00:00:09.918,8,4,4,0,126400,274
2022-01-01 00:00:09.919,7,6,14,1,634666,274
2022-01-01 00:00:09.920,7,4,5,0,82933,274
2022-01-01 00:00:09.921,8,9,2,0,97777,274
2022-01-01 00:00:09.922,8,0,1,0,11466,274
2022-01-01 00:00:09.923,6,10,43,3,4015022,274
2022-01-01 00:00:09.924,7,8,33,3,2508711,274
2022-01-01 00:00:09.925,6,6,34,6,1898666,274
2022-01-01 00:00:09.926,7,8,29,2,2369333,274
2022-01-01 00:00:09.927,6,4,35,1,1546933,274
2022-01-01 00:00:09.928,7,6,42,9,2686755,274
2022-01-01 00:00:09.929,6,6,29,4,1779822,274
2022-01-01 00:00:09.930,6,5,43,0,2205244,274
2022-01-01 00:00:09.931,6,3,44,2,1685155,274
2022-01-01 00:00:09.932,6,2,48,4,1161244,274
2022-01-01 00:00:09.933,6,3,46,1,1431911,274
2022-01-01 00:00:09.934,6,3,55,1,1787288,274
2022-01-01 00:00:09.935,6,3,38,2,1567466,274
2022-01-01 00:00:09.936,6,3,39,0,1559022,274
2022-01-01 00:00:09.937,6,2,49,3,1183022,274
2022-01-01 00:00:09.938,5,1,49,2,1043644,274
2022-01-01 00:00:09.939,6,1,54,1,1212977,274
2022-01-01 00:00:09.940,6,2,52,0,1277866,274
2022-01-01 00:00:09.941,6,5,47,0,2594933,274
2022-01-01 00:00:09.942,6,5,43,0,2434044,274
2022-01-01 00:00:09.943,6,5,43,1,2032800,274
2022-01-01 00:00:09.944,6,5,63,1,3604266,274
2022-01-01 00:00:09.945,6,5,50,0,2621955,274
2022-01-01 00:00:09.946,5,3,30,1,1272888,274
2022-01-01 00:00:09.947,6,4,56,1,2403377,274
2022-01-01 00:00:09.948,6,4,47,0,2204000,274
2022-01-01 00:00:09.949,6,4,45,1,2059822,274
2022-01-01 00:00:09.950,6,4,47,1,2093333,274
2022-01-01 00:00:09.951,6,4,45,1,2055555,274
2022-01-01 00:00:09.952,7,6,46,1,2733866,274
2022-01-01 00:00:09.953,6,5,41,0,2039377,274
2022-01-01 00:00:09.954,5,4,46,0,2125688,274
2022-01-01 00:00:09.955,6,5,44,2,2096088,274
2022-01-01 00:00:09.956,6,5,39,0,2245777,274
2022-01-01 00:00:09.957,7,6,50,0,2905777,274
2022-01-01 00:00:09.958,6,6,40,3,2265777,274
2022-01-01 00:00:09.959,6,6,41,0,2732355,274
2022-01-01 00:00:09.960,6,4,42,0,1942133,274
2022-01-01 00:00:09.961,6,5,47,2,2421422,274
2022-01-01 00:00:09.962,6,5,38,1,2230400,274
2022-01-01 00:00:09.963,6,5,40,2,2270044,274
2022-01-01 00:00:09.964,7,8,41,1,2868533,274
2022-01-01 00:00:09.965,7,4,5,0,150666,274
2022-01-01 00:00:09.966,8,6,1,0,6666,274
2022-01-01 00:00:09.967,7,9,6,1,411022,274
2022-01-01 00:00:09.968,7,6,6,2,242488,274
2022-01-01 00:00:09.969,6,7,11,2,710488,274
2022-01-01 00:00:09.970,7,4,6,2,170488,274
2022-01-01 00:00:09.971,6,6,20,1,1283733,274
2022-01-01 00:00:09.972,5,5,50,7,2804088,274
2022-01-01 00:00:09.973,5,3,36,1,1449600,274
2022-01-01 00:00:09.974,6,5,28,3,1466488,274
2022-01-01 00:00:09.975,7,4,1,0,16444,274
2022-01-01 00:00:09.976,7,4,1,1,7022,274
2022-01-01 00:00:09.977,7,8,6,1,411022,274
2022-01-01 00:00:09.978,6,5,10,0,327822,274
2022-01-01 00:00:09.979,7,5,1,0,5600,274
2022-01-01 00:00:09.980,6,4,1,0,19288,274
2022-01-01 00:00:09.981,6,5,12,0,522844,274
2022-01-01 00:00:09.982,7,5,1,0,8622,274
2022-01-01 00:00:09.983,7,6,1,0,6666,274
2022-01-01 00:00:09.984,6,6,9,2,436888,274
2022-01-01 00:00:09.985,6,5,7,1,235377,274
2022-01-01 00:00:09.986,6,7,15,3,835111,274
2022-01-01 00:00:09.987,6,6,17,0,962222,274
2022-01-01 00:00:09.988,6,0,8,0,485866,274
2022-01-01 00:00:09.989,7,6,1,0,68888,274
2022-01-01 00:00:09.990,6,6,40,5,2520888,274
2022-01-01 00:00:09.991,6,4,38,2,1716444,274
2022-01-01 00:00:09.992,6,4,31,4,1456088,274
2022-01-01 00:00:09.993,5,5,24,3,1202311,274
2022-01-01 00:00:09.994,6,4,33,2,1475288,274
2022-01-01 00:00:09.995,5,4,27,4,1063022,274
2022-01-01 00:00:09.996,6,4,24,2,1079466,274
2022-01-01 00:00:09.997,7,6,1,0,6666,274
2022-01-01 00:00:09.998,7,7,13,0,723644,274
2022-01-01 00:00:09.999,7,5,1,0,11466,274
2022-01-01 00:00:10.000,8,5,1,0,5600,274
2022-01-01 00:00:10.001,7,9,3,0,249866,274
2022-01-01 00:00:10.002,6,4,4,0,82488,274
2022-01-01 00:00:10.003,7,10,9,0,799022,274
2022-01-01 00:00:10.004,7,9,11,0,886133,274
2022-01-01 00:00:10.005,7,6,1,0,6666,274
2022-01-01 00:00:10.006,7,5,1,0,5600,274
2022-01-01 00:00:10.007,7,5,4,0,264000,274
2022-01-01 00:00:10.008,7,3,3,0,62488,274
2022-01-01 00:00:10.009,7,3,1,0,5600,274
2022-01-01 00:00:10.010,8,10,3,0,261244,274
2022-01-01 00:00:10.011,6,6,1,0,6666,274
2022-01-01 00:00:10.012,7,9,5,0,363644,274
2022-01-01 00:00:10.013,6,4,3,1,50044,274
2022-01-01 00:00:10.014,6,10,17,0,1545688,274
2022-01-01 00:00:10.015,7,9,37,3,3108000,274
2022-01-01 00:00:10.016,6,6,36,2,2435022,274
2022-01-01 00:00:10.017,6,6,36,4,2062577,274
2022-01-01 00:00:10.018,6,6,22,4,1315200,274
2022-01-01 00:00:10.019,7,6,41,2,2445626,274
2022-01-01 00:00:10.020,7,6,27,2,1824089,274
2022-01-01 00:00:10.021,7,7,32,3,2087288,274
2022-01-01 00:00:10.022,7,8,31,4,2441688,274
2022-01-01 00:00:10.023,6,6,29,1,1724747,274
2022-01-01 00:00:10.024,6,4,40,0,1981303,274
2022-01-01 00:00:10.025,6,4,30,2,1368711,274
2022-01-01 00:00:10.026,6,4,33,5,1508355,274
2022-01-01 00:00:10.027,5,3,36,3,1428266,274
2022-01-01 00:00:10.028,5,3,37,3,1403111,274
2022-01-01 00:00:10.029,6,4,34,5,1561422,274
2022-01-01 00:00:10.030,6,6,32,5,1820977,274
2022-01-01 00:00:10.031,6,3,35,5,1304266,274
2022-01-01 00:00:10.032,6,2,36,1,972800,274
2022-01-01 00:00:10.033,6,3,39,3,1468000,274
2022-01-01 00:00:10.034,6,4,27,0,1247200,274
2022-01-01 00:00:10.035,6,3,33,2,1167912,274
2022-01-01 00:00:10.036,6,4,31,4,1247911,274
2022-01-01 00:00:10.037,7,4,42,2,1922696,274
2022-01-01 00:00:10.038,6,2,29,1,1015555,274
2022-01-01 00:00:10.039,6,3,32,3,1180800,274
2022-01-01 00:00:10.040,6,4,40,0,1712527,274
2022-01-01 00:00:10.041,6,3,35,1,1357573,274
2022-01-01 00:00:10.042,5,1,53,3,1154933,274
2022-01-01 00:00:10.043,6,2,47,2,1440266,274
2022-01-01 00:00:10.044,5,2,28,2,781010,274
2022-01-01 00:00:10.045,6,2,40,2,979775,274
2022-01-01 00:00:10.046,7,3,34,1,1334577,274
2022-01-01 00:00:10.047,5,2,27,6,829802,274
2022-01-01 00:00:10.048,6,1,41,9,950133,274
2022-01-01 00:00:10.049,5,0,38,2,763505,274
2022-01-01 00:00:10.050,6,1,45,7,932355,274
2022-01-01 00:00:10.051,5,0,40,2,720000,274
2022-01-01 00:00:10.052,5,1,45,1,889054,274
2022-01-01 00:00:10.053,5,1,41,3,871911,274
2022-01-01 00:00:10.054,6,2,42,6,1143550,274
2022-01-01 00:00:10.055,6,3,38,4,1550400,274
2022-01-01 00:00:10.056,5,2,36,1,933626,274
2022-01-01 00:00:10.057,6,3,43,1,1519555,274
2022-01-01 00:00:10.058,6,3,32,3,1326022,274
2022-01-01 00:00:10.059,6,2,44,2,1071644,274
2022-01-01 00:00:10.060,6,3,32,2,1173333,274
2022-01-01 00:00:10.061,6,4,45,2,1695384,274
2022-01-01 00:00:10.062,6,2,36,2,1241528,274
2022-01-01 00:00:10.063,6,2,45,1,1358311,274
2022-01-01 00:00:10.064,6,3,37,3,1403111,274
2022-01-01 00:00:10.065,6,3,35,3,1369582,274
2022-01-01 00:00:10.066,6,3,34,0,1397752,274
2022-01-01 00:00:10.067,6,2,42,4,1013511,274
2022-01-01 00:00:10.068,6,2,42,3,1025244,274
2022-01-01 00:00:10.069,5,2,40,3,965274,274
2022-01-01 00:00:10.070,6,3,37,4,1246666,274
2022-01-01 00:00:10.071,6,3,42,1,1604134,274
2022-01-01 00:00:10.072,6,3,33,3,1221010,274
2022-01-01 00:00:10.073,6,2,40,0,948622,274
2022-01-01 00:00:10.074,6,2,39,3,1120977,274
2022-01-01 00:00:10.075,5,1,22,3,694471,274
2022-01-01 00:00:10.076,5,1,39,2,798844,274
2022-01-01 00:00:10.077,6,1,44,4,867868,274
2022-01-01 00:00:10.078,6,2,39,6,1034933,274
2022-01-01 00:00:10.079,6,6,21,6,1199550,274
2022-01-01 00:00:10.080,6,4,22,2,1041758,274
2022-01-01 00:00:10.081,6,2,30,1,746844,274
2022-01-01 00:00:10.082,5,1,31,0,735200,274
2022-01-01 00:00:10.083,6,3,32,2,1181842,274
2022-01-01 00:00:10.084,6,1,30,0,656351,274
2022-01-01 00:00:10.085,6,3,35,2,1261066,274
2022-01-01 00:00:10.086,6,3,37,0,1381777,274
2022-01-01 00:00:10.087,6,4,24,3,974933,274
2022-01-01 00:00:10.088,6,2,34,3,831820,274
2022-01-01 00:00:10.089,6,4,32,2,1201230,274
2022-01-01 00:00:10.090,6,2,31,4,989422,274
2022-01-01 00:00:10.091,6,2,38,2,895822,274
2022-01-01 00:00:10.092,6,3,31,2,1191820,274
2022-01-01 00:00:10.093,6,2,50,0,1194373,274
2022-01-01 00:00:10.094,6,1,42,2,1025955,274
2022-01-01 00:00:10.095,6,3,43,1,1485422,274
2022-01-01 00:00:10.096,6,3,26,3,1093213,274
2022-01-01 00:00:10.097,6,4,35,3,1393846,274
2022-01-01 00:00:10.098,5,2,35,2,1204177,274
2022-01-01 00:00:10.099,5,1,39,7,816266,274
2022-01-01 00:00:10.100,6,3,35,0,1346067,274
2022-01-01 00:00:10.101,6,3,36,1,1352533,274
2022-01-01 00:00:10.102,6,2,42,1,1244659,274
2022-01-01 00:00:10.103,6,4,31,2,1380533,274
2022-01-01 00:00:10.104,6,2,43,1,1058755,274
2022-01-01 00:00:10.105,6,2,39,1,945887,274
2022-01-01 00:00:10.106,6,2,36,0,859428,274
2022-01-01 00:00:10.107,6,2,49,0,1472800,274
2022-01-01 00:00:10.108,6,3,36,2,1367111,274
2022-01-01 00:00:10.109,6,4,26,3,1141752,274
2022-01-01 00:00:10.110,6,3,28,3,1111208,274
2022-01-01 00:00:10.111,6,2,40,0,962157,274
2022-01-01 00:00:10.112,6,3,42,3,1426461,274
2022-01-01 00:00:10.113,7,4,26,4,1088177,274
2022-01-01 00:00:10.114,6,4,35,3,1629777,274
2022-01-01 00:00:10.115,6,3,37,3,1148177,274
2022-01-01 00:00:10.116,6,2,36,1,963911,274
2022-01-01 00:00:10.117,6,2,33,0,869483,274
2022-01-01 00:00:10.118,6,4,44,2,1791296,274
2022-01-01 00:00:10.119,6,3,42,1,1656711,274
2022-01-01 00:00:10.120,6,4,35,2,1453066,274
2022-01-01 00:00:10.121,6,2,37,0,929511,274
2022-01-01 00:00:10.122,6,2,55,1,1566831,274
2022-01-01 00:00:10.123,7,4,32,3,1436131,274
2022-01-01 00:00:10.124,6,4,32,2,1483377,274
2022-01-01 00:00:10.125,6,3,32,1,1289600,274
2022-01-01 00:00:10.126,7,4,35,2,1390844,274
2022-01-01 00:00:10.127,6,4,29,0,1204355,274
2022-01-01 00:00:10.128,6,3,32,3,1194666,274
2022-01-01 00:00:10.129,6,3,37,2,1375733,274
2022-01-01 00:00:10.130,6,2,42,1,1460800,274
2022-01-01 00:00:10.131,6,3,43,0,1402933,274
2022-01-01 00:00:10.132,6,4,30,1,1398933,274
2022-01-01 00:00:10.133,6,3,41,2,1586933,274
2022-01-01 00:00:10.134,6,4,30,1,1354488,274
2022-01-01 00:00:10.135,5,1,30,0,669333,274
2022-01-01 00:00:10.136,6,1,41,3,928800,274
2022-01-01 00:00:10.137,5,2,40,2,976000,274
2022-01-01 00:00:10.138,6,1,46,2,977244,274
2022-01-01 00:00:10.139,6,2,41,4,1002044,274
2022-01-01 00:00:10.140,6,2,46,4,1108800,274
2022-01-01 00:00:10.141,6,3,34,4,1206577,274
2022-01-01 00:00:10.142,6,2,39,0,1024622,274
2022-01-01 00:00:10.143,5,2,22,4,804800,274
2022-01-01 00:00:10.144,6,3,33,4,1301422,274
2022-01-01 00:00:10.145,6,3,40,0,1451733,274
2022-01-01 00:00:10.146,5,0,43,4,780711,274
2022-01-01 00:00:10.147,6,1,43,3,945333,274
2022-01-01 00:00:10.148,6,1,38,2,904711,274
2022-01-01 00:00:10.149,6,2,37,2,900711,274
2022-01-01 00:00:10.150,5,0,40,0,781866,274
2022-01-01 00:00:10.151,5,0,50,1,939555,274
2022-01-01 00:00:10.152,5,1,44,1,959644,274
2022-01-01 00:00:10.153,6,3,34,3,1145066,274
2022-01-01 00:00:10.154,6,3,29,1,1181600,274
2022-01-01 00:00:10.155,6,3,39,4,1227288,274
2022-01-01 00:00:10.156,6,2,29,0,831370,274
2022-01-01 00:00:10.157,6,3,44,2,1524395,274
2022-01-01 00:00:10.158,6,2,44,1,1074488,274
2022-01-01 00:00:10.159,6,3,38,2,1178488,274
2022-01-01 00:00:10.160,6,4,33,2,1369688,274
2022-01-01 00:00:10.161,7,4,38,3,1767644,274
2022-01-01 00:00:10.162,6,2,27,1,985866,274
2022-01-01 00:00:10.163,7,4,44,1,1731911,274
2022-01-01 00:00:10.164,6,4,26,2,1199111,274
2022-01-01 00:00:10.165,6,3,36,2,1397333,274
2022-01-01 00:00:10.166,7,3,37,1,1430133,274
2022-01-01 00:00:10.167,6,4,38,2,1611200,274
2022-01-01 00:00:10.168,7,4,32,2,1425066,274
2022-01-01 00:00:10.169,6,4,31,2,1271022,274
2022-01-01 00:00:10.170,7,4,30,3,1379022,274
2022-01-01 00:00:10.171,7,4,37,3,1696088,274
2022-01-01 00:00:10.172,6,4,28,5,1284622,274
2022-01-01 00:00:10.173,6,4,36,2,1667200,274
2022-01-01 00:00:10.174,6,2,39,1,956000,274
2022-01-01 00:00:10.175,6,2,46,0,1106311,274
2022-01-01 00:00:10.176,6,4,44,2,1904000,274
2022-01-01 00:00:10.177,6,3,31,0,1226933,274
2022-01-01 00:00:10.178,6,3,35,0,1336088,274
2022-01-01 00:00:10.179,6,3,42,1,1584533,274
2022-01-01 00:00:10.180,6,4,43,2,1823911,274
2022-01-01 00:00:10.181,6,3,32,2,1249066,274
2022-01-01 00:00:10.182,7,3,40,3,1532444,274
2022-01-01 00:00:10.183,6,3,34,2,1249955,274
2022-01-01 00:00:10.184,5,4,31,1,1325066,274
2022-01-01 00:00:10.185,5,1,32,3,736711,274
2022-01-01 00:00:10.186,6,4,25,5,1147466,274
2022-01-01 00:00:10.187,6,1,32,2,729600,274
2022-01-01 00:00:10.188,5,1,31,3,714222,274
2022-01-01 00:00:10.189,5,2,34,1,836088,274
2022-01-01 00:00:10.190,6,4,38,1,1606933,274
2022-01-01 00:00:10.191,5,2,32,2,1028266,274
2022-01-01 00:00:10.192,5,0,32,3,547555,274
2022-01-01 00:00:10.193,5,0,42,3,639111,274
2022-01-01 00:00:10.194,5,0,43,2,661244,274
2022-01-01 00:00:10.195,5,0,41,3,614488,274
2022-01-01 00:00:10.196,5,0,39,2,589422,274
2022-01-01 00:00:10.197,5,1,43,3,912622,274
2022-01-01 00:00:10.198,5,0,36,1,707911,274
2022-01-01 00:00:10.199,5,0,38,7,576888,274
2022-01-01 00:00:10.200,4,0,45,3,652177,274
2022-01-01 00:00:10.201,5,2,41,3,1195111,274
2022-01-01 00:00:10.202,6,1,32,3,766577,274
2022-01-01 00:00:10.203,5,1,37,4,761333,274
2022-01-01 00:00:10.204,5,0,36,1,596000,274
2022-01-01 00:00:10.205,6,1,45,1,893244,274
2022-01-01 00:00:10.206,5,1,33,2,716177,274
2022-01-01 00:00:10.207,6,3,40,4,1444977,274
2022-01-01 00:00:10.208,5,1,30,5,671111,274
2022-01-01 00:00:10.209,5,0,42,3,627111,274
2022-01-01 00:00:10.210,5,0,44,4,767644,274
2022-01-01 00:00:10.211,5,1,37,3,778133,274
2022-01-01 00:00:10.212,5,2,35,4,1141955,274
2022-01-01 00:00:10.213,6,1,41,2,953333,274
2022-01-01 00:00:10.214,6,2,38,2,932800,274
2022-01-01 00:00:10.215,5,1,28,5,641777,274
2022-01-01 00:00:10.216,5,1,36,3,791466,274
2022-01-01 00:00:10.217,5,1,41,5,907111,274
2022-01-01 00:00:10.218,4,0,47,5,891288,274
2022-01-01 00:00:10.219,5,0,41,3,625866,274
2022-01-01 00:00:10.220,5,0,45,2,686311,274
2022-01-01 00:00:10.221,5,0,42,2,672533,274
2022-01-01 00:00:10.222,5,0,38,4,727377,274
2022-01-01 00:00:10.223,4,0,52,1,795022,274
2022-01-01 00:00:10.224,4,0,41,0,759911,274
2022-01-01 00:00:10.225,6,3,45,2,1517600,274
2022-01-01 00:00:10.226,5,2,30,2,977955,274
2022-01-01 00:00:10.227,6,2,31,5,993688,274
2022-01-01 00:00:10.228,5,0,34,2,582933,274
2022-01-01 00:00:10.229,5,1,38,5,860622,274
2022-01-01 00:00:10.230,4,0,39,2,589422,274
2022-01-01 00:00:10.231,4,0,47,3,898400,274
2022-01-01 00:00:10.232,6,3,36,3,1251200,274
2022-01-01 00:00:10.233,6,5,47,2,2505155,274
2022-01-01 00:00:10.234,6,3,21,2,872622,274
2022-01-01 00:00:10.235,6,2,44,5,1249422,274
2022-01-01 00:00:10.236,5,1,36,3,787911,274
2022-01-01 00:00:10.237,5,1,31,5,649866,274
2022-01-01 00:00:10.238,5,0,35,5,533600,274
2022-01-01 00:00:10.239,5,0,42,7,756088,274
2022-01-01 00:00:10.240,5,0,30,7,543111,274
2022-01-01 00:00:10.241,5,1,33,5,683111,274
2022-01-01 00:00:10.242,5,1,32,4,666311,274
2022-01-01 00:00:10.243,5,0,37,6,561511,274
2022-01-01 00:00:10.244,5,1,48,2,928000,274
2022-01-01 00:00:10.245,5,3,23,5,855733,274
2022-01-01 00:00:10.246,5,4,22,4,1011733,274
2022-01-01 00:00:10.247,4,1,31,5,728888,274
2022-01-01 00:00:10.248,5,4,24,3,1061333,274
2022-01-01 00:00:10.249,5,2,29,4,796533,274
2022-01-01 00:00:10.250,5,4,36,4,1658666,274
2022-01-01 00:00:10.251,5,4,31,1,1430666,274
2022-01-01 00:00:10.252,5,4,25,6,1119022,274
2022-01-01 00:00:10.253,5,2,27,1,681155,274
2022-01-01 00:00:10.254,6,1,35,5,792444,274
2022-01-01 00:00:10.255,5,0,38,4,685333,274
2022-01-01 00:00:10.256,4,0,42,5,635555,274
2022-01-01 00:00:10.257,5,0,49,5,737511,274
2022-01-01 00:00:10.258,4,0,33,6,507466,274
2022-01-01 00:00:10.259,4,0,41,4,615555,274
2022-01-01 00:00:10.260,5,0,47,3,722755,274
2022-01-01 00:00:10.261,5,1,40,3,766933,274
2022-01-01 00:00:10.262,5,0,42,8,635555,274
2022-01-01 00:00:10.263,4,0,34,2,515377,274
2022-01-01 00:00:10.264,5,1,33,7,666044,274
2022-01-01 00:00:10.265,4,4,31,8,1244711,274
2022-01-01 00:00:10.266,5,1,39,4,913333,274
2022-01-01 00:00:10.267,5,1,47,3,1037066,274
2022-01-01 00:00:10.268,5,3,35,2,1337511,274
2022-01-01 00:00:10.269,6,4,24,3,984888,274
2022-01-01 00:00:10.270,4,1,37,3,836711,274
2022-01-01 00:00:10.271,6,1,34,3,808711,274
2022-01-01 00:00:10.272,5,0,34,2,576888,274
2022-01-01 00:00:10.273,3,0,30,9,455644,274
2022-01-01 00:00:10.274,3,0,30,10,461333,274
2022-01-01 00:00:10.275,3,0,26,11,399822,274
2022-01-01 00:00:10.276,3,0,35,6,522044,274
2022-01-01 00:00:10.277,3,0,27,12,412355,274
2022-01-01 00:00:10.278,3,0,33,7,484977,274
2022-01-01 00:00:10.279,3,0,33,9,501066,274
2022-01-01 00:00:10.280,3,0,31,10,470311,274
2022-01-01 00:00:10.281,7,4,35,11,538222,274
2022-01-01 00:00:10.282,3,16,7,24,1071288,274
2022-01-01 00:00:10.283,3,0,29,7,430488,274
2022-01-01 00:00:10.284,2,0,30,10,445155,274
2022-01-01 00:00:10.285,3,0,29,11,445955,274
2022-01-01 00:00:10.286,3,0,38,3,584355,274
2022-01-01 00:00:10.287,3,0,40,6,582755,274
2022-01-01 00:00:10.288,4,0,32,12,475911,274
2022-01-01 00:00:10.289,10,9,13,29,1083377,274
2022-01-01 00:00:10.290,3,6,3,2,184800,274
2022-01-01 00:00:10.291,3,0,10,5,148088,274
2022-01-01 00:00:10.292,3,0,25,13,384444,274
2022-01-01 00:00:10.293,3,0,29,10,445955,274
2022-01-01 00:00:10.294,3,0,24,13,369066,274
2022-01-01 00:00:10.295,3,0,32,9,492088,274
2022-01-01 00:00:10.296,3,0,31,8,464444,274
2022-01-01 00:00:10.297,3,0,30,9,461333,274
2022-01-01 00:00:10.298,8,16,12,34,975555,274
2022-01-01 00:00:10.299,3,0,33,9,498044,274
2022-01-01 00:00:10.300,3,0,29,9,445955,274
2022-01-01 00:00:10.301,2,0,29,11,445955,274
2022-01-01 00:00:10.302,5,2,34,10,968000,274
2022-01-01 00:00:10.303,3,0,21,0,320088,274
2022-01-01 00:00:10.304,3,0,34,6,522844,274
2022-01-01 00:00:10.305,3,0,42,8,508444,274
2022-01-01 00:00:10.306,2,0,60,19,747022,274
2022-01-01 00:00:10.307,2,0,71,11,1031200,274
2022-01-01 00:00:10.308,2,0,72,10,1104355,274
2022-01-01 00:00:10.309,2,0,72,10,1094933,274
2022-01-01 00:00:10.310,2,0,75,8,1141066,274
2022-01-01 00:00:10.311,2,0,53,26,815022,274
2022-01-01 00:00:10.312,2,0,51,29,774844,274
2022-01-01 00:00:10.313,1,0,55,27,833511,274
2022-01-01 00:00:10.314,2,0,49,24,750666,274
2022-01-01 00:00:10.315,3,0,28,6,358044,274
2022-01-01 00:00:10.316,1,0,53,27,785511,274
2022-01-01 00:00:10.317,2,0,61,21,901511,274
2022-01-01 00:00:10.318,2,0,50,26,755822,274
2022-01-01 00:00:10.319,2,0,57,24,851288,274
2022-01-01 00:00:10.320,2,0,54,27,817333,274
2022-01-01 00:00:10.321,2,0,59,20,879200,274
2022-01-01 00:00:10.322,2,0,59,24,894222,274
2022-01-01 00:00:10.323,2,0,53,27,765422,274
2022-01-01 00:00:10.324,2,0,57,22,876533,274
2022-01-01 00:00:10.325,2,0,58,23,866666,274
2022-01-01 00:00:10.326,2,0,56,25,848977,274
2022-01-01 00:00:10.327,2,0,54,27,830400,274
2022-01-01 00:00:10.328,3,0,47,29,685333,274
2022-01-01 00:00:10.329,4,3,44,42,1375911,274
2022-01-01 00:00:10.330,1,0,52,25,750044,274
2022-01-01 00:00:10.331,2,0,59,26,894222,274
2022-01-01 00:00:10.332,2,0,57,19,860622,274
2022-01-01 00:00:10.333,2,0,57,25,863466,274
2022-01-01 00:00:10.334,2,0,59,22,891377,274
2022-01-01 00:00:10.335,2,0,56,24,835911,274
2022-01-01 00:00:10.336,3,0,66,18,1009244,274
2022-01-01 00:00:10.337,2,0,66,15,988800,274
2022-01-01 00:00:10.338,2,0,53,27,812177,274
2022-01-01 00:00:10.339,2,0,55,24,796177,274
2022-01-01 00:00:10.340,2,0,57,25,838222,274
2022-01-01 00:00:10.341,1,0,57,23,851288,274
2022-01-01 00:00:10.342,2,0,60,22,916977,274
2022-01-01 00:00:10.343,2,0,59,22,882044,274
2022-01-01 00:00:10.344,4,1,56,26,1289600,274
2022-01-01 00:00:10.345,2,0,56,28,1150311,274
2022-01-01 00:00:10.346,2,0,63,15,948977,274
2022-01-01 00:00:10.347,2,0,60,24,916977,274
2022-01-01 00:00:10.348,2,0,62,18,928177,274
2022-01-01 00:00:10.349,2,0,56,26,848088,274
2022-01-01 00:00:10.350,2,0,54,26,817333,274
2022-01-01 00:00:10.351,2,0,55,24,816888,274
2022-01-01 00:00:10.352,4,1,23,12,511200,274
2022-01-01 00:00:10.353,2,0,57,24,852622,274
2022-01-01 00:00:10.354,2,0,62,20,930755,274
2022-01-01 00:00:10.355,2,0,55,24,816977,274
2022-01-01 00:00:10.356,2,0,49,30,710577,274
2022-01-01 00:00:10.357,2,0,41,19,596533,274
2022-01-01 00:00:10.358,3,0,20,9,279555,274
2022-01-01 00:00:10.359,5,2,36,5,1172622,274
2022-01-01 00:00:10.360,6,5,50,4,2476444,274
2022-01-01 00:00:10.361,5,4,52,4,1923200,274
2022-01-01 00:00:10.362,6,4,51,5,2323466,274
2022-01-01 00:00:10.363,6,4,43,7,1939111,274
2022-01-01 00:00:10.364,6,4,58,1,2592000,274
2022-01-01 00:00:10.365,6,4,41,3,1595733,274
2022-01-01 00:00:10.366,6,6,53,7,2894311,274
2022-01-01 00:00:10.367,6,5,35,3,1924622,274
2022-01-01 00:00:10.368,6,5,47,5,2415733,274
2022-01-01 00:00:10.369,6,6,35,3,2153333,274
2022-01-01 00:00:10.370,6,6,32,6,2084444,274
2022-01-01 00:00:10.371,6,5,29,4,1740533,274
2022-01-01 00:00:10.372,6,5,36,1,2110222,274
2022-01-01 00:00:10.373,7,7,36,6,2534222,274
2022-01-01 00:00:10.374,7,6,30,1,1877511,274
2022-01-01 00:00:10.375,7,7,35,3,2290222,274
2022-01-01 00:00:10.376,6,7,37,4,2469866,274
2022-01-01 00:00:10.377,6,5,42,3,2446400,274
2022-01-01 00:00:10.378,6,5,41,5,2258400,274
2022-01-01 00:00:10.379,6,6,28,5,1547555,274
2022-01-01 00:00:10.380,6,9,28,8,2317155,274
2022-01-01 00:00:10.381,7,6,20,3,1213866,274
2022-01-01 00:00:10.382,6,5,35,3,1896444,274
2022-01-01 00:00:10.383,6,2,38,1,1350577,274
2022-01-01 00:00:10.384,6,2,42,2,1032711,274
2022-01-01 00:00:10.385,5,2,43,5,1046666,274
2022-01-01 00:00:10.386,6,4,34,0,1555377,274
2022-01-01 00:00:10.387,6,2,44,1,1080533,274
2022-01-01 00:00:10.388,6,2,36,5,1142044,274
2022-01-01 00:00:10.389,6,1,37,9,885777,274
2022-01-01 00:00:10.390,6,2,41,2,1020533,274
2022-01-01 00:00:10.391,6,4,38,3,1626844,274
2022-01-01 00:00:10.392,6,3,37,3,1546044,274
2022-01-01 00:00:10.393,5,4,37,0,1539644,274
2022-01-01 00:00:10.394,7,5,34,1,1901333,274
2022-01-01 00:00:10.395,7,5,31,1,1797422,274
2022-01-01 00:00:10.396,7,4,37,2,1717422,274
2022-01-01 00:00:10.397,6,3,45,3,1577333,274
2022-01-01 00:00:10.398,6,4,32,1,1265422,274
2022-01-01 00:00:10.399,7,3,42,1,1695466,274
2022-01-01 00:00:10.400,6,4,39,1,1492800,274
2022-01-01 00:00:10.401,6,2,39,0,1097866,274
2022-01-01 00:00:10.402,6,3,41,2,1559911,274
2022-01-01 00:00:10.403,7,6,35,1,2032977,274
2022-01-01 00:00:10.404,7,5,36,1,1982400,274
2022-01-01 00:00:10.405,6,5,38,0,1869866,274
2022-01-01 00:00:10.406,7,6,37,2,2303022,274
2022-01-01 00:00:10.407,6,5,54,2,2771555,274
2022-01-01 00:00:10.408,7,6,40,2,2350400,274
2022-01-01 00:00:10.409,6,6,35,1,2064266,274
2022-01-01 00:00:10.410,7,8,32,3,2307733,274
2022-01-01 00:00:10.411,6,5,34,1,1800000,274
2022-01-01 00:00:10.412,6,6,33,3,1950666,274
2022-01-01 00:00:10.413,6,6,35,2,2023377,274
2022-01-01 00:00:10.414,7,5,30,3,1614666,274
2022-01-01 00:00:10.415,7,6,39,3,2170577,274
2022-01-01 00:00:10.416,7,5,26,3,1384888,274
2022-01-01 00:00:10.417,8,5,2,0,35377,274
2022-01-01 00:00:10.418,7,0,1,0,6666,274
2022-01-01 00:00:10.419,8,6,10,1,494044,274
2022-01-01 00:00:10.420,7,5,5,1,166133,274
2022-01-01 00:00:10.421,7,6,18,2,873066,274
2022-01-01 00:00:10.422,8,9,16,0,1295466,274
2022-01-01 00:00:10.423,8,0,1,0,622,274
2022-01-01 00:00:10.424,8,8,39,2,2987644,274
2022-01-01 00:00:10.425,5,1,82,4,2255466,274
2022-01-01 00:00:10.426,7,0,26,1,534044,274
2022-01-01 00:00:10.427,8,0,1,0,6666,274
2022-01-01 00:00:10.428,8,11,5,2,410577,274
2022-01-01 00:00:10.429,8,4,9,2,286133,274
2022-01-01 00:00:10.430,7,6,14,1,717866,274
2022-01-01 00:00:10.431,9,9,16,0,1073422,274
2022-01-01 00:00:10.432,7,0,4,0,380800,274
2022-01-01 00:00:10.433,7,4,1,0,48800,274
2022-01-01 00:00:10.434,5,3,46,5,1739911,274
2022-01-01 00:00:10.435,5,1,84,5,1859555,274
2022-01-01 00:00:10.436,4,0,78,6,1466222,274
2022-01-01 00:00:10.437,5,0,39,4,585244,274
2022-01-01 00:00:10.438,7,2,2,0,33244,319
2022-01-01 00:00:10.439,7,2,1,0,7200,319
2022-01-01 00:00:10.440,7,1,31,0,665511,319
2022-01-01 00:00:10.441,7,2,3,0,41511,319
2022-01-01 00:00:10.442,7,2,30,0,718755,319
2022-01-01 00:00:10.443,7,4,7,0,175022,319
2022-01-01 00:00:10.444,7,4,28,0,1287466,319
2022-01-01 00:00:10.445,7,4,31,0,1464444,319
2022-01-01 00:00:10.446,7,4,89,0,4185688,319
2022-01-01 00:00:10.447,7,3,2,0,17422,319
2022-01-01 00:00:10.448,7,4,11,0,420533,319
2022-01-01 00:00:10.449,7,4,10,0,333866,319
2022-01-01 00:00:10.450,7,4,1,0,7022,319
2022-01-01 00:00:10.451,7,5,17,0,653955,319
2022-01-01 00:00:10.452,7,4,16,0,641777,319
2022-01-01 00:00:10.453,7,4,9,1,258577,319
2022-01-01 00:00:10.454,7,4,28,2,1289244,319
2022-01-01 00:00:10.455,7,4,40,0,1895111,319
2022-01-01 00:00:10.456,7,4,90,0,4252622,319
2022-01-01 00:00:10.457,7,4,90,0,4269688,319
2022-01-01 00:00:10.458,7,4,4,0,158222,319
2022-01-01 00:00:10.459,7,4,11,0,420533,319
2022-01-01 00:00:10.460,7,4,11,0,341955,319
2022-01-01 00:00:10.461,7,4,1,0,19288,319
2022-01-01 00:00:10.462,7,4,1,0,7022,319
2022-01-01 00:00:10.463,7,4,13,0,531111,319
2022-01-01 00:00:10.464,7,3,2,0,17422,319
2022-01-01 00:00:10.465,7,3,1,0,5600,319
2022-01-01 00:00:10.466,7,4,36,1,1694222,319
2022-01-01 00:00:10.467,7,4,38,1,1797511,319
2022-01-01 00:00:10.468,7,4,24,1,1106666,319
2022-01-01 00:00:10.469,7,4,37,0,1719200,319
2022-01-01 00:00:10.470,7,3,2,0,16266,319
2022-01-01 00:00:10.471,5,0,1,0,6311,319
2022-01-01 00:00:10.472,5,0,36,2,542044,319
2022-01-01 00:00:10.473,5,0,2,0,16355,319
2022-01-01 00:00:10.474,5,0,14,0,206222,319
2022-01-01 00:00:10.475,5,0,58,1,891911,319
2022-01-01 00:00:10.476,5,0,41,1,630488,319
2022-01-01 00:00:10.477,5,0,28,3,430577,319
2022-01-01 00:00:10.478,5,0,29,3,445955,319
2022-01-01 00:00:10.479,5,0,30,4,461333,319
2022-01-01 00:00:10.480,5,0,29,1,445955,319
2022-01-01 00:00:10.481,5,0,29,3,445955,319
2022-01-01 00:00:10.482,5,0,31,1,476711,319
2022-01-01 00:00:10.483,5,0,35,3,538222,319
2022-01-01 00:00:10.484,5,0,14,0,204266,319
2022-01-01 00:00:10.485,5,0,1,0,15377,319
2022-01-01 00:00:10.486,5,0,1,0,6311,319
2022-01-01 00:00:10.487,5,0,28,0,420622,319
2022-01-01 00:00:10.488,5,0,18,1,240711,319
2022-01-01 00:00:10.489,5,0,6,0,76800,319
2022-01-01 00:00:10.490,5,0,39,2,650933,319
2022-01-01 00:00:10.491,5,1,7,0,159555,319
2022-01-01 00:00:10.492,5,2,15,0,337688,319
2022-01-01 00:00:10.493,5,2,39,2,960266,319
2022-01-01 00:00:10.494,5,0,1,0,19288,319
2022-01-01 00:00:10.495,5,1,4,0,98488,319
2022-01-01 00:00:10.496,5,1,47,2,1127555,319
2022-01-01 00:00:10.497,5,2,32,1,787911,319
2022-01-01 00:00:10.498,5,1,29,2,709422,319
2022-01-01 00:00:10.499,5,2,24,2,590933,319
2022-01-01 00:00:10.500,5,2,33,3,812533,319
2022-01-01 00:00:10.501,5,2,19,2,467822,319
2022-01-01 00:00:10.502,5,1,30,0,673955,319
2022-01-01 00:00:10.503,5,2,18,0,431822,319
2022-01-01 00:00:10.504,5,0,1,0,11822,319
2022-01-01 00:00:10.505,5,2,2,0,34311,319
2022-01-01 00:00:10.506,5,0,1,0,7200,319
2022-01-01 00:00:10.507,5,1,24,1,507733,319
2022-01-01 00:00:10.508,5,2,9,0,164659,319
2022-01-01 00:00:10.509,5,2,6,0,149393,319
2022-01-01 00:00:10.510,5,1,32,1,705688,319
2022-01-01 00:00:10.511,5,2,18,1,392711,319
2022-01-01 00:00:10.512,5,2,39,1,954933,319
2022-01-01 00:00:10.513,6,3,43,3,1573600,319
2022-01-01 00:00:10.514,6,4,32,1,1485362,319
2022-01-01 00:00:10.515,6,4,30,2,1402786,319
2022-01-01 00:00:10.516,6,4,26,0,1187377,319
2022-01-01 00:00:10.517,6,3,1,0,11466,319
2022-01-01 00:00:10.518,6,4,11,0,420533,319
2022-01-01 00:00:10.519,6,4,9,0,248622,319
2022-01-01 00:00:10.520,6,4,46,3,2158241,319
2022-01-01 00:00:10.521,6,4,26,0,1237033,319
2022-01-01 00:00:10.522,6,4,29,3,1314222,319
2022-01-01 00:00:10.523,6,4,1,0,11822,319
2022-01-01 00:00:10.524,6,4,13,0,494831,319
2022-01-01 00:00:10.525,6,3,8,0,181010,319
2022-01-01 00:00:10.526,6,4,1,0,7022,319
2022-01-01 00:00:10.527,5,4,10,0,418337,319
2022-01-01 00:00:10.528,6,4,37,1,1455555,319
2022-01-01 00:00:10.529,6,4,32,2,1479736,319
2022-01-01 00:00:10.530,6,4,32,1,1476266,319
2022-01-01 00:00:10.531,6,4,25,0,1170426,319
2022-01-01 00:00:10.532,6,4,24,3,1134222,319
2022-01-01 00:00:10.533,6,4,22,2,1013978,319
2022-01-01 00:00:10.534,6,4,32,1,1544533,319
2022-01-01 00:00:10.535,6,0,3,0,105617,319
2022-01-01 00:00:10.536,6,4,1,0,7022,319
2022-01-01 00:00:10.537,6,4,14,0,516088,319
2022-01-01 00:00:10.538,5,4,4,0,150329,319
2022-01-01 00:00:10.539,6,3,2,0,12622,319
2022-01-01 00:00:10.540,5,3,18,2,717303,319
2022-01-01 00:00:10.541,5,0,2,0,43911,319
2022-01-01 00:00:10.542,5,2,9,0,235340,319
2022-01-01 00:00:10.543,6,4,11,0,439555,319
2022-01-01 00:00:10.544,6,4,19,0,865333,319
2022-01-01 00:00:10.545,5,4,30,2,1366329,319
2022-01-01 00:00:10.546,6,4,31,2,1229777,319
2022-01-01 00:00:10.547,6,4,24,2,1123955,319
2022-01-01 00:00:10.548,5,4,25,2,1139076,319
2022-01-01 00:00:10.549,5,3,23,2,847911,319
2022-01-01 00:00:10.550,5,2,1,0,11822,319
2022-01-01 00:00:10.551,6,4,1,0,7022,319
2022-01-01 00:00:10.552,6,4,11,1,417977,319
2022-01-01 00:00:10.553,6,4,1,0,23648,319
2022-01-01 00:00:10.554,6,3,2,0,70222,319
2022-01-01 00:00:10.555,5,4,7,0,247555,319
2022-01-01 00:00:10.556,5,4,2,0,28622,319
2022-01-01 00:00:10.557,6,4,1,0,7022,319
2022-01-01 00:00:10.558,6,4,14,0,512539,319
2022-01-01 00:00:10.559,6,4,21,0,789362,319
2022-01-01 00:00:10.560,6,4,6,0,239111,319
2022-01-01 00:00:10.561,5,4,28,0,1287466,319
2022-01-01 00:00:10.562,6,4,42,2,1972800,319
2022-01-01 00:00:10.563,6,4,28,2,1312355,319
2022-01-01 00:00:10.564,6,4,28,1,1323733,319
2022-01-01 00:00:10.565,6,4,23,2,1060888,319
2022-01-01 00:00:10.566,6,3,1,4,5600,319
2022-01-01 00:00:10.567,6,4,1,0,7022,319
2022-01-01 00:00:10.568,6,4,12,0,516088,319
2022-01-01 00:00:10.569,6,4,39,2,1792266,319
2022-01-01 00:00:10.570,6,4,29,3,1321333,319
2022-01-01 00:00:10.571,6,4,33,1,1456800,319
2022-01-01 00:00:10.572,6,4,24,3,1071644,319
2022-01-01 00:00:10.573,6,4,24,2,1068800,319
2022-01-01 00:00:10.574,6,4,24,2,1114311,319
2022-01-01 00:00:10.575,5,4,30,3,1418488,319
2022-01-01 00:00:10.576,5,2,27,1,825511,319
2022-01-01 00:00:10.577,6,4,28,3,1303822,319
2022-01-01 00:00:10.578,6,4,29,0,1366844,319
2022-01-01 00:00:10.579,6,4,32,2,1467733,319
2022-01-01 00:00:10.580,6,4,23,0,1085422,319
2022-01-01 00:00:10.581,6,4,30,3,1395733,319
2022-01-01 00:00:10.582,6,4,33,0,1516533,319
2022-01-01 00:00:10.583,6,4,27,2,1272088,319
2022-01-01 00:00:10.584,6,4,32,1,1527466,319
2022-01-01 00:00:10.585,6,4,33,2,1508000,319
2022-01-01 00:00:10.586,6,4,32,0,1493333,319
2022-01-01 00:00:10.587,6,5,23,1,1238044,319
2022-01-01 00:00:10.588,6,4,19,0,771466,319
2022-01-01 00:00:10.589,6,4,31,3,1358488,319
2022-01-01 00:00:10.590,6,4,1,0,11822,319
2022-01-01 00:00:10.591,7,6,1,0,34577,319
2022-01-01 00:00:10.592,6,4,1,0,7022,319
2022-01-01 00:00:10.593,6,4,15,0,633866,319
2022-01-01 00:00:10.594,6,3,3,0,78311,319
2022-01-01 00:00:10.595,6,5,2,0,97600,319
2022-01-01 00:00:10.596,6,4,1,0,11822,319
2022-01-01 00:00:10.597,7,6,35,0,2348177,319
2022-01-01 00:00:10.598,6,6,20,1,1130844,319
2022-01-01 00:00:10.599,6,5,33,5,1870133,319
2022-01-01 00:00:10.600,6,4,39,1,1860533,319
2022-01-01 00:00:10.601,6,0,2,0,77688,319
2022-01-01 00:00:10.602,6,5,3,0,128177,319
2022-01-01 00:00:10.603,7,6,1,0,68888,319
2022-01-01 00:00:10.604,6,6,34,6,2176711,319
2022-01-01 00:00:10.605,6,5,24,4,1381511,319
2022-01-01 00:00:10.606,6,4,26,2,1197688,319
2022-01-01 00:00:10.607,7,5,23,1,1272088,319
2022-01-01 00:00:10.608,6,6,48,0,2917688,319
2022-01-01 00:00:10.609,6,4,33,2,1602400,319
2022-01-01 00:00:10.610,6,5,32,0,1536355,319
2022-01-01 00:00:10.611,6,6,24,1,1518755,319
2022-01-01 00:00:10.612,6,5,28,2,1540266,319
2022-01-01 00:00:10.613,6,4,23,1,1054133,319
2022-01-01 00:00:10.614,6,4,46,1,2156622,319
2022-01-01 00:00:10.615,6,4,26,0,1237511,319
2022-01-01 00:00:10.616,6,4,28,3,1300977,319
2022-01-01 00:00:10.617,6,4,23,2,1017155,319
2022-01-01 00:00:10.618,6,4,27,0,1205333,319
2022-01-01 00:00:10.619,6,4,27,2,1277777,319
2022-01-01 00:00:10.620,6,4,24,1,1145600,319
2022-01-01 00:00:10.621,6,4,32,1,1467733,319
2022-01-01 00:00:10.622,6,4,18,1,832888,319
2022-01-01 00:00:10.623,6,4,26,0,1209066,319
2022-01-01 00:00:10.624,6,4,28,0,1343644,319
2022-01-01 00:00:10.625,6,4,28,2,1286755,319
2022-01-01 00:00:10.626,6,4,31,1,1453066,319
2022-01-01 00:00:10.627,6,4,20,3,919111,319
2022-01-01 00:00:10.628,6,4,27,0,1185422,319
2022-01-01 00:00:10.629,6,4,25,2,1171644,319
2022-01-01 00:00:10.630,6,4,39,1,1772355,319
2022-01-01 00:00:10.631,6,4,24,1,1050400,319
2022-01-01 00:00:10.632,6,4,26,4,1173600,319
2022-01-01 00:00:10.633,6,4,20,3,896355,319
2022-01-01 00:00:10.634,6,4,24,1,1091555,319
2022-01-01 00:00:10.635,6,4,19,2,881688,319
2022-01-01 00:00:10.636,6,4,26,1,1214755,319
2022-01-01 00:00:10.637,6,4,24,1,1148444,319
2022-01-01 00:00:10.638,6,4,29,2,1335555,319
2022-01-01 00:00:10.639,6,4,27,1,1252177,319
2022-01-01 00:00:10.640,6,4,24,3,1117155,319
2022-01-01 00:00:10.641,6,4,25,4,1180177,319
2022-01-01 00:00:10.642,6,3,25,1,850222,319
2022-01-01 00:00:10.643,6,4,29,3,1244533,319
2022-01-01 00:00:10.644,6,2,27,0,710311,319
2022-01-01 00:00:10.645,6,3,26,1,1035288,319
2022-01-01 00:00:10.646,6,4,12,0,521244,319
2022-01-01 00:00:10.647,6,4,25,0,1031022,319
2022-01-01 00:00:10.648,6,4,33,3,1453244,319
2022-01-01 00:00:10.649,6,4,21,3,879733,319
2022-01-01 00:00:10.650,6,3,31,1,1171466,319
2022-01-01 00:00:10.651,6,4,38,1,1646666,319
2022-01-01 00:00:10.652,6,3,17,2,614844,319
2022-01-01 00:00:10.653,6,3,48,2,1672533,319
2022-01-01 00:00:10.654,6,4,30,1,1285155,319
2022-01-01 00:00:10.655,6,4,12,1,514133,319
2022-01-01 00:00:10.656,3,1,20,2,446222,319
2022-01-01 00:00:10.657,2,0,30,2,461333,319
2022-01-01 00:00:10.658,2,0,28,2,430577,319
2022-01-01 00:00:10.659,2,0,28,1,430577,319
2022-01-01 00:00:10.660,2,0,32,1,492088,319
2022-01-01 00:00:10.661,2,0,26,2,399822,319
2022-01-01 00:00:10.662,2,0,26,5,399822,319
2022-01-01 00:00:10.663,2,0,30,0,417066,319
2022-01-01 00:00:10.664,2,0,43,2,661244,319
2022-01-01 00:00:10.665,2,0,45,0,692000,319
2022-01-01 00:00:10.666,2,0,26,3,395428,319
2022-01-01 00:00:10.667,2,0,27,2,419865,319
2022-01-01 00:00:10.668,2,0,26,1,399822,319
2022-01-01 00:00:10.669,2,0,32,1,492088,319
2022-01-01 00:00:10.670,2,0,27,2,415200,319
2022-01-01 00:00:10.671,2,0,28,2,430577,319
2022-01-01 00:00:10.672,2,0,25,3,384444,319
2022-01-01 00:00:10.673,2,0,28,1,430577,319
2022-01-01 00:00:10.674,2,0,31,2,476711,319
2022-01-01 00:00:10.675,2,0,29,1,445955,319
2022-01-01 00:00:10.676,2,0,24,5,369066,319
2022-01-01 00:00:10.677,2,0,25,2,384444,319
2022-01-01 00:00:10.678,2,0,28,3,430577,319
2022-01-01 00:00:10.679,2,0,29,0,445955,319
2022-01-01 00:00:10.680,2,0,23,4,353688,319
2022-01-01 00:00:10.681,2,0,26,4,399822,319
2022-01-01 00:00:10.682,2,0,27,2,415200,319
2022-01-01 00:00:10.683,2,0,30,1,453155,319
2022-01-01 00:00:10.684,2,0,26,2,399822,319
2022-01-01 00:00:10.685,2,0,28,1,430577,319
2022-01-01 00:00:10.686,2,0,26,2,397333,319
2022-01-01 00:00:10.687,2,0,32,1,492088,319
2022-01-01 00:00:10.688,2,0,27,1,415200,319
2022-01-01 00:00:10.689,2,0,29,1,445955,319
2022-01-01 00:00:10.690,2,0,28,1,426311,319
2022-01-01 00:00:10.691,2,0,27,1,415200,319
2022-01-01 00:00:10.692,2,0,16,0,236088,319
2022-01-01 00:00:10.693,2,0,1,0,15377,319
2022-01-01 00:00:10.694,2,0,1,0,6311,319
2022-01-01 00:00:10.695,2,0,42,1,645155,319
2022-01-01 00:00:10.696,2,0,7,1,84888,319
2022-01-01 00:00:10.697,2,0,1,0,6311,319
2022-01-01 00:00:10.698,2,0,42,2,645866,319
2022-01-01 00:00:10.699,2,0,30,2,461333,319
2022-01-01 00:00:10.700,2,0,30,2,461333,319
2022-01-01 00:00:10.701,2,0,29,2,445955,319
2022-01-01 00:00:10.702,2,0,36,0,553600,319
2022-01-01 00:00:10.703,2,0,28,1,430577,319
2022-01-01 00:00:10.704,2,0,31,2,476711,319
2022-01-01 00:00:10.705,2,0,31,0,476711,319
2022-01-01 00:00:10.706,2,0,31,1,476711,319
2022-01-01 00:00:10.707,2,0,33,1,507466,319
2022-01-01 00:00:10.708,2,0,31,0,476711,319
2022-01-01 00:00:10.709,2,0,33,1,507466,319
2022-01-01 00:00:10.710,2,0,23,3,353688,319
2022-01-01 00:00:10.711,2,0,26,4,399822,319
2022-01-01 00:00:10.712,2,0,28,2,430577,319
2022-01-01 00:00:10.713,2,0,36,0,553600,319
2022-01-01 00:00:10.714,2,0,28,1,430577,319
2022-01-01 00:00:10.715,2,0,27,2,415200,319
2022-01-01 00:00:10.716,2,0,31,1,476711,319
2022-01-01 00:00:10.717,2,0,30,1,461333,319
2022-01-01 00:00:10.718,2,0,28,3,430577,319
2022-01-01 00:00:10.719,2,0,26,2,399822,319
2022-01-01 00:00:10.720,2,0,30,3,461333,319
2022-01-01 00:00:10.721,2,0,31,0,476711,319
2022-01-01 00:00:10.722,2,0,31,2,476711,319
2022-01-01 00:00:10.723,2,0,24,4,369066,319
2022-01-01 00:00:10.724,2,0,27,2,415200,319
2022-01-01 00:00:10.725,2,0,33,1,507466,319
2022-01-01 00:00:10.726,2,0,31,0,476711,319
2022-01-01 00:00:10.727,2,0,32,2,492088,319
2022-01-01 00:00:10.728,2,0,36,0,553600,319
2022-01-01 00:00:10.729,2,0,27,2,415200,319
2022-01-01 00:00:10.730,2,0,24,3,369066,319
2022-01-01 00:00:10.731,2,0,23,1,353688,319
2022-01-01 00:00:10.732,2,0,24,2,369066,319
2022-01-01 00:00:10.733,2,0,26,3,399822,319
2022-01-01 00:00:10.734,2,0,27,1,415200,319
2022-01-01 00:00:10.735,2,0,28,2,430577,319
2022-01-01 00:00:10.736,2,0,29,2,445955,319
2022-01-01 00:00:10.737,2,0,26,4,399822,319
2022-01-01 00:00:10.738,2,0,26,2,399822,319
2022-01-01 00:00:10.739,2,0,26,2,399822,319
2022-01-01 00:00:10.740,2,0,24,1,369066,319
2022-01-01 00:00:10.741,2,0,24,2,369066,319
2022-01-01 00:00:10.742,2,0,32,1,492088,319
2022-01-01 00:00:10.743,2,0,30,4,461333,319
2022-01-01 00:00:10.744,2,0,26,0,399822,319
2022-01-01 00:00:10.745,2,0,30,4,461333,319
2022-01-01 00:00:10.746,2,0,25,0,384444,319
2022-01-01 00:00:10.747,2,0,29,2,445955,319
2022-01-01 00:00:10.748,2,0,28,3,430577,319
2022-01-01 00:00:10.749,2,0,26,3,399822,319
2022-01-01 00:00:10.750,2,0,23,0,294666,319
2022-01-01 00:00:10.751,2,0,45,2,662488,319
2022-01-01 00:00:10.752,2,0,41,0,556711,319
2022-01-01 00:00:10.753,2,0,44,3,676622,319
2022-01-01 00:00:10.754,2,0,37,2,568977,319
2022-01-01 00:00:10.755,2,0,28,0,430577,319
2022-01-01 00:00:10.756,2,0,23,3,353688,319
2022-01-01 00:00:10.757,2,0,24,3,366577,319
2022-01-01 00:00:10.758,2,0,27,1,415200,319
2022-01-01 00:00:10.759,2,0,25,3,384444,319
2022-01-01 00:00:10.760,2,0,27,3,385688,319
2022-01-01 00:00:10.761,2,0,40,5,600355,319
2022-01-01 00:00:10.762,2,0,36,3,553600,319
2022-01-01 00:00:10.763,2,1,27,1,544622,319
2022-01-01 00:00:10.764,2,2,20,0,492444,319
2022-01-01 00:00:10.765,2,1,38,1,910577,319
2022-01-01 00:00:10.766,2,2,44,0,1083377,319
2022-01-01 00:00:10.767,2,2,23,1,566311,319
2022-01-01 00:00:10.768,2,2,24,1,590933,319
2022-01-01 00:00:10.769,2,2,26,1,640177,319
2022-01-01 00:00:10.770,2,2,20,0,492444,319
2022-01-01 00:00:10.771,2,2,23,1,566311,319
2022-01-01 00:00:10.772,2,1,24,1,543644,319
2022-01-01 00:00:10.773,2,2,35,4,861777,319
2022-01-01 00:00:10.774,2,2,37,0,911022,319
2022-01-01 00:00:10.775,2,2,22,2,541688,319
2022-01-01 00:00:10.776,2,2,21,2,517066,319
2022-01-01 00:00:10.777,2,2,23,2,566311,319
2022-01-01 00:00:10.778,2,2,24,1,590933,319
2022-01-01 00:00:10.779,2,2,21,3,517066,319
2022-01-01 00:00:10.780,2,2,26,0,640177,319
2022-01-01 00:00:10.781,2,2,19,4,467822,319
2022-01-01 00:00:10.782,2,2,24,2,590933,319
2022-01-01 00:00:10.783,2,2,20,2,492444,319
2022-01-01 00:00:10.784,2,0,19,3,347644,319
2022-01-01 00:00:10.785,2,1,23,1,464622,319
2022-01-01 00:00:10.786,2,2,25,0,615555,319
2022-01-01 00:00:10.787,2,2,24,3,579555,319
2022-01-01 00:00:10.788,2,1,17,2,339146,319
2022-01-01 00:00:10.789,2,0,36,3,504967,319
2022-01-01 00:00:10.790,2,0,40,1,665066,319
2022-01-01 00:00:10.791,2,0,36,3,701511,319
2022-01-01 00:00:10.792,2,1,26,1,529244,319
2022-01-01 00:00:10.793,2,1,21,0,376266,319
2022-01-01 00:00:10.794,2,2,44,2,1059733,319
2022-01-01 00:00:10.795,2,2,38,3,935644,319
2022-01-01 00:00:10.796,2,1,25,1,569333,319
2022-01-01 00:00:10.797,2,2,23,0,566311,319
2022-01-01 00:00:10.798,2,2,23,0,566311,319
2022-01-01 00:00:10.799,2,2,21,2,517066,319
2022-01-01 00:00:10.800,2,2,22,1,541688,319
2022-01-01 00:00:10.801,2,2,21,2,517066,319
2022-01-01 00:00:10.802,2,2,21,1,517066,319
2022-01-01 00:00:10.803,2,2,22,1,541688,319
2022-01-01 00:00:10.804,2,2,19,2,467822,319
2022-01-01 00:00:10.805,2,2,25,1,615555,319
2022-01-01 00:00:10.806,2,2,22,1,541688,319
2022-01-01 00:00:10.807,2,1,17,2,409333,319
2022-01-01 00:00:10.808,2,2,25,0,606311,319
2022-01-01 00:00:10.809,2,2,31,2,761866,319
2022-01-01 00:00:10.810,2,2,36,2,886400,319
2022-01-01 00:00:10.811,2,1,18,3,369244,319
2022-01-01 00:00:10.812,2,0,20,2,381511,319
2022-01-01 00:00:10.813,2,0,29,2,501422,319
2022-01-01 00:00:10.814,2,0,23,1,446133,319
2022-01-01 00:00:10.815,2,2,22,0,541688,319
2022-01-01 00:00:10.816,2,2,22,2,541688,319
2022-01-01 00:00:10.817,2,1,15,1,297333,319
2022-01-01 00:00:10.818,2,2,34,1,773511,319
2022-01-01 00:00:10.819,2,2,27,0,777155,319
2022-01-01 00:00:10.820,7,9,10,0,767466,319
2022-01-01 00:00:10.821,7,13,6,0,780266,319
2022-01-01 00:00:10.822,7,13,6,1,771733,319
2022-01-01 00:00:10.823,7,13,6,0,771733,319
2022-01-01 00:00:10.824,7,13,4,0,508800,319
2022-01-01 00:00:10.825,7,13,6,1,763200,319
2022-01-01 00:00:10.826,7,13,7,0,898933,319
2022-01-01 00:00:10.827,7,13,7,0,890400,319
2022-01-01 00:00:10.828,7,13,7,0,890400,319
2022-01-01 00:00:10.829,7,13,6,0,763200,319
2022-01-01 00:00:10.830,7,13,5,1,644533,319
2022-01-01 00:00:10.831,7,13,9,0,1153333,319
2022-01-01 00:00:10.832,7,13,7,0,898933,319
2022-01-01 00:00:10.833,7,13,8,0,1026133,319
2022-01-01 00:00:10.834,7,13,9,0,1144800,319
2022-01-01 00:00:10.835,8,14,9,0,1187466,319
2022-01-01 00:00:10.836,7,13,11,0,1445333,319
2022-01-01 00:00:10.837,7,13,11,1,1428000,319
2022-01-01 00:00:10.838,7,14,10,1,1307911,319
2022-01-01 00:00:10.839,7,13,14,0,1818133,319
2022-01-01 00:00:10.840,7,13,12,1,1550933,319
2022-01-01 00:00:10.841,7,13,12,0,1564000,319
2022-01-01 00:00:10.842,7,13,15,2,1970400,319
2022-01-01 00:00:10.843,7,15,5,1,625511,319
2022-01-01 00:00:10.844,7,12,7,0,594222,319
2022-01-01 00:00:10.845,7,13,4,2,325688,319
2022-01-01 00:00:10.846,7,11,8,1,321777,319
2022-01-01 00:00:10.847,7,12,1,0,6488,319
2022-01-01 00:00:10.848,7,13,4,0,416533,319
2022-01-01 00:00:10.849,7,12,6,1,279377,319
2022-01-01 00:00:10.850,7,13,4,0,249066,319
2022-01-01 00:00:10.851,7,14,34,0,4671022,319
2022-01-01 00:00:10.852,7,14,18,3,2796800,319
2022-01-01 00:00:10.853,7,14,21,1,3224800,319
2022-01-01 00:00:10.854,7,13,16,0,2118933,319
2022-01-01 00:00:10.855,6,9,1,0,6666,319
2022-01-01 00:00:10.856,6,11,10,0,648177,319
2022-01-01 00:00:10.857,6,8,1,0,8977,319
2022-01-01 00:00:10.858,6,12,5,0,621066,319
2022-01-01 00:00:10.859,6,9,2,0,78755,319
2022-01-01 00:00:10.860,6,10,5,0,159911,319
2022-01-01 00:00:10.861,6,5,2,0,19200,319
2022-01-01 00:00:10.862,6,11,12,0,1280355,319
2022-01-01 00:00:10.863,6,11,1,0,74577,319
2022-01-01 00:00:10.864,6,13,36,1,4805066,319
2022-01-01 00:00:10.865,6,11,11,0,901066,319
2022-01-01 00:00:10.866,6,6,1,0,6666,319
2022-01-01 00:00:10.867,6,10,10,2,667555,319
2022-01-01 00:00:10.868,6,8,1,0,8977,319
2022-01-01 00:00:10.869,7,12,1,0,6488,319
2022-01-01 00:00:10.870,6,10,8,0,696000,319
2022-01-01 00:00:10.871,6,10,6,0,183822,319
2022-01-01 00:00:10.872,6,11,12,0,1281777,319
2022-01-01 00:00:10.873,6,11,24,2,2543111,319
2022-01-01 00:00:10.874,6,13,38,0,4952800,319
2022-01-01 00:00:10.875,6,11,22,2,2414400,319
2022-01-01 00:00:10.876,6,9,7,0,691111,319
2022-01-01 00:00:10.877,6,9,1,0,15733,319
2022-01-01 00:00:10.878,6,6,1,0,6666,319
2022-01-01 00:00:10.879,6,0,4,0,412266,319
2022-01-01 00:00:10.880,6,10,6,0,225066,319
2022-01-01 00:00:10.881,7,11,1,0,5600,319
2022-01-01 00:00:10.882,6,12,21,1,2102577,319
2022-01-01 00:00:10.883,6,13,23,4,2659022,319
2022-01-01 00:00:10.884,6,12,5,0,427466,319
2022-01-01 00:00:10.885,6,10,7,0,263555,319
2022-01-01 00:00:10.886,7,10,1,0,8977,319
2022-01-01 00:00:10.887,6,13,7,0,636177,319
2022-01-01 00:00:10.888,6,9,2,0,116800,319
2022-01-01 00:00:10.889,6,9,3,0,85777,319
2022-01-01 00:00:10.890,6,10,4,1,154488,319
2022-01-01 00:00:10.891,6,11,13,1,1281866,319
2022-01-01 00:00:10.892,5,10,25,3,2288266,319
2022-01-01 00:00:10.893,6,12,19,2,2088266,319
2022-01-01 00:00:10.894,5,11,13,2,1244000,319
2022-01-01 00:00:10.895,6,5,1,0,11466,319
2022-01-01 00:00:10.896,5,10,6,0,421511,319
2022-01-01 00:00:10.897,5,8,6,0,308977,319
2022-01-01 00:00:10.898,6,6,1,0,6666,319
2022-01-01 00:00:10.899,6,11,6,0,436622,319
2022-01-01 00:00:10.900,6,8,5,0,239911,319
2022-01-01 00:00:10.901,6,10,1,0,6666,319
2022-01-01 00:00:10.902,6,10,13,1,858755,319
2022-01-01 00:00:10.903,6,8,1,0,8977,319
2022-01-01 00:00:10.904,6,10,17,1,1302133,319
2022-01-01 00:00:10.905,6,12,32,1,3520000,319
2022-01-01 00:00:10.906,6,11,20,1,2098666,319
2022-01-01 00:00:10.907,6,11,2,0,17066,319
2022-01-01 00:00:10.908,5,10,1,0,6666,319
2022-01-01 00:00:10.909,5,7,10,0,668266,319
2022-01-01 00:00:10.910,6,8,1,0,8977,319
2022-01-01 00:00:10.911,6,12,1,0,110133,319
2022-01-01 00:00:10.912,5,9,2,0,12266,319
2022-01-01 00:00:10.913,6,10,13,0,883466,319
2022-01-01 00:00:10.914,6,8,1,0,8977,319
2022-01-01 00:00:10.915,6,11,16,0,1310400,319
2022-01-01 00:00:10.916,6,11,24,1,2592000,319
2022-01-01 00:00:10.917,6,12,19,2,2092533,319
2022-01-01 00:00:10.918,5,11,10,0,954844,319
2022-01-01 00:00:10.919,8,6,1,0,6666,319
2022-01-01 00:00:10.920,8,14,9,0,726044,319
2022-01-01 00:00:10.921,8,7,1,1,12177,319
2022-01-01 00:00:10.922,8,12,1,0,6488,319
2022-01-01 00:00:10.923,8,15,4,0,413511,319
2022-01-01 00:00:10.924,8,11,5,0,239472,319
2022-01-01 00:00:10.925,8,13,2,0,15822,319
2022-01-01 00:00:10.926,8,13,7,0,714461,319
2022-01-01 00:00:10.927,8,14,11,1,1036584,319
2022-01-01 00:00:10.928,8,16,4,0,457244,319
2022-01-01 00:00:10.929,8,15,15,1,1924584,319
2022-01-01 00:00:10.930,8,17,24,2,3797333,319
2022-01-01 00:00:10.931,8,11,1,0,11466,319
2022-01-01 00:00:10.932,8,12,1,0,6561,319
2022-01-01 00:00:10.933,8,17,3,0,412177,319
2022-01-01 00:00:10.934,8,14,5,0,317362,319
2022-01-01 00:00:10.935,8,12,1,0,6488,319
2022-01-01 00:00:10.936,8,16,4,0,533600,319
2022-01-01 00:00:10.937,8,14,1,0,16967,319
2022-01-01 00:00:10.938,7,14,8,0,1052533,319
2022-01-01 00:00:10.939,7,14,15,0,2147822,319
2022-01-01 00:00:10.940,8,17,17,1,3116224,319
2022-01-01 00:00:10.941,8,11,2,0,17066,319
2022-01-01 00:00:10.942,8,14,1,0,17155,319
2022-01-01 00:00:10.943,7,12,1,0,20000,319
2022-01-01 00:00:10.944,8,0,1,0,6666,274
2022-01-01 00:00:10.945,9,8,4,1,413688,274
2022-01-01 00:00:10.946,8,0,7,0,247555,274
2022-01-01 00:00:10.947,8,11,9,0,711022,274
2022-01-01 00:00:10.948,9,0,6,0,225422,274
2022-01-01 00:00:10.949,9,0,12,0,1219022,274
2022-01-01 00:00:10.950,6,9,84,2,6415111,274
2022-01-01 00:00:10.951,7,0,74,0,4248711,274
2022-01-01 00:00:10.952,9,11,1,0,6666,274
2022-01-01 00:00:10.953,9,11,5,0,410577,274
2022-01-01 00:00:10.954,9,11,8,1,335288,274
2022-01-01 00:00:10.955,8,10,1,0,5600,274
2022-01-01 00:00:10.956,9,10,7,0,329333,274
2022-01-01 00:00:10.957,8,8,1,0,5600,274
2022-01-01 00:00:10.958,8,9,9,0,803644,274
2022-01-01 00:00:10.959,7,8,2,0,7288,274
2022-01-01 00:00:10.960,7,9,10,0,543822,274
2022-01-01 00:00:10.961,7,9,2,0,88177,274
2022-01-01 00:00:10.962,8,6,16,2,1377777,274
2022-01-01 00:00:10.963,6,8,53,2,2926577,274
2022-01-01 00:00:10.964,5,11,44,1,2002133,274
2022-01-01 00:00:10.965,6,11,45,3,1674133,274
2022-01-01 00:00:10.966,7,8,23,1,1027111,274
2022-01-01 00:00:10.967,7,8,1,0,5600,274
2022-01-01 00:00:10.968,8,11,1,0,7022,274
2022-01-01 00:00:10.969,7,8,12,1,516977,274
2022-01-01 00:00:10.970,8,10,3,0,60711,274
2022-01-01 00:00:10.971,8,8,2,0,38755,274
2022-01-01 00:00:10.972,8,7,1,0,7022,274
2022-01-01 00:00:10.973,8,8,1,1,20000,274
2022-01-01 00:00:10.974,7,10,8,1,487644,274
2022-01-01 00:00:10.975,7,6,21,4,1511377,274
2022-01-01 00:00:10.976,6,0,54,7,3223822,274
2022-01-01 00:00:10.977,6,9,17,3,596711,274
2022-01-01 00:00:10.978,8,10,1,0,3644,274
2022-01-01 00:00:10.979,8,10,1,0,6666,274
2022-01-01 00:00:10.980,7,9,12,0,501422,274
2022-01-01 00:00:10.981,7,11,1,0,5600,274
2022-01-01 00:00:10.982,8,9,3,0,97155,274
2022-01-01 00:00:10.983,8,10,1,0,6666,274
2022-01-01 00:00:10.984,8,11,7,0,412177,274
2022-01-01 00:00:10.985,8,11,7,1,251111,274
2022-01-01 00:00:10.986,7,11,13,2,783911,274
2022-01-01 00:00:10.987,8,10,6,0,372088,274
2022-01-01 00:00:10.988,8,12,11,0,989422,274
2022-01-01 00:00:10.989,7,11,55,7,3654844,274
2022-01-01 00:00:10.990,7,10,37,1,1980977,274
2022-01-01 00:00:10.991,7,11,1,0,17155,274
2022-01-01 00:00:10.992,8,10,1,0,7022,274
2022-01-01 00:00:10.993,7,10,13,1,668533,274
2022-01-01 00:00:10.994,7,11,1,0,6666,274
2022-01-01 00:00:10.995,8,10,6,1,476800,274
2022-01-01 00:00:10.996,7,13,12,0,398400,274
2022-01-01 00:00:10.997,7,10,15,1,1203466,274
2022-01-01 00:00:10.998,8,11,1,0,97333,274
2022-01-01 00:00:10.999,8,11,6,0,482488,274
2022-01-01 00:00:11.000,6,11,56,2,3352533,274
2022-01-01 00:00:11.001,6,11,33,1,1865422,274
2022-01-01 00:00:11.002,8,9,1,0,27466,274
2022-01-01 00:00:11.003,8,11,1,0,7022,274
2022-01-01 00:00:11.004,8,11,1,1,5600,274
2022-01-01 00:00:11.005,7,9,12,1,650222,274
2022-01-01 00:00:11.006,7,11,2,0,13155,274
2022-01-01 00:00:11.007,7,9,14,1,716266,274
2022-01-01 00:00:11.008,7,11,9,0,377333,274
2022-01-01 00:00:11.009,7,10,17,0,1082755,274
2022-01-01 00:00:11.010,8,12,25,5,2027822,274
2022-01-01 00:00:11.011,6,11,44,6,2608888,274
2022-01-01 00:00:11.012,6,13,26,1,1090222,274
2022-01-01 00:00:11.013,8,12,1,0,6666,274
2022-01-01 00:00:11.014,8,9,2,0,9955,274
2022-01-01 00:00:11.015,8,12,14,0,872177,274
2022-01-01 00:00:11.016,8,11,13,0,706400,274
2022-01-01 00:00:11.017,8,10,5,0,255200,274
2022-01-01 00:00:11.018,9,12,1,0,6488,274
2022-01-01 00:00:11.019,9,9,9,0,498577,274
2022-01-01 00:00:11.020,8,12,66,0,6078400,274
2022-01-01 00:00:11.021,7,6,50,0,4644622,274
2022-01-01 00:00:11.022,8,11,55,0,4130666,274
2022-01-01 00:00:11.023,8,13,52,0,4873066,274
2022-01-01 00:00:11.024,7,11,55,0,4355644,274
2022-01-01 00:00:11.025,8,11,48,1,4701155,274
2022-01-01 00:00:11.026,7,12,51,1,3322755,274
2022-01-01 00:00:11.027,8,0,53,1,4717955,274
2022-01-01 00:00:11.028,8,13,43,0,3685244,274
2022-01-01 00:00:11.029,8,12,1,0,6488,274
2022-01-01 00:00:11.030,8,11,5,0,410222,274
2022-01-01 00:00:11.031,9,12,9,0,240088,274
2022-01-01 00:00:11.032,9,11,15,0,713155,274
2022-01-01 00:00:11.033,8,12,7,0,162666,274
2022-01-01 00:00:11.034,8,12,16,0,1282400,274
2022-01-01 00:00:11.035,7,10,61,0,5616800,274
2022-01-01 00:00:11.036,9,9,2,0,17066,274
2022-01-01 00:00:11.037,9,12,1,0,7022,274
2022-01-01 00:00:11.038,9,11,5,0,410933,274
2022-01-01 00:00:11.039,8,13,8,0,337777,274
2022-01-01 00:00:11.040,9,12,1,0,6666,274
2022-01-01 00:00:11.041,8,12,7,0,531377,274
2022-01-01 00:00:11.042,9,11,1,0,15733,274
2022-01-01 00:00:11.043,9,12,1,0,5600,274
2022-01-01 00:00:11.044,8,11,28,0,3159377,274
2022-01-01 00:00:11.045,9,10,9,0,1121955,274
2022-01-01 00:00:11.046,8,10,15,0,2006044,274
2022-01-01 00:00:11.047,9,11,1,0,15733,274
2022-01-01 00:00:11.048,9,11,1,0,6488,274
2022-01-01 00:00:11.049,9,12,5,0,541155,274
2022-01-01 00:00:11.050,8,11,1,0,15733,274
2022-01-01 00:00:11.051,9,13,9,0,752898,274
2022-01-01 00:00:11.052,8,12,23,0,2410133,274
2022-01-01 00:00:11.053,8,11,16,0,1667555,274
2022-01-01 00:00:11.054,9,10,2,0,16879,274
2022-01-01 00:00:11.055,9,12,1,0,6417,274
2022-01-01 00:00:11.056,9,12,6,0,503644,274
2022-01-01 00:00:11.057,9,14,3,0,160808,274
2022-01-01 00:00:11.058,9,11,6,0,629955,274
2022-01-01 00:00:11.059,8,12,8,0,252131,274
2022-01-01 00:00:11.060,9,12,14,0,1286577,274
2022-01-01 00:00:11.061,9,12,1,0,622,274
2022-01-01 00:00:11.062,8,13,30,0,4400977,274
2022-01-01 00:00:11.063,8,0,10,1,1260853,274
2022-01-01 00:00:11.064,8,0,1,0,6488,274
2022-01-01 00:00:11.065,7,0,17,0,736355,274
2022-01-01 00:00:11.066,9,0,1,0,11595,274
2022-01-01 00:00:11.067,8,0,1,0,6488,274
2022-01-01 00:00:11.068,8,0,6,0,656000,274
2022-01-01 00:00:11.069,8,0,2,0,12266,274
2022-01-01 00:00:11.070,9,0,7,1,691604,274
2022-01-01 00:00:11.071,8,0,6,0,195911,274
2022-01-01 00:00:11.072,8,12,10,1,1283733,274
2022-01-01 00:00:11.073,8,0,9,0,1037600,274
2022-01-01 00:00:11.074,8,0,33,3,4668088,274
2022-01-01 00:00:11.075,8,0,1,0,6593,274
2022-01-01 00:00:11.076,8,0,9,0,499466,274
2022-01-01 00:00:11.077,8,0,5,0,247022,274
2022-01-01 00:00:11.078,9,0,1,0,6417,274
2022-01-01 00:00:11.079,9,0,7,0,654933,274
2022-01-01 00:00:11.080,8,0,1,0,6666,274
2022-01-01 00:00:11.081,9,0,7,0,635377,274
2022-01-01 00:00:11.082,8,0,9,0,238311,274
2022-01-01 00:00:11.083,9,0,10,0,1287733,274
2022-01-01 00:00:11.084,7,0,43,1,4824266,274
2022-01-01 00:00:11.085,7,0,54,0,4627022,274
2022-01-01 00:00:11.086,7,0,14,0,1077333,274
2022-01-01 00:00:11.087,9,0,1,0,6488,274
2022-01-01 00:00:11.088,8,0,2,0,162400,274
2022-01-01 00:00:11.089,8,0,11,0,598133,274
2022-01-01 00:00:11.090,8,0,1,0,6488,274
2022-01-01 00:00:11.091,8,0,3,1,415466,274
2022-01-01 00:00:11.092,8,0,8,1,244800,274
2022-01-01 00:00:11.093,8,0,10,0,717333,274
2022-01-01 00:00:11.094,9,0,5,0,180888,274
2022-01-01 00:00:11.095,8,0,12,0,1283200,274
2022-01-01 00:00:11.096,9,8,4,0,586813,274
2022-01-01 00:00:11.097,8,11,34,1,5016355,274
2022-01-01 00:00:11.098,9,11,1,0,6488,274
2022-01-01 00:00:11.099,8,11,5,1,411466,274
2022-01-01 00:00:11.100,9,11,9,1,330577,274
2022-01-01 00:00:11.101,8,11,1,0,6488,274
2022-01-01 00:00:11.102,8,11,8,0,486400,274
2022-01-01 00:00:11.103,8,7,4,0,165688,274
2022-01-01 00:00:11.104,8,11,3,1,225866,274
2022-01-01 00:00:11.105,9,11,10,0,657955,274
2022-01-01 00:00:11.106,8,11,11,1,1308314,274
2022-01-01 00:00:11.107,8,11,1,0,615,274
2022-01-01 00:00:11.108,8,11,40,2,5619644,274
2022-01-01 00:00:11.109,8,11,1,0,20711,274
2022-01-01 00:00:11.110,8,11,1,0,6666,274
2022-01-01 00:00:11.111,8,11,5,0,482400,274
2022-01-01 00:00:11.112,7,7,37,0,3625333,274
2022-01-01 00:00:11.113,8,11,14,0,1137955,274
2022-01-01 00:00:11.114,8,11,1,0,6488,274
2022-01-01 00:00:11.115,8,7,11,0,610311,274
2022-01-01 00:00:11.116,8,11,10,0,1128000,274
2022-01-01 00:00:11.117,7,11,29,2,3580800,274
2022-01-01 00:00:11.118,8,11,1,0,6488,274
2022-01-01 00:00:11.119,8,11,8,0,498666,274
2022-01-01 00:00:11.120,7,11,66,0,6459022,274
2022-01-01 00:00:11.121,7,11,46,2,4225600,274
2022-01-01 00:00:11.122,7,11,48,1,4630222,274
2022-01-01 00:00:11.123,8,8,45,1,4749422,274
2022-01-01 00:00:11.124,7,11,48,2,4321066,274
2022-01-01 00:00:11.125,8,11,31,1,2862044,274
2022-01-01 00:00:11.126,8,11,1,0,6488,274
2022-01-01 00:00:11.127,8,11,15,0,724711,274
2022-01-01 00:00:11.128,8,11,2,0,134400,274
2022-01-01 00:00:11.129,9,11,1,0,156800,274
2022-01-01 00:00:11.130,7,11,67,1,6581333,274
2022-01-01 00:00:11.131,7,11,56,1,5564444,274
2022-01-01 00:00:11.132,7,11,41,1,4201155,274
2022-01-01 00:00:11.133,7,11,48,0,4493511,274
2022-01-01 00:00:11.134,8,11,51,0,5079733,274
2022-01-01 00:00:11.135,7,11,45,0,4405777,274
2022-01-01 00:00:11.136,8,11,51,0,5186044,274
2022-01-01 00:00:11.137,7,11,47,0,4550133,274
2022-01-01 00:00:11.138,8,11,49,2,5107822,274
2022-01-01 00:00:11.139,7,0,42,1,4280000,274
2022-01-01 00:00:11.140,8,9,49,0,5318044,274
2022-01-01 00:00:11.141,7,11,41,2,5111733,274
2022-01-01 00:00:11.142,7,8,38,1,5097066,274
2022-01-01 00:00:11.143,8,11,45,3,5963200,274
2022-01-01 00:00:11.144,7,11,42,2,4877777,274
2022-01-01 00:00:11.145,7,8,44,1,4790400,274
2022-01-01 00:00:11.146,7,11,50,1,4742044,274
2022-01-01 00:00:11.147,7,11,23,1,2018577,274
2022-01-01 00:00:11.148,9,11,1,0,6488,274
2022-01-01 00:00:11.149,8,11,6,1,502222,274
2022-01-01 00:00:11.150,8,11,4,0,112711,274
2022-01-01 00:00:11.151,8,8,10,0,723200,274
2022-01-01 00:00:11.152,7,11,45,9,6071911,274
2022-01-01 00:00:11.153,6,11,56,0,4584622,274
2022-01-01 00:00:11.154,7,11,33,5,4011466,274
2022-01-01 00:00:11.155,7,7,49,2,4794933,274
2022-01-01 00:00:11.156,8,6,33,1,3736355,274
2022-01-01 00:00:11.157,8,11,2,0,28088,274
2022-01-01 00:00:11.158,9,11,1,0,6666,274
2022-01-01 00:00:11.159,9,11,4,0,420800,274
2022-01-01 00:00:11.160,8,11,6,2,249777,274
2022-01-01 00:00:11.161,8,7,7,0,630844,274
2022-01-01 00:00:11.162,9,11,6,0,253777,274
2022-01-01 00:00:11.163,8,11,9,0,1281866,274
2022-01-01 00:00:11.164,8,11,40,1,5612977,274
2022-01-01 00:00:11.165,9,8,1,0,23200,274
2022-01-01 00:00:11.166,9,11,1,0,6666,274
2022-01-01 00:00:11.167,9,11,2,0,279733,274
2022-01-01 00:00:11.168,8,11,6,0,442400,274
2022-01-01 00:00:11.169,8,11,1,0,11466,274
2022-01-01 00:00:11.170,8,6,1,0,6488,274
2022-01-01 00:00:11.171,8,6,1,0,20000,274
2022-01-01 00:00:11.172,9,7,3,22,338400,274
2022-01-01 00:00:11.173,8,14,2,0,74133,337
2022-01-01 00:00:11.174,8,17,4,0,514488,337
2022-01-01 00:00:11.175,8,17,4,0,511288,337
2022-01-01 00:00:11.176,9,19,9,0,1881066,337
2022-01-01 00:00:11.177,8,18,21,0,3829955,337
2022-01-01 00:00:11.178,8,18,7,0,1191111,337
2022-01-01 00:00:11.179,8,6,1,0,6666,337
2022-01-01 00:00:11.180,8,14,5,0,365422,337
2022-01-01 00:00:11.181,8,19,24,4,3615911,337
2022-01-01 00:00:11.182,8,17,34,1,5315111,337
2022-01-01 00:00:11.183,9,5,1,0,5600,337
2022-01-01 00:00:11.184,9,14,1,0,8266,337
2022-01-01 00:00:11.185,8,12,1,0,6488,337
2022-01-01 00:00:11.186,8,12,1,0,20000,337
2022-01-01 00:00:11.187,9,15,5,0,342755,337
2022-01-01 00:00:11.188,8,17,43,4,6742133,337
2022-01-01 00:00:11.189,8,16,16,2,2482133,337
2022-01-01 00:00:11.190,8,11,1,0,5600,337
2022-01-01 00:00:11.191,9,14,1,0,8266,337
2022-01-01 00:00:11.192,8,14,3,0,23022,337
2022-01-01 00:00:11.193,8,12,1,0,20000,337
2022-01-01 00:00:11.194,9,14,3,0,338400,337
2022-01-01 00:00:11.195,7,14,35,1,5080444,337
2022-01-01 00:00:11.196,8,15,37,6,5323733,337
2022-01-01 00:00:11.197,8,12,1,0,13244,337
2022-01-01 00:00:11.198,8,13,2,0,14755,337
2022-01-01 00:00:11.199,8,13,5,1,205600,337
2022-01-01 00:00:11.200,8,15,24,1,3500266,337
2022-01-01 00:00:11.201,7,13,53,3,6373422,337
2022-01-01 00:00:11.202,8,12,4,1,433422,337
2022-01-01 00:00:11.203,9,11,1,0,5600,337
2022-01-01 00:00:11.204,9,5,1,0,8622,337
2022-01-01 00:00:11.205,8,12,1,0,6488,337
2022-01-01 00:00:11.206,8,10,4,0,27733,337
2022-01-01 00:00:11.207,7,13,24,1,1874044,337
2022-01-01 00:00:11.208,7,12,64,2,6535200,337
2022-01-01 00:00:11.209,9,11,2,0,18844,337
2022-01-01 00:00:11.210,9,0,1,0,5600,337
2022-01-01 00:00:11.211,8,14,1,0,8266,337
2022-01-01 00:00:11.212,8,5,1,0,8622,337
2022-01-01 00:00:11.213,9,14,2,0,16533,337
2022-01-01 00:00:11.214,9,11,1,0,5600,337
2022-01-01 00:00:11.215,8,11,7,0,516000,337
2022-01-01 00:00:11.216,8,7,1,0,7911,337
2022-01-01 00:00:11.217,9,17,31,1,5594933,337
2022-01-01 00:00:11.218,7,12,48,2,5365688,337
2022-01-01 00:00:11.219,8,14,38,5,5673600,337
2022-01-01 00:00:11.220,7,13,41,3,5409955,337
2022-01-01 00:00:11.221,8,14,40,4,5253600,337
2022-01-01 00:00:11.222,7,14,40,3,5690933,337
2022-01-01 00:00:11.223,8,13,43,3,5000266,337
2022-01-01 00:00:11.224,8,16,10,3,1573777,337
2022-01-01 00:00:11.225,9,5,1,0,8622,337
2022-01-01 00:00:11.226,9,14,1,0,8266,337
2022-01-01 00:00:11.227,9,14,1,0,8266,337
2022-01-01 00:00:11.228,9,12,1,0,6488,337
2022-01-01 00:00:11.229,8,14,6,2,509155,337
2022-01-01 00:00:11.230,8,12,5,0,189511,337
2022-01-01 00:00:11.231,8,11,10,1,870844,337
2022-01-01 00:00:11.232,8,14,11,0,1304266,337
2022-01-01 00:00:11.233,7,14,40,2,5707466,337
2022-01-01 00:00:11.234,9,9,1,0,20711,337
2022-01-01 00:00:11.235,8,12,1,0,6488,337
2022-01-01 00:00:11.236,8,14,11,0,732622,337
2022-01-01 00:00:11.237,8,7,1,0,12177,337
2022-01-01 00:00:11.238,8,12,1,0,6488,337
2022-01-01 00:00:11.239,9,16,3,1,200000,337
2022-01-01 00:00:11.240,8,12,6,0,476088,337
2022-01-01 00:00:11.241,8,13,11,0,866488,337
2022-01-01 00:00:11.242,9,15,10,0,1296088,337
2022-01-01 00:00:11.243,8,17,35,2,5645600,337
2022-01-01 00:00:11.244,8,12,1,0,6488,337
2022-01-01 00:00:11.245,9,15,6,1,419555,337
2022-01-01 00:00:11.246,8,11,5,0,315022,337
2022-01-01 00:00:11.247,9,0,1,0,6488,337
2022-01-01 00:00:11.248,9,16,7,0,503911,337
2022-01-01 00:00:11.249,8,12,4,0,166933,337
2022-01-01 00:00:11.250,8,15,11,1,857155,337
2022-01-01 00:00:11.251,9,16,11,3,1284622,337
2022-01-01 00:00:11.252,8,0,1,0,11822,337
2022-01-01 00:00:11.253,9,17,21,1,3140977,337
2022-01-01 00:00:11.254,7,14,18,2,2490044,337
2022-01-01 00:00:11.255,8,12,1,0,6488,337
2022-01-01 00:00:11.256,7,11,14,0,676533,337
2022-01-01 00:00:11.257,9,13,2,0,14755,337
2022-01-01 00:00:11.258,8,15,6,0,646222,337
2022-01-01 00:00:11.259,9,14,4,0,258933,337
2022-01-01 00:00:11.260,8,14,14,0,1284800,337
2022-01-01 00:00:11.261,8,17,34,4,5725155,337
2022-01-01 00:00:11.262,8,7,1,0,7911,337
2022-01-01 00:00:11.263,8,12,1,0,6488,337
2022-01-01 00:00:11.264,8,13,3,0,415200,337
2022-01-01 00:00:11.265,8,13,7,2,338133,337
2022-01-01 00:00:11.266,9,13,1,0,8266,337
2022-01-01 00:00:11.267,8,0,1,0,6488,337
2022-01-01 00:00:11.268,9,15,4,1,508177,337
2022-01-01 00:00:11.269,8,6,4,0,175111,337
2022-01-01 00:00:11.270,8,16,7,0,637511,337
2022-01-01 00:00:11.271,9,13,6,0,258933,337
2022-01-01 00:00:11.272,8,14,12,1,1300177,337
2022-01-01 00:00:11.273,8,14,39,2,5614933,337
2022-01-01 00:00:11.274,8,10,3,0,16711,337
2022-01-01 00:00:11.275,9,14,1,0,8266,337
2022-01-01 00:00:11.276,9,12,1,0,6488,337
2022-01-01 00:00:11.277,8,14,10,1,732711,337
2022-01-01 00:00:11.278,8,14,2,0,22755,337
2022-01-01 00:00:11.279,9,6,1,0,6666,337
2022-01-01 00:00:11.280,9,16,1,0,5600,337
2022-01-01 00:00:11.281,8,0,3,0,521600,337
2022-01-01 00:00:11.282,8,14,1,0,17155,337
2022-01-01 00:00:11.283,9,18,1,0,5600,337
2022-01-01 00:00:11.284,9,19,16,0,3478133,337
2022-01-01 00:00:11.285,9,19,19,1,2787911,337
2022-01-01 00:00:11.286,9,9,1,0,15733,337
2022-01-01 00:00:11.287,8,12,1,0,6488,337
2022-01-01 00:00:11.288,9,17,28,2,3868266,337
2022-01-01 00:00:11.289,8,14,59,1,8110222,337
2022-01-01 00:00:11.290,8,16,42,2,6274021,337
2022-01-01 00:00:11.291,8,0,2,0,17258,337
2022-01-01 00:00:11.292,9,12,1,0,6488,337
2022-01-01 00:00:11.293,8,16,6,0,439288,337
2022-01-01 00:00:11.294,9,13,1,0,22488,337
2022-01-01 00:00:11.295,8,12,2,0,20395,337
2022-01-01 00:00:11.296,8,14,9,0,1156853,337
2022-01-01 00:00:11.297,8,15,21,0,2542133,337
2022-01-01 00:00:11.298,9,16,14,1,1668000,337
2022-01-01 00:00:11.299,8,16,24,1,4131428,337
2022-01-01 00:00:11.300,8,14,32,1,4626067,337
2022-01-01 00:00:11.301,8,17,33,1,5721600,337
2022-01-01 00:00:11.302,8,15,23,2,3501600,337
2022-01-01 00:00:11.303,9,15,27,0,4001244,337
2022-01-01 00:00:11.304,7,14,39,2,5211733,337
2022-01-01 00:00:11.305,8,14,33,0,4361333,337
2022-01-01 00:00:11.306,8,11,1,0,5600,337
2022-01-01 00:00:11.307,9,12,1,0,6561,337
2022-01-01 00:00:11.308,9,17,4,0,437274,337
2022-01-01 00:00:11.309,9,13,1,0,22488,337
2022-01-01 00:00:11.310,8,9,3,0,26222,337
2022-01-01 00:00:11.311,9,18,7,0,1276800,337
2022-01-01 00:00:11.312,9,17,8,1,1419505,337
2022-01-01 00:00:11.313,8,18,7,1,1139111,337
2022-01-01 00:00:11.314,8,17,34,3,5033230,337
2022-01-01 00:00:11.315,8,16,37,2,5590933,337
2022-01-01 00:00:11.316,8,16,28,1,3898786,337
2022-01-01 00:00:11.317,7,14,15,1,2275733,337
2022-01-01 00:00:11.318,8,16,37,3,6000000,337
2022-01-01 00:00:11.319,8,16,38,4,6218844,337
2022-01-01 00:00:11.320,8,15,19,0,2734292,337
2022-01-01 00:00:11.321,9,11,1,0,11466,337
2022-01-01 00:00:11.322,8,12,1,0,6488,337
2022-01-01 00:00:11.323,9,16,5,0,438488,337
2022-01-01 00:00:11.324,8,13,1,0,22488,337
2022-01-01 00:00:11.325,9,16,2,0,20314,337
2022-01-01 00:00:11.326,8,16,8,0,1137230,337
2022-01-01 00:00:11.327,8,16,17,0,2559466,337
2022-01-01 00:00:11.328,8,17,31,0,5085422,337
2022-01-01 00:00:11.329,9,18,25,1,4559460,337
2022-01-01 00:00:11.330,8,16,35,4,5598329,337
2022-01-01 00:00:11.331,8,16,83,5,14005333,337
2022-01-01 00:00:11.332,9,14,13,2,1882311,337
2022-01-01 00:00:11.333,8,11,1,0,5600,337
2022-01-01 00:00:11.334,9,12,1,0,6488,337
2022-01-01 00:00:11.335,9,0,1,0,8266,337
2022-01-01 00:00:11.336,9,15,4,0,444224,337
2022-01-01 00:00:11.337,9,18,1,0,21186,337
2022-01-01 00:00:11.338,9,12,2,0,20622,337
2022-01-01 00:00:11.339,9,18,7,0,1276800,337
2022-01-01 00:00:11.340,9,17,9,0,1582133,337
2022-01-01 00:00:11.341,9,16,6,0,987595,337
2022-01-01 00:00:11.342,8,17,30,3,5024087,337
2022-01-01 00:00:11.343,8,17,30,0,5208000,337
2022-01-01 00:00:11.344,8,14,11,3,1511377,337
2022-01-01 00:00:11.345,7,13,38,6,4846933,337
2022-01-01 00:00:11.346,7,14,46,8,6229066,337
2022-01-01 00:00:11.347,8,15,32,1,4808800,337
2022-01-01 00:00:11.348,8,14,11,2,1690933,337
2022-01-01 00:00:11.349,9,14,1,0,8266,337
2022-01-01 00:00:11.350,8,6,1,0,34577,347
2022-01-01 00:00:11.351,8,6,14,0,656000,347
2022-01-01 00:00:11.352,8,6,2,0,41244,347
2022-01-01 00:00:11.353,8,6,14,0,728000,347
2022-01-01 00:00:11.354,8,6,5,0,213955,347
2022-01-01 00:00:11.355,8,6,19,0,1215288,347
2022-01-01 00:00:11.356,8,6,10,0,672177,347
2022-01-01 00:00:11.357,8,6,87,0,4967733,347
2022-01-01 00:00:11.358,8,5,1,0,6666,347
2022-01-01 00:00:11.359,8,6,15,0,678666,347
2022-01-01 00:00:11.360,8,6,14,0,721244,347
2022-01-01 00:00:11.361,8,5,7,0,189777,347
2022-01-01 00:00:11.362,8,6,20,0,1283733,347
2022-01-01 00:00:11.363,8,6,77,0,4585155,347
2022-01-01 00:00:11.364,8,6,19,0,1044533,347
2022-01-01 00:00:11.365,8,5,2,0,19868,347
2022-01-01 00:00:11.366,8,6,8,0,425600,347
2022-01-01 00:00:11.367,8,6,9,0,328977,347
2022-01-01 00:00:11.368,9,4,1,0,6666,347
2022-01-01 00:00:11.369,9,8,13,0,659780,347
2022-01-01 00:00:11.370,9,9,10,0,721617,347
2022-01-01 00:00:11.371,9,9,8,0,459200,347
2022-01-01 00:00:11.372,9,9,11,0,999555,347
2022-01-01 00:00:11.373,9,10,59,0,4862488,347
2022-01-01 00:00:11.374,9,9,13,0,791280,347
2022-01-01 00:00:11.375,9,8,7,0,425258,347
2022-01-01 00:00:11.376,9,8,6,0,322488,347
2022-01-01 00:00:11.377,9,6,1,0,6593,347
2022-01-01 00:00:11.378,9,9,6,0,421213,347
2022-01-01 00:00:11.379,10,11,1,0,23200,347
2022-01-01 00:00:11.380,10,9,6,0,244043,347
2022-01-01 00:00:11.381,9,10,10,0,722157,347
2022-01-01 00:00:11.382,9,10,5,0,152703,347
2022-01-01 00:00:11.383,9,10,9,0,598488,347
2022-01-01 00:00:11.384,10,10,9,0,716674,347
2022-01-01 00:00:11.385,10,11,17,5,1466222,347
2022-01-01 00:00:11.386,9,11,54,1,5301932,347
2022-01-01 00:00:11.387,9,11,38,4,3761406,347
2022-01-01 00:00:11.388,10,7,1,0,12177,347
2022-01-01 00:00:11.389,9,9,6,0,412659,347
2022-01-01 00:00:11.390,9,6,4,0,107865,347
2022-01-01 00:00:11.391,10,10,4,0,229511,347
2022-01-01 00:00:11.392,10,6,1,0,6741,347
2022-01-01 00:00:11.393,9,9,7,1,434549,347
2022-01-01 00:00:11.394,9,7,6,0,249955,347
2022-01-01 00:00:11.395,9,9,8,1,632000,347
2022-01-01 00:00:11.396,9,7,8,1,241955,347
2022-01-01 00:00:11.397,9,10,14,0,1283555,347
2022-01-01 00:00:11.398,9,10,23,1,2174681,347
2022-01-01 00:00:11.399,9,10,39,1,3416977,347
2022-01-01 00:00:11.400,9,7,2,0,23111,347
2022-01-01 00:00:11.401,9,8,1,0,6666,347
2022-01-01 00:00:11.402,9,8,12,0,734044,347
2022-01-01 00:00:11.403,9,7,1,0,12177,347
2022-01-01 00:00:11.404,9,6,1,0,6666,347
2022-01-01 00:00:11.405,9,7,12,0,655111,347
2022-01-01 00:00:11.406,9,7,11,2,649688,347
2022-01-01 00:00:11.407,9,6,7,0,236355,347
2022-01-01 00:00:11.408,9,10,15,0,1289866,347
2022-01-01 00:00:11.409,9,11,48,3,4814222,347
2022-01-01 00:00:11.410,10,10,10,0,812622,347
2022-01-01 00:00:11.411,9,9,1,0,6741,347
2022-01-01 00:00:11.412,9,9,11,0,716395,347
2022-01-01 00:00:11.413,9,5,1,0,11466,347
2022-01-01 00:00:11.414,9,6,1,0,6666,347
2022-01-01 00:00:11.415,10,11,5,0,415191,347
2022-01-01 00:00:11.416,10,10,6,0,261213,347
2022-01-01 00:00:11.417,9,8,9,0,643955,347
2022-01-01 00:00:11.418,10,10,5,0,238153,347
2022-01-01 00:00:11.419,10,8,1,0,8977,347
2022-01-01 00:00:11.420,9,10,10,0,592711,347
2022-01-01 00:00:11.421,9,11,8,1,716584,347
2022-01-01 00:00:11.422,10,11,33,2,3123111,347
2022-01-01 00:00:11.423,9,10,23,2,1830202,347
2022-01-01 00:00:11.424,10,11,31,1,2873333,347
2022-01-01 00:00:11.425,10,11,29,1,2601511,347
2022-01-01 00:00:11.426,9,9,5,1,213244,347
2022-01-01 00:00:11.427,10,10,6,0,421511,347
2022-01-01 00:00:11.428,10,10,6,0,326400,347
2022-01-01 00:00:11.429,10,12,1,0,20000,347
2022-01-01 00:00:11.430,10,4,1,0,6945,347
2022-01-01 00:00:11.431,10,11,6,0,524835,347
2022-01-01 00:00:11.432,10,7,1,0,16629,347
2022-01-01 00:00:11.433,10,3,1,0,5538,347
2022-01-01 00:00:11.434,10,14,23,0,3327555,347
2022-01-01 00:00:11.435,10,14,21,1,2758133,347
2022-01-01 00:00:11.436,10,13,2,0,195415,347
2022-01-01 00:00:11.437,10,9,1,0,15560,347
2022-01-01 00:00:11.438,8,6,1,0,6666,347
2022-01-01 00:00:11.439,8,5,10,1,523604,347
2022-01-01 00:00:11.440,8,5,1,0,17155,347
2022-01-01 00:00:11.441,8,6,18,1,1135824,347
2022-01-01 00:00:11.442,8,6,41,1,2193866,347
2022-01-01 00:00:11.443,8,6,28,0,1568711,347
2022-01-01 00:00:11.444,8,4,2,0,17066,347
2022-01-01 00:00:11.445,8,6,1,0,6666,347
2022-01-01 00:00:11.446,8,6,10,0,529758,347
2022-01-01 00:00:11.447,8,6,1,0,17155,347
2022-01-01 00:00:11.448,8,5,1,0,5662,347
2022-01-01 00:00:11.449,8,6,46,2,2363252,347
2022-01-01 00:00:11.450,8,6,23,1,1174311,347
2022-01-01 00:00:11.451,8,6,22,2,1217511,347
2022-01-01 00:00:11.452,8,7,4,0,252444,347
2022-01-01 00:00:11.453,8,5,3,0,16800,347
2022-01-01 00:00:11.454,8,6,1,0,6666,347
2022-01-01 00:00:11.455,8,6,9,1,540000,347
2022-01-01 00:00:11.456,8,6,1,0,17155,347
2022-01-01 00:00:11.457,8,6,19,1,1182292,347
2022-01-01 00:00:11.458,8,6,36,2,2132444,347
2022-01-01 00:00:11.459,8,6,28,0,1755200,347
2022-01-01 00:00:11.460,8,6,1,0,17348,347
2022-01-01 00:00:11.461,8,3,1,0,7555,347
2022-01-01 00:00:11.462,8,6,9,1,534065,347
2022-01-01 00:00:11.463,8,6,1,0,17155,347
2022-01-01 00:00:11.464,8,6,24,4,1559644,347
2022-01-01 00:00:11.465,8,6,35,1,1922311,347
2022-01-01 00:00:11.466,8,6,35,1,2312622,347
2022-01-01 00:00:11.467,8,0,3,0,189955,347
2022-01-01 00:00:11.468,8,5,2,0,17066,347
2022-01-01 00:00:11.469,9,6,1,0,6666,347
2022-01-01 00:00:11.470,9,9,7,1,531111,347
2022-01-01 00:00:11.471,9,6,2,1,16000,347
2022-01-01 00:00:11.472,9,5,1,0,5600,347
2022-01-01 00:00:11.473,9,10,35,2,3327022,347
2022-01-01 00:00:11.474,9,10,16,1,1481777,347
2022-01-01 00:00:11.475,9,7,1,1,16444,347
2022-01-01 00:00:11.476,9,6,1,0,6666,347
2022-01-01 00:00:11.477,9,9,7,0,531111,347
2022-01-01 00:00:11.478,9,4,2,0,16000,347
2022-01-01 00:00:11.479,9,10,10,0,850311,347
2022-01-01 00:00:11.480,9,10,25,1,2359377,347
2022-01-01 00:00:11.481,9,10,20,0,1886933,347
2022-01-01 00:00:11.482,9,5,3,0,16800,347
2022-01-01 00:00:11.483,9,6,1,0,6666,347
2022-01-01 00:00:11.484,9,9,7,0,528977,347
2022-01-01 00:00:11.485,9,0,2,0,17066,347
2022-01-01 00:00:11.486,9,10,18,1,1623288,347
2022-01-01 00:00:11.487,9,10,20,0,1832711,347
2022-01-01 00:00:11.488,9,10,31,2,2896266,347
2022-01-01 00:00:11.489,9,0,1,0,98426,347
2022-01-01 00:00:11.490,7,6,1,0,6666,351
2022-01-01 00:00:11.491,7,6,13,1,568266,351
2022-01-01 00:00:11.492,7,2,6,1,105777,351
2022-01-01 00:00:11.493,7,6,11,1,633333,351
2022-01-01 00:00:11.494,8,6,4,0,220266,351
2022-01-01 00:00:11.495,7,6,12,0,646222,351
2022-01-01 00:00:11.496,7,6,10,1,657244,351
2022-01-01 00:00:11.497,8,6,26,2,1721846,351
2022-01-01 00:00:11.498,5,1,81,3,2245842,351
2022-01-01 00:00:11.499,5,0,82,3,1246755,351
2022-01-01 00:00:11.500,7,4,15,2,588000,351
2022-01-01 00:00:11.501,7,6,1,0,6741,351
2022-01-01 00:00:11.502,8,9,5,2,313688,351
2022-01-01 00:00:11.503,7,6,8,1,353422,351
2022-01-01 00:00:11.504,7,6,22,1,1301274,351
2022-01-01 00:00:11.505,6,3,34,2,1313977,351
2022-01-01 00:00:11.506,6,2,37,0,882400,351
2022-01-01 00:00:11.507,6,2,31,2,1052711,351
2022-01-01 00:00:11.508,6,2,10,0,196219,351
2022-01-01 00:00:11.509,7,6,1,0,6666,351
2022-01-01 00:00:11.510,8,8,5,1,335022,351
2022-01-01 00:00:11.511,6,4,8,0,243516,351
2022-01-01 00:00:11.512,6,4,42,3,1785422,351
2022-01-01 00:00:11.513,6,2,41,3,1034637,351
2022-01-01 00:00:11.514,6,3,38,1,1365155,351
2022-01-01 00:00:11.515,6,2,46,3,1260764,351
2022-01-01 00:00:11.516,5,2,33,2,1163466,351
2022-01-01 00:00:11.517,5,4,34,0,1192615,351
2022-01-01 00:00:11.518,6,4,38,3,1572622,351
2022-01-01 00:00:11.519,6,2,23,1,706426,351
2022-01-01 00:00:11.520,8,0,1,0,5777,351
2022-01-01 00:00:11.521,7,6,1,0,6741,351
2022-01-01 00:00:11.522,6,4,18,1,659164,351
2022-01-01 00:00:11.523,7,3,1,0,5600,351
2022-01-01 00:00:11.524,7,4,3,0,127910,351
2022-01-01 00:00:11.525,7,5,1,0,11466,351
2022-01-01 00:00:11.526,7,4,18,2,708800,351
2022-01-01 00:00:11.527,7,5,3,0,75775,351
2022-01-01 00:00:11.528,6,2,75,6,2247022,351
2022-01-01 00:00:11.529,6,1,46,3,1026813,351
2022-01-01 00:00:11.530,6,2,43,1,1256088,351
2022-01-01 00:00:11.531,6,4,23,5,1041528,351
2022-01-01 00:00:11.532,6,3,25,3,989600,351
2022-01-01 00:00:11.533,7,5,33,3,1535384,351
2022-01-01 00:00:11.534,6,4,35,2,1625866,351
2022-01-01 00:00:11.535,6,3,32,1,1222222,351
2022-01-01 00:00:11.536,6,3,32,3,1192629,351
2022-01-01 00:00:11.537,6,4,24,1,965978,351
2022-01-01 00:00:11.538,8,6,1,0,6741,351
2022-01-01 00:00:11.539,7,6,12,2,704177,351
2022-01-01 00:00:11.540,7,4,2,0,6133,351
2022-01-01 00:00:11.541,7,5,4,0,133483,351
2022-01-01 00:00:11.542,7,6,15,1,1016622,351
2022-01-01 00:00:11.543,5,4,37,2,1721066,351
2022-01-01 00:00:11.544,6,2,66,3,1739340,351
2022-01-01 00:00:11.545,5,1,39,3,861244,351
2022-01-01 00:00:11.546,6,2,37,2,906516,351
2022-01-01 00:00:11.547,5,1,40,0,852395,351
2022-01-01 00:00:11.548,5,1,34,2,725866,351
2022-01-01 00:00:11.549,6,3,39,2,1405422,351
2022-01-01 00:00:11.550,5,2,39,0,965303,351
2022-01-01 00:00:11.551,6,3,34,3,1137582,351
2022-01-01 00:00:11.552,6,2,37,1,888977,351
2022-01-01 00:00:11.553,6,2,38,2,923911,351
2022-01-01 00:00:11.554,6,2,37,2,912629,351
2022-01-01 00:00:11.555,6,2,39,0,945494,351
2022-01-01 00:00:11.556,6,1,38,2,879460,351
2022-01-01 00:00:11.557,6,3,40,3,1294065,351
2022-01-01 00:00:11.558,6,4,30,2,1379415,351
2022-01-01 00:00:11.559,6,3,29,2,1122549,351
2022-01-01 00:00:11.560,6,3,33,2,1132044,351
2022-01-01 00:00:11.561,6,1,44,0,967560,351
2022-01-01 00:00:11.562,6,4,53,5,2145511,351
2022-01-01 00:00:11.563,6,2,38,1,931415,351
2022-01-01 00:00:11.564,6,2,38,2,910945,351
2022-01-01 00:00:11.565,6,3,25,4,1004533,351
2022-01-01 00:00:11.566,6,5,27,6,1451466,351
2022-01-01 00:00:11.567,6,2,34,0,831466,351
2022-01-01 00:00:11.568,6,3,42,2,1472888,351
2022-01-01 00:00:11.569,5,1,36,1,777244,351
2022-01-01 00:00:11.570,6,4,55,6,2378786,351
2022-01-01 00:00:11.571,6,2,37,3,1047911,351
2022-01-01 00:00:11.572,7,4,36,4,1576351,351
2022-01-01 00:00:11.573,6,3,35,2,1244888,351
2022-01-01 00:00:11.574,6,3,32,3,1265777,351
2022-01-01 00:00:11.575,6,3,30,1,1152177,351
2022-01-01 00:00:11.576,6,3,31,1,1185333,351
2022-01-01 00:00:11.577,7,4,39,2,1673155,351
2022-01-01 00:00:11.578,6,4,31,1,1287377,351
2022-01-01 00:00:11.579,6,2,46,1,1328888,351
2022-01-01 00:00:11.580,6,3,38,1,1460266,351
2022-01-01 00:00:11.581,7,4,34,3,1555733,351
2022-01-01 00:00:11.582,6,4,37,2,1675111,351
2022-01-01 00:00:11.583,6,4,33,0,1304266,351
2022-01-01 00:00:11.584,7,4,38,0,1498488,351
2022-01-01 00:00:11.585,6,2,33,0,919733,351
2022-01-01 00:00:11.586,6,3,40,2,1359644,351
2022-01-01 00:00:11.587,7,3,32,2,1233422,351
2022-01-01 00:00:11.588,8,8,38,0,2726933,351
2022-01-01 00:00:11.589,7,4,35,1,1500088,351
2022-01-01 00:00:11.590,8,9,29,0,1595288,351
2022-01-01 00:00:11.591,7,5,38,2,1581213,351
2022-01-01 00:00:11.592,8,7,33,0,1519032,351
2022-01-01 00:00:11.593,8,6,31,0,1817955,351
2022-01-01 00:00:11.594,8,8,23,0,1634844,351
2022-01-01 00:00:11.595,9,11,33,1,1820888,351
2022-01-01 00:00:11.596,8,10,26,2,1962133,351
2022-01-01 00:00:11.597,8,10,28,1,1823288,351
2022-01-01 00:00:11.598,7,7,36,0,2121866,351
2022-01-01 00:00:11.599,9,11,29,0,1965955,351
2022-01-01 00:00:11.600,8,10,32,0,2076088,351
2022-01-01 00:00:11.601,8,10,34,1,2080533,351
2022-01-01 00:00:11.602,8,9,38,1,2435022,351
2022-01-01 00:00:11.603,8,9,28,0,2318222,351
2022-01-01 00:00:11.604,8,10,21,2,1295733,351
2022-01-01 00:00:11.605,8,6,1,0,6666,351
2022-01-01 00:00:11.606,8,10,14,0,710153,351
2022-01-01 00:00:11.607,9,12,5,0,447022,351
2022-01-01 00:00:11.608,7,9,82,1,6979555,351
2022-01-01 00:00:11.609,8,10,56,0,4484266,351
2022-01-01 00:00:11.610,7,9,47,1,3807555,351
2022-01-01 00:00:11.611,8,10,55,2,4411235,351
2022-01-01 00:00:11.612,8,10,55,0,4648879,351
2022-01-01 00:00:11.613,7,9,52,0,4093155,351
2022-01-01 00:00:11.614,7,8,50,1,3918202,351
2022-01-01 00:00:11.615,7,8,47,1,3556483,351
2022-01-01 00:00:11.616,8,10,49,1,4547466,351
2022-01-01 00:00:11.617,7,9,46,0,3878755,351
2022-01-01 00:00:11.618,7,9,52,2,4235822,351
2022-01-01 00:00:11.619,7,6,77,1,4783733,351
2022-01-01 00:00:11.620,8,9,87,1,7411288,351
2022-01-01 00:00:11.621,7,8,45,0,2546222,351
2022-01-01 00:00:11.622,8,11,61,1,5213244,351
2022-01-01 00:00:11.623,8,10,50,0,4480533,351
2022-01-01 00:00:11.624,8,10,52,0,4091200,351
2022-01-01 00:00:11.625,8,10,56,0,5003911,351
2022-01-01 00:00:11.626,8,9,46,1,3619911,351
2022-01-01 00:00:11.627,8,12,7,1,572800,351
2022-01-01 00:00:11.628,8,6,1,0,6666,351
2022-01-01 00:00:11.629,8,10,6,0,479822,351
2022-01-01 00:00:11.630,8,9,4,0,126577,351
2022-01-01 00:00:11.631,8,13,8,0,712622,351
2022-01-01 00:00:11.632,8,13,51,1,6606755,351
2022-01-01 00:00:11.633,7,11,52,0,5289066,351
2022-01-01 00:00:11.634,8,13,41,2,5297955,351
2022-01-01 00:00:11.635,7,11,47,1,4665155,351
2022-01-01 00:00:11.636,8,11,15,2,1351377,351
2022-01-01 00:00:11.637,8,12,1,0,6488,351
2022-01-01 00:00:11.638,8,11,12,0,659911,351
2022-01-01 00:00:11.639,8,0,1,0,6666,351
2022-01-01 00:00:11.640,8,10,8,0,711822,351
2022-01-01 00:00:11.641,8,11,5,0,156533,351
2022-01-01 00:00:11.642,8,14,12,1,1280800,351
2022-01-01 00:00:11.643,8,12,48,1,5630666,351
2022-01-01 00:00:11.644,9,12,1,0,6488,351
2022-01-01 00:00:11.645,8,12,5,0,416444,351
2022-01-01 00:00:11.646,8,11,8,0,331911,351
2022-01-01 00:00:11.647,9,11,1,0,5600,351
2022-01-01 00:00:11.648,8,8,8,0,329244,351
2022-01-01 00:00:11.649,8,8,1,0,4533,351
2022-01-01 00:00:11.650,8,11,19,2,1564533,351
2022-01-01 00:00:11.651,8,6,1,0,6666,351
2022-01-01 00:00:11.652,8,11,4,0,413066,351
2022-01-01 00:00:11.653,9,12,5,0,244444,351
2022-01-01 00:00:11.654,8,11,14,1,724800,351
2022-01-01 00:00:11.655,8,12,16,3,1322222,351
2022-01-01 00:00:11.656,8,0,1,0,144000,351
2022-01-01 00:00:11.657,8,13,44,3,5646844,351
2022-01-01 00:00:11.658,8,12,1,0,17866,351
2022-01-01 00:00:11.659,8,12,1,0,6488,351
2022-01-01 00:00:11.660,9,13,6,0,478561,351
2022-01-01 00:00:11.661,8,12,8,0,282373,351
2022-01-01 00:00:11.662,9,12,1,0,6488,351
2022-01-01 00:00:11.663,9,14,6,0,417600,351
2022-01-01 00:00:11.664,8,9,7,0,250044,351
2022-01-01 00:00:11.665,7,9,13,0,725066,351
2022-01-01 00:00:11.666,8,12,15,1,1437066,351
2022-01-01 00:00:11.667,9,14,41,1,6250666,351
2022-01-01 00:00:11.668,7,11,37,0,4283644,351
2022-01-01 00:00:11.669,9,12,1,0,6488,351
2022-01-01 00:00:11.670,8,14,4,0,409955,351
2022-01-01 00:00:11.671,9,10,10,2,336355,351
2022-01-01 00:00:11.672,9,12,1,0,6488,351
2022-01-01 00:00:11.673,8,12,2,0,75377,351
2022-01-01 00:00:11.674,8,11,7,0,404533,351
2022-01-01 00:00:11.675,8,11,44,1,4204622,351
2022-01-01 00:00:11.676,7,11,59,4,5644177,351
2022-01-01 00:00:11.677,8,12,50,2,5339955,351
2022-01-01 00:00:11.678,8,12,9,1,997274,351
2022-01-01 00:00:11.679,8,12,1,0,6488,351
2022-01-01 00:00:11.680,8,9,2,0,76404,351
2022-01-01 00:00:11.681,9,13,3,0,338488,351
2022-01-01 00:00:11.682,8,12,43,3,4413688,351
2022-01-01 00:00:11.683,9,1,3,0,92888,351
2022-01-01 00:00:11.684,8,11,1,0,5600,351
2022-01-01 00:00:11.685,8,6,1,0,6666,351
2022-01-01 00:00:11.686,8,10,3,0,83288,351
2022-01-01 00:00:11.687,8,13,3,0,330755,351
2022-01-01 00:00:11.688,9,13,1,0,68888,351
2022-01-01 00:00:11.689,9,11,1,0,5600,351
2022-01-01 00:00:11.690,8,11,38,0,3906755,351
2022-01-01 00:00:11.691,9,11,6,0,552533,351
2022-01-01 00:00:11.692,9,10,2,0,73244,351
2022-01-01 00:00:11.693,8,12,1,0,6488,351
2022-01-01 00:00:11.694,10,16,2,0,332800,351
2022-01-01 00:00:11.695,8,12,19,1,1354577,351
2022-01-01 00:00:11.696,8,14,48,2,6596800,351
2022-01-01 00:00:11.697,7,11,49,1,4260888,351
2022-01-01 00:00:11.698,7,11,46,0,4577422,351
2022-01-01 00:00:11.699,8,11,52,1,5003377,351
2022-01-01 00:00:11.700,7,11,44,0,4404444,351
2022-01-01 00:00:11.701,8,13,47,1,5889066,351
2022-01-01 00:00:11.702,8,7,3,0,18311,351
2022-01-01 00:00:11.703,9,12,1,0,6488,351
2022-01-01 00:00:11.704,8,9,2,0,75555,351
2022-01-01 00:00:11.705,8,10,6,0,399644,351
2022-01-01 00:00:11.706,8,13,35,3,4917955,351
2022-01-01 00:00:11.707,7,10,62,0,5608355,351
2022-01-01 00:00:11.708,7,11,52,1,4893511,351
2022-01-01 00:00:11.709,8,11,50,0,5094755,351
2022-01-01 00:00:11.710,7,10,45,0,4225155,351
2022-01-01 00:00:11.711,8,8,8,1,602844,351
2022-01-01 00:00:11.712,8,11,3,0,80087,351
2022-01-01 00:00:11.713,8,12,1,0,6561,351
2022-01-01 00:00:11.714,8,12,3,0,330400,351
2022-01-01 00:00:11.715,8,13,18,1,2375111,351
2022-01-01 00:00:11.716,7,11,68,2,6633422,351
2022-01-01 00:00:11.717,7,11,71,2,7416800,351
2022-01-01 00:00:11.718,7,11,8,0,696000,351
2022-01-01 00:00:11.719,8,11,1,0,5600,351
2022-01-01 00:00:11.720,9,7,1,0,7911,351
2022-01-01 00:00:11.721,9,7,1,0,7911,351
2022-01-01 00:00:11.722,9,5,1,0,8622,351
2022-01-01 00:00:11.723,8,11,3,0,72444,351
2022-01-01 00:00:11.724,8,0,1,0,6488,351
2022-01-01 00:00:11.725,8,12,3,0,330400,351
2022-01-01 00:00:11.726,9,12,3,0,75466,351
2022-01-01 00:00:11.727,9,14,5,0,565066,351
2022-01-01 00:00:11.728,8,13,44,4,5360000,351
2022-01-01 00:00:11.729,7,10,51,2,4718844,351
2022-01-01 00:00:11.730,8,12,34,1,3855555,351
2022-01-01 00:00:11.731,8,6,2,0,24177,351
2022-01-01 00:00:11.732,9,0,1,0,7911,351
2022-01-01 00:00:11.733,9,8,2,0,15111,351
2022-01-01 00:00:11.734,8,8,2,0,75555,351
2022-01-01 00:00:11.735,9,13,3,0,332800,351
2022-01-01 00:00:11.736,7,11,42,0,3211733,351
2022-01-01 00:00:11.737,8,12,53,3,6561244,351
2022-01-01 00:00:11.738,7,11,42,1,3949688,351
2022-01-01 00:00:11.739,8,11,49,3,4679555,351
2022-01-01 00:00:11.740,8,9,2,0,19555,351
2022-01-01 00:00:11.741,9,12,1,0,6488,351
2022-01-01 00:00:11.742,9,13,3,0,76355,351
2022-01-01 00:00:11.743,8,7,1,0,7911,351
2022-01-01 00:00:11.744,8,12,3,0,330666,351
2022-01-01 00:00:11.745,7,11,28,2,2339555,351
2022-01-01 00:00:11.746,7,13,57,4,6969955,351
2022-01-01 00:00:11.747,7,9,34,0,3000533,351
2022-01-01 00:00:11.748,9,8,1,0,22945,351
2022-01-01 00:00:11.749,9,5,1,0,5600,351
2022-01-01 00:00:11.750,9,7,1,0,7911,351
2022-01-01 00:00:11.751,9,14,1,0,8266,351
2022-01-01 00:00:11.752,9,14,1,0,8266,351
2022-01-01 00:00:11.753,9,6,2,0,14577,351
2022-01-01 00:00:11.754,9,14,4,0,332533,351
2022-01-01 00:00:11.755,8,12,3,0,75466,351
2022-01-01 00:00:11.756,8,11,1,0,5600,351
2022-01-01 00:00:11.757,8,11,21,0,2040088,351
2022-01-01 00:00:11.758,8,14,23,1,3163822,351
2022-01-01 00:00:11.759,8,7,1,0,7911,351
2022-01-01 00:00:11.760,9,12,1,0,6488,351
2022-01-01 00:00:11.761,9,13,5,0,410044,351
2022-01-01 00:00:11.762,8,10,8,0,246755,351
2022-01-01 00:00:11.763,8,12,14,0,715377,351
2022-01-01 00:00:11.764,8,13,12,0,1433142,351
2022-01-01 00:00:11.765,9,14,27,2,3043288,351
2022-01-01 00:00:11.766,7,11,59,1,6429600,351
2022-01-01 00:00:11.767,8,9,13,0,1037600,351
2022-01-01 00:00:11.768,8,12,1,0,6488,364
2022-01-01 00:00:11.769,8,14,3,1,408533,364
2022-01-01 00:00:11.770,8,12,9,0,321955,364
2022-01-01 00:00:11.771,9,14,1,0,8266,364
2022-01-01 00:00:11.772,9,12,1,0,6561,364
2022-01-01 00:00:11.773,9,12,2,0,228800,364
2022-01-01 00:00:11.774,8,11,9,0,471022,364
2022-01-01 00:00:11.775,9,16,11,0,866044,364
2022-01-01 00:00:11.776,9,16,11,0,1302044,364
2022-01-01 00:00:11.777,8,18,30,4,5613244,364
2022-01-01 00:00:11.778,7,9,1,0,26044,364
2022-01-01 00:00:11.779,8,12,1,0,6488,364
2022-01-01 00:00:11.780,8,14,1,1,155076,364
2022-01-01 00:00:11.781,9,14,7,0,581483,364
2022-01-01 00:00:11.782,9,14,1,0,8266,364
2022-01-01 00:00:11.783,8,12,1,0,6488,364
2022-01-01 00:00:11.784,8,13,4,0,412266,364
2022-01-01 00:00:11.785,8,11,5,1,257600,364
2022-01-01 00:00:11.786,7,12,12,1,851288,364
2022-01-01 00:00:11.787,9,15,12,0,1298666,364
2022-01-01 00:00:11.788,8,0,1,0,622,364
2022-01-01 00:00:11.789,8,17,22,0,3691022,364
2022-01-01 00:00:11.790,8,18,13,2,1963288,364
2022-01-01 00:00:11.791,8,12,1,0,6488,364
2022-01-01 00:00:11.792,9,16,2,1,276888,364
2022-01-01 00:00:11.793,7,13,15,0,1785707,364
2022-01-01 00:00:11.794,8,16,21,0,3154725,364
2022-01-01 00:00:11.795,8,12,1,1,6488,364
2022-01-01 00:00:11.796,8,13,4,1,412266,364
2022-01-01 00:00:11.797,8,10,7,0,223733,364
2022-01-01 00:00:11.798,8,16,52,7,8253777,364
2022-01-01 00:00:11.799,7,11,45,2,4829955,364
2022-01-01 00:00:11.800,8,16,38,4,5602133,364
2022-01-01 00:00:11.801,7,11,40,1,3933688,364
2022-01-01 00:00:11.802,9,0,1,0,15733,364
2022-01-01 00:00:11.803,9,6,1,0,6666,364
2022-01-01 00:00:11.804,8,13,8,0,723111,364
2022-01-01 00:00:11.805,9,11,1,0,5600,364
2022-01-01 00:00:11.806,9,17,19,0,3146400,364
2022-01-01 00:00:11.807,7,15,54,7,7999288,364
2022-01-01 00:00:11.808,8,13,49,3,5675288,364
2022-01-01 00:00:11.809,8,14,38,2,5443644,364
2022-01-01 00:00:11.810,7,13,43,5,5235200,364
2022-01-01 00:00:11.811,8,14,41,3,6118222,364
2022-01-01 00:00:11.812,7,13,45,3,5090755,364
2022-01-01 00:00:11.813,7,13,41,2,5557777,364
2022-01-01 00:00:11.814,7,13,39,4,4495644,364
2022-01-01 00:00:11.815,7,13,43,3,5024444,364
2022-01-01 00:00:11.816,7,12,40,5,4924800,364
2022-01-01 00:00:11.817,7,11,45,3,4499822,364
2022-01-01 00:00:11.818,7,13,37,3,4657688,364
2022-01-01 00:00:11.819,7,12,51,2,5508977,364
2022-01-01 00:00:11.820,7,14,32,5,4587377,364
2022-01-01 00:00:11.821,7,11,44,1,4536355,364
2022-01-01 00:00:11.822,7,11,41,2,4492711,364
2022-01-01 00:00:11.823,7,9,5,0,319466,364
2022-01-01 00:00:11.824,9,5,1,0,8622,364
2022-01-01 00:00:11.825,8,12,1,0,6488,364
2022-01-01 00:00:11.826,8,16,5,0,634488,364
2022-01-01 00:00:11.827,8,14,3,0,82933,364
2022-01-01 00:00:11.828,9,12,2,0,105955,364
2022-01-01 00:00:11.829,8,14,53,5,7682311,364
2022-01-01 00:00:11.830,7,12,41,4,4694400,364
2022-01-01 00:00:11.831,7,12,44,4,5067111,364
2022-01-01 00:00:11.832,7,13,42,5,4881955,364
2022-01-01 00:00:11.833,7,13,42,3,5013688,364
2022-01-01 00:00:11.834,7,13,37,4,4542044,364
2022-01-01 00:00:11.835,7,12,51,0,5621955,364
2022-01-01 00:00:11.836,7,13,42,4,5555555,364
2022-01-01 00:00:11.837,7,14,39,6,5320177,364
2022-01-01 00:00:11.838,8,13,40,2,4974311,364
2022-01-01 00:00:11.839,7,14,41,4,5405511,364
2022-01-01 00:00:11.840,7,11,42,2,4506666,364
2022-01-01 00:00:11.841,7,14,41,3,6088800,364
2022-01-01 00:00:11.842,7,13,35,6,3897155,364
2022-01-01 00:00:11.843,7,11,47,1,5070133,364
2022-01-01 00:00:11.844,7,13,46,2,5087822,364
2022-01-01 00:00:11.845,7,12,32,1,3560355,364
2022-01-01 00:00:11.846,8,0,2,0,16533,364
2022-01-01 00:00:11.847,9,12,1,0,6488,364
2022-01-01 00:00:11.848,8,15,5,1,705155,364
2022-01-01 00:00:11.849,8,9,2,0,19555,364
2022-01-01 00:00:11.850,8,15,37,3,5551644,364
2022-01-01 00:00:11.851,7,13,38,4,5144088,364
2022-01-01 00:00:11.852,8,14,39,4,5191466,364
2022-01-01 00:00:11.853,8,15,47,3,6220533,364
2022-01-01 00:00:11.854,7,11,36,0,3906400,364
2022-01-01 00:00:11.855,7,13,40,4,4873333,364
2022-01-01 00:00:11.856,7,13,37,5,4807911,364
2022-01-01 00:00:11.857,7,13,33,3,4299111,364
2022-01-01 00:00:11.858,7,11,42,1,4479644,364
2022-01-01 00:00:11.859,8,14,35,6,4802222,364
2022-01-01 00:00:11.860,7,12,45,1,4777066,364
2022-01-01 00:00:11.861,8,13,47,4,5303555,364
2022-01-01 00:00:11.862,7,12,41,3,4836977,364
2022-01-01 00:00:11.863,8,12,41,2,4229155,364
2022-01-01 00:00:11.864,7,12,31,2,3747022,364
2022-01-01 00:00:11.865,7,11,43,1,4326400,364
2022-01-01 00:00:11.866,7,11,43,2,4345155,364
2022-01-01 00:00:11.867,7,13,48,3,5614933,364
2022-01-01 00:00:11.868,7,11,16,0,1234044,364
2022-01-01 00:00:11.869,8,6,1,0,6666,364
2022-01-01 00:00:11.870,8,10,11,1,720967,364
2022-01-01 00:00:11.871,8,12,2,0,101213,364
2022-01-01 00:00:11.872,8,13,44,4,5283822,364
2022-01-01 00:00:11.873,7,11,55,3,5813866,364
2022-01-01 00:00:11.874,7,11,51,2,4353511,364
2022-01-01 00:00:11.875,7,12,53,1,5207822,364
2022-01-01 00:00:11.876,7,13,46,3,5334488,364
2022-01-01 00:00:11.877,7,11,42,2,3729155,364
2022-01-01 00:00:11.878,7,11,55,0,5398311,364
2022-01-01 00:00:11.879,8,14,34,5,4854844,364
2022-01-01 00:00:11.880,7,13,38,2,4747466,364
2022-01-01 00:00:11.881,7,12,38,3,4343911,364
2022-01-01 00:00:11.882,7,11,37,2,3513670,364
2022-01-01 00:00:11.883,7,12,46,2,4817977,364
2022-01-01 00:00:11.884,7,12,40,2,4261155,364
2022-01-01 00:00:11.885,8,13,49,3,5603466,364
2022-01-01 00:00:11.886,7,12,44,2,4426044,364
2022-01-01 00:00:11.887,7,12,45,3,4956977,364
2022-01-01 00:00:11.888,7,12,42,2,4587644,364
2022-01-01 00:00:11.889,8,13,31,2,4077422,364
2022-01-01 00:00:11.890,8,10,16,0,745142,364
2022-01-01 00:00:11.891,8,12,1,0,6561,364
2022-01-01 00:00:11.892,8,13,4,0,414488,364
2022-01-01 00:00:11.893,8,14,28,0,3261098,364
2022-01-01 00:00:11.894,7,13,47,4,6408088,364
2022-01-01 00:00:11.895,8,12,43,3,4945078,364
2022-01-01 00:00:11.896,8,12,39,3,4013955,364
2022-01-01 00:00:11.897,8,12,48,1,5387428,364
2022-01-01 00:00:11.898,7,14,17,0,2160533,364
2022-01-01 00:00:11.899,8,6,1,0,6593,364
2022-01-01 00:00:11.900,9,16,3,0,412177,364
2022-01-01 00:00:11.901,7,13,58,3,6906606,364
2022-01-01 00:00:11.902,7,11,41,2,4001142,364
2022-01-01 00:00:11.903,7,12,49,2,5872539,364
2022-01-01 00:00:11.904,7,12,42,4,3612835,364
2022-01-01 00:00:11.905,8,12,41,2,4846202,364
2022-01-01 00:00:11.906,8,11,1,0,5600,364
2022-01-01 00:00:11.907,9,12,1,1,6417,364
2022-01-01 00:00:11.908,8,12,14,0,1148977,364
2022-01-01 00:00:11.909,7,12,56,3,7124853,364
2022-01-01 00:00:11.910,8,13,57,3,6569406,364
2022-01-01 00:00:11.911,8,11,34,2,3863466,364
2022-01-01 00:00:11.912,7,12,42,3,4328177,364
2022-01-01 00:00:11.913,7,10,28,0,2535550,364
2022-01-01 00:00:11.914,8,12,1,0,6488,364
2022-01-01 00:00:11.915,9,16,1,1,5662,364
2022-01-01 00:00:11.916,8,11,46,2,4448711,364
2022-01-01 00:00:11.917,7,11,52,1,5159384,364
2022-01-01 00:00:11.918,9,11,1,0,5600,364
2022-01-01 00:00:11.919,9,12,1,0,6488,364
2022-01-01 00:00:11.920,8,15,6,1,501303,364
2022-01-01 00:00:11.921,8,12,3,0,156307,364
2022-01-01 00:00:11.922,9,15,2,1,190112,364
2022-01-01 00:00:11.923,8,12,10,0,678329,364
2022-01-01 00:00:11.924,9,16,9,0,1292444,364
2022-01-01 00:00:11.925,8,16,35,3,5646755,364
2022-01-01 00:00:11.926,8,12,1,0,6561,364
2022-01-01 00:00:11.927,9,15,7,1,524977,364
2022-01-01 00:00:11.928,8,12,2,0,129422,364
2022-01-01 00:00:11.929,8,12,7,0,503022,364
2022-01-01 00:00:11.930,9,12,5,0,186488,364
2022-01-01 00:00:11.931,8,15,43,2,5456629,364
2022-01-01 00:00:11.932,8,14,57,4,7318153,364
2022-01-01 00:00:11.933,7,11,2,0,168266,364
2022-01-01 00:00:11.934,8,6,1,0,6666,364
2022-01-01 00:00:11.935,8,11,13,1,714044,364
2022-01-01 00:00:11.936,8,6,1,0,6666,364
2022-01-01 00:00:11.937,9,13,4,1,413333,364
2022-01-01 00:00:11.938,8,10,6,0,248000,364
2022-01-01 00:00:11.939,8,11,10,1,713155,364
2022-01-01 00:00:11.940,8,10,4,1,156800,364
2022-01-01 00:00:11.941,7,11,13,0,1295730,364
2022-01-01 00:00:11.942,8,12,3,0,326133,364
2022-01-01 00:00:11.943,7,12,48,2,5314400,364
2022-01-01 00:00:11.944,8,6,1,0,6666,364
2022-01-01 00:00:11.945,8,10,5,0,426133,364
2022-01-01 00:00:11.946,8,10,6,0,221511,364
2022-01-01 00:00:11.947,8,16,29,2,4734933,364
2022-01-01 00:00:11.948,9,7,1,0,7911,364
2022-01-01 00:00:11.949,8,12,1,0,6488,364
2022-01-01 00:00:11.950,8,13,4,1,413688,364
2022-01-01 00:00:11.951,8,9,4,1,198577,364
2022-01-01 00:00:11.952,8,14,47,5,7008088,364
2022-01-01 00:00:11.953,7,10,39,2,3509422,364
2022-01-01 00:00:11.954,8,11,43,2,4356533,364
2022-01-01 00:00:11.955,7,11,37,2,3573066,364
2022-01-01 00:00:11.956,7,10,43,3,4154400,364
2022-01-01 00:00:11.957,8,11,3,0,21600,364
2022-01-01 00:00:11.958,9,0,1,0,6488,364
2022-01-01 00:00:11.959,8,10,8,0,694577,364
2022-01-01 00:00:11.960,8,9,3,0,30666,364
2022-01-01 00:00:11.961,7,14,45,5,6666133,364
2022-01-01 00:00:11.962,7,10,41,5,3653244,364
2022-01-01 00:00:11.963,7,11,39,1,4231200,364
2022-01-01 00:00:11.964,7,10,40,0,3773866,364
2022-01-01 00:00:11.965,7,10,40,2,3750933,364
2022-01-01 00:00:11.966,7,10,44,0,3981483,364
2022-01-01 00:00:11.967,7,10,44,1,3782755,364
2022-01-01 00:00:11.968,8,11,42,2,4160703,364
2022-01-01 00:00:11.969,7,10,40,1,3883146,364
2022-01-01 00:00:11.970,7,11,39,1,3828659,364
2022-01-01 00:00:11.971,7,11,43,1,4250755,364
2022-01-01 00:00:11.972,8,13,35,3,4318488,364
2022-01-01 00:00:11.973,7,12,35,2,4017777,364
2022-01-01 00:00:11.974,7,12,45,1,4513078,364
2022-01-01 00:00:11.975,7,11,36,3,3683692,364
2022-01-01 00:00:11.976,7,11,39,2,3999200,364
2022-01-01 00:00:11.977,7,12,34,4,3835911,364
2022-01-01 00:00:11.978,6,9,37,2,3268177,364
2022-01-01 00:00:11.979,8,12,39,5,4433600,364
2022-01-01 00:00:11.980,7,10,36,2,3364800,364
2022-01-01 00:00:11.981,8,12,39,3,4528888,364
2022-01-01 00:00:11.982,7,11,14,1,1446755,364
2022-01-01 00:00:11.983,8,6,1,0,6666,364
2022-01-01 00:00:11.984,7,9,15,0,743200,364
2022-01-01 00:00:11.985,8,12,1,0,6488,364
2022-01-01 00:00:11.986,7,10,11,0,495377,364
2022-01-01 00:00:11.987,8,11,4,2,168089,364
2022-01-01 00:00:11.988,8,11,15,0,860533,364
2022-01-01 00:00:11.989,8,12,11,0,1302044,364
2022-01-01 00:00:11.990,7,11,54,1,5593866,364
2022-01-01 00:00:11.991,8,8,1,1,23200,364
2022-01-01 00:00:11.992,8,5,2,0,6577,364
2022-01-01 00:00:11.993,9,14,2,0,313600,364
2022-01-01 00:00:11.994,8,12,9,0,412800,364
2022-01-01 00:00:11.995,8,0,1,0,15733,364
2022-01-01 00:00:11.996,9,12,1,0,6488,364
2022-01-01 00:00:11.997,8,9,11,0,648622,364
2022-01-01 00:00:11.998,9,11,2,0,12088,364
2022-01-01 00:00:11.999,3,1,14,0,263822,364
2022-01-01 00:00:12.000,8,10,16,0,610844,364
2022-01-01 00:00:12.001,8,11,16,0,1299377,364
2022-01-01 00:00:12.002,8,13,30,2,4384177,364
2022-01-01 00:00:12.003,7,10,13,0,1278471,364
2022-01-01 00:00:12.004,8,0,1,0,6488,364
2022-01-01 00:00:12.005,8,10,7,0,416622,364
2022-01-01 00:00:12.006,8,12,8,0,320444,364
2022-01-01 00:00:12.007,8,12,1,0,6488,364
2022-01-01 00:00:12.008,9,14,9,0,664177,364
2022-01-01 00:00:12.009,8,13,9,1,708800,364
2022-01-01 00:00:12.010,8,13,4,0,151644,364
2022-01-01 00:00:12.011,9,17,10,0,1281422,364
2022-01-01 00:00:12.012,9,18,7,0,1276800,364
2022-01-01 00:00:12.013,8,14,33,5,4317066,364
2022-01-01 00:00:12.014,8,9,1,0,15733,364
2022-01-01 00:00:12.015,8,6,1,0,6666,364
2022-01-01 00:00:12.016,9,13,6,0,411200,364
2022-01-01 00:00:12.017,8,11,6,0,326044,364
2022-01-01 00:00:12.018,8,6,1,0,6666,364
2022-01-01 00:00:12.019,8,10,7,0,414133,364
2022-01-01 00:00:12.020,8,9,7,0,251822,364
2022-01-01 00:00:12.021,8,11,10,0,714133,364
2022-01-01 00:00:12.022,8,13,3,0,178133,364
2022-01-01 00:00:12.023,8,14,10,2,1282577,364
2022-01-01 00:00:12.024,9,14,27,1,3423466,364
2022-01-01 00:00:12.025,8,14,17,0,2295111,364
2022-01-01 00:00:12.026,9,12,1,0,6488,364
2022-01-01 00:00:12.027,9,16,4,2,413511,364
2022-01-01 00:00:12.028,9,12,6,0,244711,364
2022-01-01 00:00:12.029,9,13,36,1,4711022,364
2022-01-01 00:00:12.030,8,12,1,0,6488,364
2022-01-01 00:00:12.031,9,10,12,0,632000,364
2022-01-01 00:00:12.032,8,16,28,2,4635377,364
2022-01-01 00:00:12.033,9,11,2,0,67200,364
2022-01-01 00:00:12.034,9,5,1,0,8622,364
2022-01-01 00:00:12.035,10,6,2,0,39822,369
2022-01-01 00:00:12.036,10,9,7,0,493422,369
2022-01-01 00:00:12.037,10,11,4,0,196977,369
2022-01-01 00:00:12.038,10,9,9,0,637244,369
2022-01-01 00:00:12.039,10,7,10,0,355911,369
2022-01-01 00:00:12.040,10,11,12,0,1286044,369
2022-01-01 00:00:12.041,10,12,4,0,440533,369
2022-01-01 00:00:12.042,10,10,55,1,5196533,369
2022-01-01 00:00:12.043,10,6,1,0,6666,369
2022-01-01 00:00:12.044,10,8,8,0,493155,369
2022-01-01 00:00:12.045,11,9,5,0,243288,369
2022-01-01 00:00:12.046,10,6,1,0,6666,369
2022-01-01 00:00:12.047,10,8,8,0,520000,369
2022-01-01 00:00:12.048,10,8,5,0,170400,369
2022-01-01 00:00:12.049,10,8,13,0,821066,369
2022-01-01 00:00:12.050,10,5,3,1,55733,369
2022-01-01 00:00:12.051,10,10,14,1,1291555,369
2022-01-01 00:00:12.052,9,9,43,2,3696088,369
2022-01-01 00:00:12.053,10,8,27,1,1940711,369
2022-01-01 00:00:12.054,10,8,1,0,6666,369
2022-01-01 00:00:12.055,10,9,13,0,744622,369
2022-01-01 00:00:12.056,11,10,1,0,7022,369
2022-01-01 00:00:12.057,10,7,11,0,652177,369
2022-01-01 00:00:12.058,10,5,2,0,16000,369
2022-01-01 00:00:12.059,10,11,7,0,630844,369
2022-01-01 00:00:12.060,10,6,7,1,238844,369
2022-01-01 00:00:12.061,10,11,13,0,1280800,369
2022-01-01 00:00:12.062,10,10,21,0,2004177,369
2022-01-01 00:00:12.063,10,10,38,5,3371555,369
2022-01-01 00:00:12.064,10,8,6,0,334044,369
2022-01-01 00:00:12.065,10,4,1,0,7022,369
2022-01-01 00:00:12.066,10,10,5,0,409406,369
2022-01-01 00:00:12.067,10,10,6,2,417244,369
2022-01-01 00:00:12.068,10,6,7,0,256266,369
2022-01-01 00:00:12.069,10,9,9,0,710666,369
2022-01-01 00:00:12.070,10,6,4,0,172266,369
2022-01-01 00:00:12.071,10,9,13,1,945688,369
2022-01-01 00:00:12.072,9,0,4,0,358044,369
2022-01-01 00:00:12.073,9,8,39,3,2763822,369
2022-01-01 00:00:12.074,9,9,30,2,2560533,369
2022-01-01 00:00:12.075,9,5,8,1,387377,369
2022-01-01 00:00:12.076,9,6,1,0,6666,369
2022-01-01 00:00:12.077,10,10,5,0,413955,369
2022-01-01 00:00:12.078,10,7,3,0,83466,369
2022-01-01 00:00:12.079,9,6,4,0,184177,369
2022-01-01 00:00:12.080,9,8,11,0,709600,369
2022-01-01 00:00:12.081,9,8,3,2,153866,369
2022-01-01 00:00:12.082,9,7,20,2,1229066,369
2022-01-01 00:00:12.083,9,0,1,0,97333,369
2022-01-01 00:00:12.084,9,6,35,3,2200622,369
2022-01-01 00:00:12.085,10,9,36,3,2817777,369
2022-01-01 00:00:12.086,10,10,7,0,608622,369
2022-01-01 00:00:12.087,9,7,1,0,12177,369
2022-01-01 00:00:12.088,9,6,1,0,6666,369
2022-01-01 00:00:12.089,9,9,7,0,494666,369
2022-01-01 00:00:12.090,10,8,6,0,329600,369
2022-01-01 00:00:12.091,10,10,39,4,3439200,369
2022-01-01 00:00:12.092,9,9,14,1,1096177,369
2022-01-01 00:00:12.093,9,6,1,0,6666,369
2022-01-01 00:00:12.094,9,6,8,0,411911,369
2022-01-01 00:00:12.095,9,5,6,0,166755,369
2022-01-01 00:00:12.096,9,5,5,0,98933,369
2022-01-01 00:00:12.097,9,6,8,0,418844,369
2022-01-01 00:00:12.098,9,6,24,1,1337777,369
2022-01-01 00:00:12.099,9,6,34,2,2278044,369
2022-01-01 00:00:12.100,9,6,22,2,1415644,369
2022-01-01 00:00:12.101,9,6,29,2,1861955,369
2022-01-01 00:00:12.102,9,6,32,2,1967822,369
2022-01-01 00:00:12.103,9,6,10,2,487111,369
2022-01-01 00:00:12.104,9,6,1,0,6666,369
2022-01-01 00:00:12.105,9,6,10,0,488087,369
2022-01-01 00:00:12.106,9,5,4,0,159460,369
2022-01-01 00:00:12.107,8,6,12,1,633142,369
2022-01-01 00:00:12.108,9,1,12,1,234337,369
2022-01-01 00:00:12.109,9,6,23,2,1308533,369
2022-01-01 00:00:12.110,9,6,11,1,669422,369
2022-01-01 00:00:12.111,9,6,41,4,2582400,369
2022-01-01 00:00:12.112,9,6,29,3,1824266,369
2022-01-01 00:00:12.113,9,6,11,1,567377,369
2022-01-01 00:00:12.114,8,4,3,0,104622,369
2022-01-01 00:00:12.115,8,4,16,0,634844,369
2022-01-01 00:00:12.116,8,3,1,0,16967,369
2022-01-01 00:00:12.117,8,4,1,0,7022,369
2022-01-01 00:00:12.118,8,4,11,0,431208,369
2022-01-01 00:00:12.119,8,4,9,0,240808,369
2022-01-01 00:00:12.120,8,4,17,5,711733,369
2022-01-01 00:00:12.121,8,4,6,1,173155,369
2022-01-01 00:00:12.122,8,4,28,1,1273670,369
2022-01-01 00:00:12.123,8,4,51,1,2302112,369
2022-01-01 00:00:12.124,8,4,27,3,1197978,369
2022-01-01 00:00:12.125,8,4,27,4,1261213,369
2022-01-01 00:00:12.126,8,4,22,3,937777,369
2022-01-01 00:00:12.127,8,0,1,0,11340,369
2022-01-01 00:00:12.128,7,6,1,0,6666,390
2022-01-01 00:00:12.129,7,8,6,0,416898,390
2022-01-01 00:00:12.130,6,6,7,1,232439,390
2022-01-01 00:00:12.131,7,7,1,1,5600,390
2022-01-01 00:00:12.132,7,7,15,1,834222,390
2022-01-01 00:00:12.133,7,10,12,0,878022,390
2022-01-01 00:00:12.134,6,0,6,0,560703,390
2022-01-01 00:00:12.135,8,10,4,0,385078,390
2022-01-01 00:00:12.136,6,6,81,8,5100888,390
2022-01-01 00:00:12.137,7,2,11,0,257670,390
2022-01-01 00:00:12.138,8,6,1,0,6666,390
2022-01-01 00:00:12.139,8,9,5,2,313688,390
2022-01-01 00:00:12.140,7,6,9,0,379056,390
2022-01-01 00:00:12.141,7,7,8,2,632000,390
2022-01-01 00:00:12.142,7,5,13,0,346222,390
2022-01-01 00:00:12.143,7,10,14,0,1281422,390
2022-01-01 00:00:12.144,7,10,32,2,3057777,390
2022-01-01 00:00:12.145,5,3,67,5,2580711,390
2022-01-01 00:00:12.146,7,0,2,0,21688,390
2022-01-01 00:00:12.147,8,6,1,0,6666,390
2022-01-01 00:00:12.148,8,6,10,3,526044,390
2022-01-01 00:00:12.149,7,4,7,0,241511,390
2022-01-01 00:00:12.150,7,0,1,0,6666,390
2022-01-01 00:00:12.151,7,4,12,0,497422,390
2022-01-01 00:00:12.152,6,3,6,0,165866,390
2022-01-01 00:00:12.153,7,6,5,0,274400,390
2022-01-01 00:00:12.154,7,4,14,1,602844,390
2022-01-01 00:00:12.155,6,4,28,0,1287466,390
2022-01-01 00:00:12.156,7,7,13,0,960800,390
2022-01-01 00:00:12.157,6,6,47,3,2920622,390
2022-01-01 00:00:12.158,6,4,22,2,1003733,390
2022-01-01 00:00:12.159,6,3,24,0,774933,390
2022-01-01 00:00:12.160,8,6,1,0,6666,390
2022-01-01 00:00:12.161,7,6,13,2,628622,390
2022-01-01 00:00:12.162,6,5,5,0,127111,390
2022-01-01 00:00:12.163,8,3,1,1,7555,390
2022-01-01 00:00:12.164,7,5,2,0,75911,390
2022-01-01 00:00:12.165,7,5,12,0,594311,390
2022-01-01 00:00:12.166,6,3,84,6,3195235,390
2022-01-01 00:00:12.167,6,5,39,1,1937846,390
2022-01-01 00:00:12.168,6,4,21,3,958666,390
2022-01-01 00:00:12.169,6,3,31,1,1173955,390
2022-01-01 00:00:12.170,6,1,39,2,873155,390
2022-01-01 00:00:12.171,6,2,38,1,910755,390
2022-01-01 00:00:12.172,6,3,36,1,1231288,390
2022-01-01 00:00:12.173,6,5,42,1,1896711,390
2022-01-01 00:00:12.174,6,5,18,3,912533,390
2022-01-01 00:00:12.175,7,4,37,6,1507644,390
2022-01-01 00:00:12.176,6,3,34,1,1319370,390
2022-01-01 00:00:12.177,7,3,7,0,167120,390
2022-01-01 00:00:12.178,8,3,1,0,5600,390
2022-01-01 00:00:12.179,7,3,5,0,83146,390
2022-01-01 00:00:12.180,7,4,1,0,6945,390
2022-01-01 00:00:12.181,7,4,24,1,816088,390
2022-01-01 00:00:12.182,6,2,56,3,1540266,390
2022-01-01 00:00:12.183,6,4,38,4,1704355,390
2022-01-01 00:00:12.184,6,2,47,0,1432444,390
2022-01-01 00:00:12.185,7,4,33,2,1505155,390
2022-01-01 00:00:12.186,6,2,31,0,799555,390
2022-01-01 00:00:12.187,6,3,44,1,1417066,390
2022-01-01 00:00:12.188,6,5,26,3,1392000,390
2022-01-01 00:00:12.189,6,4,27,2,1209155,390
2022-01-01 00:00:12.190,6,3,30,0,1152533,390
2022-01-01 00:00:12.191,5,2,34,1,1182400,390
2022-01-01 00:00:12.192,6,4,38,3,1464711,390
2022-01-01 00:00:12.193,6,3,34,1,1126933,390
2022-01-01 00:00:12.194,6,5,35,1,1697333,390
2022-01-01 00:00:12.195,6,4,22,3,976888,390
2022-01-01 00:00:12.196,6,4,20,1,834311,390
2022-01-01 00:00:12.197,7,0,1,0,17866,390
2022-01-01 00:00:12.198,7,3,1,0,5600,390
2022-01-01 00:00:12.199,7,4,1,0,9333,390
2022-01-01 00:00:12.200,7,4,4,1,75146,390
2022-01-01 00:00:12.201,7,3,1,1,7555,390
2022-01-01 00:00:12.202,7,4,30,2,1366044,390
2022-01-01 00:00:12.203,5,3,43,2,1553333,390
2022-01-01 00:00:12.204,6,3,38,1,1463644,390
2022-01-01 00:00:12.205,6,3,30,3,1074933,390
2022-01-01 00:00:12.206,7,5,32,1,1649955,390
2022-01-01 00:00:12.207,6,2,39,2,1214844,390
2022-01-01 00:00:12.208,6,3,35,2,1296266,390
2022-01-01 00:00:12.209,6,3,26,1,1073955,390
2022-01-01 00:00:12.210,7,5,40,3,2183111,390
2022-01-01 00:00:12.211,6,4,35,3,1610222,390
2022-01-01 00:00:12.212,6,3,37,2,1354755,390
2022-01-01 00:00:12.213,7,4,37,2,1644177,390
2022-01-01 00:00:12.214,6,3,21,2,714400,390
2022-01-01 00:00:12.215,7,4,1,0,19288,390
2022-01-01 00:00:12.216,7,4,1,0,7022,390
2022-01-01 00:00:12.217,7,3,3,0,72977,390
2022-01-01 00:00:12.218,8,6,6,0,331377,390
2022-01-01 00:00:12.219,6,3,56,3,2147911,390
2022-01-01 00:00:12.220,5,1,42,4,834133,390
2022-01-01 00:00:12.221,6,3,35,0,1223733,390
2022-01-01 00:00:12.222,6,3,35,2,1316888,390
2022-01-01 00:00:12.223,6,5,26,3,1492977,390
2022-01-01 00:00:12.224,6,4,35,3,1386577,390
2022-01-01 00:00:12.225,6,4,32,2,1504711,390
2022-01-01 00:00:12.226,6,3,42,2,1475377,390
2022-01-01 00:00:12.227,6,5,31,1,1724888,390
2022-01-01 00:00:12.228,6,4,30,0,1184177,390
2022-01-01 00:00:12.229,6,3,30,6,1170666,390
2022-01-01 00:00:12.230,6,2,30,2,889066,390
2022-01-01 00:00:12.231,6,2,39,3,896977,390
2022-01-01 00:00:12.232,6,2,36,3,845511,390
2022-01-01 00:00:12.233,6,3,40,0,1280355,390
2022-01-01 00:00:12.234,6,2,42,1,1160000,390
2022-01-01 00:00:12.235,6,3,38,1,1326400,390
2022-01-01 00:00:12.236,6,3,34,2,1154426,390
2022-01-01 00:00:12.237,5,1,77,2,1632439,390
2022-01-01 00:00:12.238,5,0,59,1,1079733,390
2022-01-01 00:00:12.239,6,4,25,3,987466,390
2022-01-01 00:00:12.240,6,4,34,5,1419555,390
2022-01-01 00:00:12.241,6,2,31,5,948533,390
2022-01-01 00:00:12.242,6,3,39,4,1208800,390
2022-01-01 00:00:12.243,6,3,34,2,1298666,390
2022-01-01 00:00:12.244,7,4,33,2,1475644,390
2022-01-01 00:00:12.245,6,3,34,1,1266666,390
2022-01-01 00:00:12.246,7,2,1,0,17866,390
2022-01-01 00:00:12.247,8,5,1,0,8622,390
2022-01-01 00:00:12.248,7,0,1,0,8622,390
2022-01-01 00:00:12.249,7,3,1,0,7555,390
2022-01-01 00:00:12.250,7,6,7,1,418933,390
2022-01-01 00:00:12.251,6,4,10,1,260622,390
2022-01-01 00:00:12.252,6,3,19,3,685511,390
2022-01-01 00:00:12.253,7,4,16,0,403235,390
2022-01-01 00:00:12.254,6,6,16,2,1048615,390
2022-01-01 00:00:12.255,7,4,17,1,764533,390
2022-01-01 00:00:12.256,6,3,46,2,1839111,390
2022-01-01 00:00:12.257,6,2,38,3,1134755,390
2022-01-01 00:00:12.258,6,3,39,3,1439200,390
2022-01-01 00:00:12.259,6,4,12,0,500977,390
2022-01-01 00:00:12.260,7,6,1,0,6666,390
2022-01-01 00:00:12.261,7,4,7,1,301752,390
2022-01-01 00:00:12.262,6,2,23,0,546549,390
2022-01-01 00:00:12.263,6,2,84,3,2028444,390
2022-01-01 00:00:12.264,6,4,38,2,1811200,390
2022-01-01 00:00:12.265,7,4,15,0,595822,390
2022-01-01 00:00:12.266,7,4,1,1,7022,390
2022-01-01 00:00:12.267,7,3,10,1,414933,390
2022-01-01 00:00:12.268,7,2,13,1,243822,390
2022-01-01 00:00:12.269,7,5,15,2,701511,390
2022-01-01 00:00:12.270,7,4,8,0,180888,390
2022-01-01 00:00:12.271,6,4,29,1,1288977,390
2022-01-01 00:00:12.272,6,3,76,2,2839644,390
2022-01-01 00:00:12.273,6,2,61,0,1484533,390
2022-01-01 00:00:12.274,6,3,37,2,1257333,390
2022-01-01 00:00:12.275,6,4,33,2,1324888,390
2022-01-01 00:00:12.276,6,3,32,2,1262577,390
2022-01-01 00:00:12.277,6,4,32,2,1299911,390
2022-01-01 00:00:12.278,6,2,32,1,939377,390
2022-01-01 00:00:12.279,6,0,12,0,228266,390
2022-01-01 00:00:12.280,8,6,1,0,6666,390
2022-01-01 00:00:12.281,7,3,18,1,651911,390
2022-01-01 00:00:12.282,7,6,31,1,1956533,390
2022-01-01 00:00:12.283,6,3,37,2,1231733,390
2022-01-01 00:00:12.284,6,3,46,1,1539911,390
2022-01-01 00:00:12.285,7,4,1,0,11822,390
2022-01-01 00:00:12.286,7,6,1,0,6666,390
2022-01-01 00:00:12.287,8,6,7,2,344444,390
2022-01-01 00:00:12.288,6,3,11,3,242577,390
2022-01-01 00:00:12.289,7,4,10,0,591822,390
2022-01-01 00:00:12.290,6,2,65,1,1559200,390
2022-01-01 00:00:12.291,6,2,38,0,909688,390
2022-01-01 00:00:12.292,6,3,36,2,1156977,390
2022-01-01 00:00:12.293,6,3,34,2,1283733,390
2022-01-01 00:00:12.294,6,3,42,4,1429866,390
2022-01-01 00:00:12.295,6,2,40,0,1245511,390
2022-01-01 00:00:12.296,5,1,83,3,1688444,390
2022-01-01 00:00:12.297,6,2,11,1,256622,390
2022-01-01 00:00:12.298,7,6,1,0,6666,390
2022-01-01 00:00:12.299,6,5,15,3,678666,390
2022-01-01 00:00:12.300,7,6,2,0,77511,390
2022-01-01 00:00:12.301,7,3,4,1,72000,390
2022-01-01 00:00:12.302,8,6,7,2,346400,390
2022-01-01 00:00:12.303,6,2,13,0,367200,390
2022-01-01 00:00:12.304,7,6,32,2,1998933,390
2022-01-01 00:00:12.305,5,2,35,3,1254844,390
2022-01-01 00:00:12.306,7,3,38,2,1430222,390
2022-01-01 00:00:12.307,6,4,29,0,1228888,390
2022-01-01 00:00:12.308,6,2,40,0,955377,390
2022-01-01 00:00:12.309,6,2,39,0,924711,390
2022-01-01 00:00:12.310,7,4,40,3,1573866,390
2022-01-01 00:00:12.311,6,3,24,1,1097066,390
2022-01-01 00:00:12.312,6,2,42,1,1247111,390
2022-01-01 00:00:12.313,6,4,31,2,1420355,390
2022-01-01 00:00:12.314,6,4,3,0,59644,390
2022-01-01 00:00:12.315,7,6,1,0,6666,390
2022-01-01 00:00:12.316,7,4,17,1,679733,390
2022-01-01 00:00:12.317,7,6,1,0,68888,390
2022-01-01 00:00:12.318,7,7,40,2,2602311,390
2022-01-01 00:00:12.319,7,4,13,0,554755,390
2022-01-01 00:00:12.320,7,6,1,0,6666,390
2022-01-01 00:00:12.321,7,7,8,2,591466,390
2022-01-01 00:00:12.322,6,3,39,4,1453422,390
2022-01-01 00:00:12.323,7,4,45,3,1853244,390
2022-01-01 00:00:12.324,5,1,40,2,1145244,390
2022-01-01 00:00:12.325,5,2,88,0,2518044,390
2022-01-01 00:00:12.326,6,5,39,2,2089155,390
2022-01-01 00:00:12.327,7,5,2,0,26311,390
2022-01-01 00:00:12.328,7,6,1,0,6666,390
2022-01-01 00:00:12.329,8,9,6,2,411022,390
2022-01-01 00:00:12.330,6,4,11,0,281866,390
2022-01-01 00:00:12.331,7,6,14,3,713600,390
2022-01-01 00:00:12.332,7,6,8,0,304000,390
2022-01-01 00:00:12.333,7,6,18,0,1160177,390
2022-01-01 00:00:12.334,7,8,35,2,2884888,390
2022-01-01 00:00:12.335,7,8,29,3,2098933,390
2022-01-01 00:00:12.336,5,2,17,1,647377,390
2022-01-01 00:00:12.337,6,2,3,0,27288,390
2022-01-01 00:00:12.338,6,2,1,0,7200,390
2022-01-01 00:00:12.339,6,2,17,1,496266,390
2022-01-01 00:00:12.340,5,1,14,1,258311,390
2022-01-01 00:00:12.341,6,0,1,0,7022,390
2022-01-01 00:00:12.342,6,2,18,1,416000,390
2022-01-01 00:00:12.343,5,0,19,0,241866,390
2022-01-01 00:00:12.344,6,4,1,0,9333,390
2022-01-01 00:00:12.345,5,1,34,2,833422,390
2022-01-01 00:00:12.346,6,2,10,1,188977,390
2022-01-01 00:00:12.347,6,5,27,0,1266044,390
2022-01-01 00:00:12.348,5,3,38,2,1693511,390
2022-01-01 00:00:12.349,5,2,38,4,1063644,390
2022-01-01 00:00:12.350,5,2,22,7,609955,390
2022-01-01 00:00:12.351,5,1,34,5,723377,390
2022-01-01 00:00:12.352,5,0,39,1,633866,390
2022-01-01 00:00:12.353,5,1,39,3,817333,390
2022-01-01 00:00:12.354,5,0,23,0,353333,390
2022-01-01 00:00:12.355,7,4,1,0,7022,390
2022-01-01 00:00:12.356,5,1,18,1,416177,390
2022-01-01 00:00:12.357,6,2,18,2,346844,390
2022-01-01 00:00:12.358,4,4,38,3,1738488,390
2022-01-01 00:00:12.359,3,0,40,6,615111,390
2022-01-01 00:00:12.360,3,0,31,10,476711,390
2022-01-01 00:00:12.361,3,0,35,4,538222,390
2022-01-01 00:00:12.362,3,0,34,6,522844,390
2022-01-01 00:00:12.363,3,0,41,1,629066,390
2022-01-01 00:00:12.364,2,0,28,6,415288,390
2022-01-01 00:00:12.365,3,0,1,0,11111,390
2022-01-01 00:00:12.366,4,0,1,0,6311,390
2022-01-01 00:00:12.367,3,0,28,3,420800,390
2022-01-01 00:00:12.368,3,0,18,3,226488,390
2022-01-01 00:00:12.369,3,0,2,0,12622,390
2022-01-01 00:00:12.370,3,0,1,1,6311,390
2022-01-01 00:00:12.371,2,0,41,5,585688,390
2022-01-01 00:00:12.372,2,0,47,4,718488,390
2022-01-01 00:00:12.373,2,0,31,9,476711,390
2022-01-01 00:00:12.374,3,0,36,4,553600,390
2022-01-01 00:00:12.375,3,0,37,4,568977,390
2022-01-01 00:00:12.376,3,0,37,5,568977,390
2022-01-01 00:00:12.377,3,0,38,3,584355,390
2022-01-01 00:00:12.378,3,0,35,6,538222,390
2022-01-01 00:00:12.379,2,0,33,8,507466,390
2022-01-01 00:00:12.380,3,0,39,2,599733,390
2022-01-01 00:00:12.381,3,0,42,1,645866,390
2022-01-01 00:00:12.382,3,0,35,6,538222,390
2022-01-01 00:00:12.383,3,0,36,7,553600,390
2022-01-01 00:00:12.384,2,0,36,6,552177,390
2022-01-01 00:00:12.385,2,0,37,4,568977,390
2022-01-01 00:00:12.386,3,0,34,6,522844,390
2022-01-01 00:00:12.387,3,0,37,7,568977,390
2022-01-01 00:00:12.388,2,0,33,4,494666,390
2022-01-01 00:00:12.389,3,0,1,1,15377,390
2022-01-01 00:00:12.390,4,2,1,0,7200,390
2022-01-01 00:00:12.391,3,0,36,3,528355,390
2022-01-01 00:00:12.392,4,0,1,0,6311,390
2022-01-01 00:00:12.393,3,0,35,3,538222,390
2022-01-01 00:00:12.394,2,0,72,10,1104355,390
2022-01-01 00:00:12.395,3,0,79,3,1214844,390
2022-01-01 00:00:12.396,3,0,73,11,1117244,390
2022-01-01 00:00:12.397,2,0,72,9,1105422,390
2022-01-01 00:00:12.398,3,5,75,8,1140355,390
2022-01-01 00:00:12.399,2,0,74,8,1136177,390
2022-01-01 00:00:12.400,3,0,78,5,1195911,390
2022-01-01 00:00:12.401,2,0,75,8,1148711,390
2022-01-01 00:00:12.402,2,0,74,7,1129066,390
2022-01-01 00:00:12.403,3,0,75,9,1148711,390
2022-01-01 00:00:12.404,2,0,75,7,1133955,390
2022-01-01 00:00:12.405,2,0,82,4,1252800,390
2022-01-01 00:00:12.406,2,0,71,10,1083644,390
2022-01-01 00:00:12.407,2,0,76,10,1165155,390
2022-01-01 00:00:12.408,2,0,69,11,1051822,390
2022-01-01 00:00:12.409,2,0,74,9,1204088,390
2022-01-01 00:00:12.410,3,2,36,5,884977,390
2022-01-01 00:00:12.411,4,3,30,4,1118400,390
2022-01-01 00:00:12.412,3,0,35,5,593688,390
2022-01-01 00:00:12.413,3,0,31,5,641333,390
2022-01-01 00:00:12.414,3,0,45,6,688444,390
2022-01-01 00:00:12.415,3,1,39,1,827111,390
2022-01-01 00:00:12.416,4,1,39,6,920800,390
2022-01-01 00:00:12.417,3,1,27,5,604355,390
2022-01-01 00:00:12.418,3,0,39,1,745866,390
2022-01-01 00:00:12.419,3,1,39,7,782844,390
2022-01-01 00:00:12.420,3,1,31,6,650577,390
2022-01-01 00:00:12.421,3,1,44,2,979200,390
2022-01-01 00:00:12.422,4,2,11,1,229511,390
2022-01-01 00:00:12.423,8,6,1,0,6593,390
2022-01-01 00:00:12.424,7,10,6,2,411377,390
2022-01-01 00:00:12.425,7,9,4,0,94044,390
2022-01-01 00:00:12.426,7,10,16,3,1534755,390
2022-01-01 00:00:12.427,6,10,35,2,3139111,390
2022-01-01 00:00:12.428,5,5,53,3,2958593,390
2022-01-01 00:00:12.429,5,6,29,2,1888808,390
2022-01-01 00:00:12.430,6,8,28,2,2064711,390
2022-01-01 00:00:12.431,6,8,24,3,1991466,390
2022-01-01 00:00:12.432,6,8,29,3,1957274,390
2022-01-01 00:00:12.433,6,6,27,3,1799460,390
2022-01-01 00:00:12.434,6,7,29,6,2050755,390
2022-01-01 00:00:12.435,6,8,24,3,1986488,390
2022-01-01 00:00:12.436,6,8,26,3,2055560,390
2022-01-01 00:00:12.437,6,8,37,2,2905511,390
2022-01-01 00:00:12.438,7,9,24,7,2011685,390
2022-01-01 00:00:12.439,6,9,28,2,2324444,390
2022-01-01 00:00:12.440,6,9,22,7,1874488,390
2022-01-01 00:00:12.441,6,9,25,4,2121846,390
2022-01-01 00:00:12.442,6,8,22,2,1849348,390
2022-01-01 00:00:12.443,6,6,32,5,2140622,390
2022-01-01 00:00:12.444,6,6,28,3,1872355,390
2022-01-01 00:00:12.445,6,10,27,5,2434933,390
2022-01-01 00:00:12.446,7,7,22,2,1518222,390
2022-01-01 00:00:12.447,7,6,35,3,2337866,390
2022-01-01 00:00:12.448,6,6,29,1,1668355,390
2022-01-01 00:00:12.449,6,10,25,8,2203868,390
2022-01-01 00:00:12.450,6,5,23,0,1179415,390
2022-01-01 00:00:12.451,6,5,27,3,1464622,390
2022-01-01 00:00:12.452,5,3,22,6,878755,390
2022-01-01 00:00:12.453,6,4,34,8,1477802,390
2022-01-01 00:00:12.454,6,5,29,2,1605955,390
2022-01-01 00:00:12.455,6,4,33,3,1631370,390
2022-01-01 00:00:12.456,6,5,26,3,1329422,390
2022-01-01 00:00:12.457,6,6,35,4,1956571,390
2022-01-01 00:00:12.458,6,6,24,3,1599822,390
2022-01-01 00:00:12.459,6,5,28,3,1618696,390
2022-01-01 00:00:12.460,6,5,35,1,2030133,390
2022-01-01 00:00:12.461,6,5,33,2,1542311,390
2022-01-01 00:00:12.462,7,6,26,7,1741362,390
2022-01-01 00:00:12.463,6,6,21,2,1417438,390
2022-01-01 00:00:12.464,6,5,25,4,1468000,390
2022-01-01 00:00:12.465,6,5,35,6,1878844,390
2022-01-01 00:00:12.466,6,4,40,4,1770901,390
2022-01-01 00:00:12.467,6,5,28,1,1516584,390
2022-01-01 00:00:12.468,7,6,35,2,2171822,390
2022-01-01 00:00:12.469,6,5,28,2,1635911,390
2022-01-01 00:00:12.470,6,5,26,2,1510329,390
2022-01-01 00:00:12.471,6,5,29,3,1609777,390
2022-01-01 00:00:12.472,7,6,28,4,1666426,390
2022-01-01 00:00:12.473,5,4,33,4,1341626,390
2022-01-01 00:00:12.474,6,4,32,2,1447822,390
2022-01-01 00:00:12.475,7,6,35,1,2088622,390
2022-01-01 00:00:12.476,6,6,27,4,1717483,390
2022-01-01 00:00:12.477,6,6,36,2,2078153,390
2022-01-01 00:00:12.478,5,4,36,0,1602488,390
2022-01-01 00:00:12.479,6,5,27,2,1318311,390
2022-01-01 00:00:12.480,7,5,20,1,1044224,390
2022-01-01 00:00:12.481,7,7,20,3,1334222,390
2022-01-01 00:00:12.482,7,5,36,2,1738637,390
2022-01-01 00:00:12.483,6,2,29,2,940177,390
2022-01-01 00:00:12.484,6,1,36,5,845662,390
2022-01-01 00:00:12.485,6,2,20,7,478222,390
2022-01-01 00:00:12.486,8,4,1,0,16263,390
2022-01-01 00:00:12.487,7,4,1,0,7101,390
2022-01-01 00:00:12.488,7,4,12,0,500977,390
2022-01-01 00:00:12.489,7,0,1,0,5538,390
2022-01-01 00:00:12.490,7,5,26,1,1765752,390
2022-01-01 00:00:12.491,6,2,48,1,1337670,390
2022-01-01 00:00:12.492,6,2,25,2,841688,390
2022-01-01 00:00:12.493,7,4,48,3,1924266,390
2022-01-01 00:00:12.494,6,3,36,1,1393528,390
2022-01-01 00:00:12.495,7,4,31,2,1225406,390
2022-01-01 00:00:12.496,7,4,37,3,1765483,390
2022-01-01 00:00:12.497,6,4,33,0,1533626,390
2022-01-01 00:00:12.498,6,3,36,1,1352533,390
2022-01-01 00:00:12.499,6,5,35,1,1768000,390
2022-01-01 00:00:12.500,6,3,48,1,2135120,390
2022-01-01 00:00:12.501,6,2,90,0,2318400,390
2022-01-01 00:00:12.502,6,5,40,3,2018488,390
2022-01-01 00:00:12.503,7,8,27,3,2045955,390
2022-01-01 00:00:12.504,6,3,21,0,916000,390
2022-01-01 00:00:12.505,6,3,34,1,1295111,390
2022-01-01 00:00:12.506,7,6,36,2,2091555,390
2022-01-01 00:00:12.507,6,4,28,2,1226247,390
2022-01-01 00:00:12.508,7,4,32,3,1421626,390
2022-01-01 00:00:12.509,6,2,2,0,17244,390
2022-01-01 00:00:12.510,7,6,1,0,6666,390
2022-01-01 00:00:12.511,7,4,15,2,504539,390
2022-01-01 00:00:12.512,7,3,1,0,5538,390
2022-01-01 00:00:12.513,8,6,8,0,551111,390
2022-01-01 00:00:12.514,7,6,47,7,2965842,390
2022-01-01 00:00:12.515,6,4,22,1,957714,390
2022-01-01 00:00:12.516,6,4,29,0,1159200,390
2022-01-01 00:00:12.517,6,4,39,0,1837777,390
2022-01-01 00:00:12.518,6,3,32,1,1201955,390
2022-01-01 00:00:12.519,7,4,39,1,1721955,390
2022-01-01 00:00:12.520,6,3,30,2,1144000,390
2022-01-01 00:00:12.521,7,4,36,3,1680000,390
2022-01-01 00:00:12.522,7,4,31,4,1436000,390
2022-01-01 00:00:12.523,6,3,37,0,1407200,390
2022-01-01 00:00:12.524,6,3,30,2,1024711,390
2022-01-01 00:00:12.525,6,2,41,1,1003822,390
2022-01-01 00:00:12.526,6,4,33,2,1327377,390
2022-01-01 00:00:12.527,6,3,40,2,1302488,390
2022-01-01 00:00:12.528,6,4,33,4,1225511,390
2022-01-01 00:00:12.529,6,4,30,2,1407111,390
2022-01-01 00:00:12.530,6,3,40,2,1659022,390
2022-01-01 00:00:12.531,6,3,45,2,1470666,390
2022-01-01 00:00:12.532,6,3,36,1,1465422,390
2022-01-01 00:00:12.533,7,3,34,0,1346311,390
2022-01-01 00:00:12.534,6,3,35,2,1272977,390
2022-01-01 00:00:12.535,6,2,35,0,1019644,390
2022-01-01 00:00:12.536,6,4,42,1,1935644,390
2022-01-01 00:00:12.537,6,4,25,2,1058786,390
2022-01-01 00:00:12.538,6,4,30,3,1327296,390
2022-01-01 00:00:12.539,7,4,30,4,1421333,390
2022-01-01 00:00:12.540,6,2,31,1,810222,390
2022-01-01 00:00:12.541,6,2,39,1,954577,390
2022-01-01 00:00:12.542,6,4,31,4,1212711,390
2022-01-01 00:00:12.543,7,5,32,3,1928355,390
2022-01-01 00:00:12.544,6,2,35,3,940000,390
2022-01-01 00:00:12.545,6,3,43,1,1678844,390
2022-01-01 00:00:12.546,7,4,45,4,2021955,390
2022-01-01 00:00:12.547,7,6,27,1,1707644,390
2022-01-01 00:00:12.548,6,6,24,3,1593422,390
2022-01-01 00:00:12.549,6,4,24,0,1086577,390
2022-01-01 00:00:12.550,6,3,33,0,1227822,390
2022-01-01 00:00:12.551,6,3,26,1,1029866,390
2022-01-01 00:00:12.552,7,5,41,1,2213777,390
2022-01-01 00:00:12.553,6,3,30,1,1196622,390
2022-01-01 00:00:12.554,6,2,39,1,1172177,390
2022-01-01 00:00:12.555,6,4,34,1,1474311,390
2022-01-01 00:00:12.556,6,5,28,2,1438400,390
2022-01-01 00:00:12.557,6,3,37,1,1281333,390
2022-01-01 00:00:12.558,6,4,35,1,1381066,390
2022-01-01 00:00:12.559,7,4,39,2,1759555,390
2022-01-01 00:00:12.560,6,8,28,4,1946666,390
2022-01-01 00:00:12.561,7,4,23,1,1093955,390
2022-01-01 00:00:12.562,6,4,32,2,1323146,390
2022-01-01 00:00:12.563,7,4,33,2,1508307,390
2022-01-01 00:00:12.564,6,3,32,1,1171911,390
2022-01-01 00:00:12.565,6,4,31,1,1290666,390
2022-01-01 00:00:12.566,7,4,41,1,1901244,390
2022-01-01 00:00:12.567,6,4,26,2,1167822,390
2022-01-01 00:00:12.568,6,3,40,2,1403022,390
2022-01-01 00:00:12.569,6,2,27,4,912266,390
2022-01-01 00:00:12.570,6,2,40,4,1183111,390
2022-01-01 00:00:12.571,6,2,31,1,926844,390
2022-01-01 00:00:12.572,6,3,40,2,1293866,390
2022-01-01 00:00:12.573,6,3,29,1,1043288,390
2022-01-01 00:00:12.574,7,3,40,1,1462755,390
2022-01-01 00:00:12.575,6,3,44,0,1746488,390
2022-01-01 00:00:12.576,6,3,34,1,1290133,390
2022-01-01 00:00:12.577,7,5,27,0,1544266,390
2022-01-01 00:00:12.578,7,7,22,1,1400533,390
2022-01-01 00:00:12.579,6,4,33,3,1406133,390
2022-01-01 00:00:12.580,6,4,34,3,1602311,390
2022-01-01 00:00:12.581,6,3,30,2,1086755,390
2022-01-01 00:00:12.582,6,3,29,2,1108000,390
2022-01-01 00:00:12.583,7,4,41,1,1837955,390
2022-01-01 00:00:12.584,6,4,31,3,1461600,390
2022-01-01 00:00:12.585,7,4,34,1,1410311,390
2022-01-01 00:00:12.586,7,4,33,2,1524355,390
2022-01-01 00:00:12.587,7,4,30,1,1380800,390
2022-01-01 00:00:12.588,6,3,39,1,1533422,390
2022-01-01 00:00:12.589,6,2,37,2,1048266,390
2022-01-01 00:00:12.590,7,4,1,0,16444,390
2022-01-01 00:00:12.591,8,6,1,0,6666,390
2022-01-01 00:00:12.592,7,5,12,0,507377,390
2022-01-01 00:00:12.593,8,0,1,0,5600,390
2022-01-01 00:00:12.594,7,10,7,0,622844,390
2022-01-01 00:00:12.595,6,5,37,0,2222844,390
2022-01-01 00:00:12.596,7,6,21,4,1272800,390
2022-01-01 00:00:12.597,6,5,38,1,2185777,390
2022-01-01 00:00:12.598,6,5,21,3,1069600,390
2022-01-01 00:00:12.599,6,4,40,1,1840355,390
2022-01-01 00:00:12.600,6,4,34,3,1411733,390
2022-01-01 00:00:12.601,7,5,33,3,1691822,390
2022-01-01 00:00:12.602,7,4,33,2,1544977,390
2022-01-01 00:00:12.603,6,3,26,4,1058311,390
2022-01-01 00:00:12.604,5,3,32,3,1194666,390
2022-01-01 00:00:12.605,6,3,25,2,957600,390
2022-01-01 00:00:12.606,6,3,34,3,1337066,390
2022-01-01 00:00:12.607,6,2,30,1,721600,390
2022-01-01 00:00:12.608,6,3,40,5,1447111,390
2022-01-01 00:00:12.609,5,1,32,0,780800,390
2022-01-01 00:00:12.610,6,3,29,3,1066044,390
2022-01-01 00:00:12.611,6,2,45,0,1070311,390
2022-01-01 00:00:12.612,6,2,42,2,1116622,390
2022-01-01 00:00:12.613,6,4,23,2,1079733,390
2022-01-01 00:00:12.614,6,2,37,4,1140000,390
2022-01-01 00:00:12.615,6,2,34,1,775288,390
2022-01-01 00:00:12.616,6,3,31,2,1226933,390
2022-01-01 00:00:12.617,5,1,35,3,839733,390
2022-01-01 00:00:12.618,6,3,36,3,1235911,390
2022-01-01 00:00:12.619,6,2,1,0,11822,390
2022-01-01 00:00:12.620,6,4,1,0,7022,390
2022-01-01 00:00:12.621,6,1,23,0,524888,390
2022-01-01 00:00:12.622,6,2,1,0,5777,390
2022-01-01 00:00:12.623,5,2,50,1,1606222,390
2022-01-01 00:00:12.624,6,1,39,2,849511,390
2022-01-01 00:00:12.625,6,2,39,1,953155,390
2022-01-01 00:00:12.626,6,3,28,3,1229866,390
2022-01-01 00:00:12.627,6,2,40,3,939377,390
2022-01-01 00:00:12.628,6,2,38,1,929955,390
2022-01-01 00:00:12.629,6,2,41,3,999555,390
2022-01-01 00:00:12.630,6,2,35,2,854666,390
2022-01-01 00:00:12.631,6,2,37,3,904444,390
2022-01-01 00:00:12.632,6,4,25,3,1151733,390
2022-01-01 00:00:12.633,6,2,43,2,1341777,390
2022-01-01 00:00:12.634,6,2,36,1,879288,390
2022-01-01 00:00:12.635,6,2,29,1,638666,390
2022-01-01 00:00:12.636,6,3,31,3,1305866,390
2022-01-01 00:00:12.637,6,2,32,2,1026844,390
2022-01-01 00:00:12.638,6,3,35,2,1133422,390
2022-01-01 00:00:12.639,6,3,32,2,1277866,390
2022-01-01 00:00:12.640,8,6,33,5,1716444,390
2022-01-01 00:00:12.641,6,6,9,2,968266,390
2022-01-01 00:00:12.642,6,3,41,2,1286488,390
2022-01-01 00:00:12.643,6,2,37,5,899644,390
2022-01-01 00:00:12.644,5,1,31,0,759022,390
2022-01-01 00:00:12.645,6,1,39,3,850044,390
2022-01-01 00:00:12.646,6,2,34,4,828622,390
2022-01-01 00:00:12.647,5,1,40,3,913066,390
2022-01-01 00:00:12.648,6,2,45,1,1100888,390
2022-01-01 00:00:12.649,6,3,33,4,1028711,390
2022-01-01 00:00:12.650,6,3,31,1,1257511,390
2022-01-01 00:00:12.651,6,4,26,5,1197688,390
2022-01-01 00:00:12.652,5,1,26,2,645866,390
2022-01-01 00:00:12.653,6,1,40,3,888177,390
2022-01-01 00:00:12.654,6,2,38,2,927111,390
2022-01-01 00:00:12.655,5,1,41,1,895733,390
2022-01-01 00:00:12.656,5,2,37,2,901066,390
2022-01-01 00:00:12.657,5,1,33,3,696266,390
2022-01-01 00:00:12.658,6,1,41,1,929866,390
2022-01-01 00:00:12.659,5,1,37,2,813244,390
2022-01-01 00:00:12.660,6,2,42,4,1028444,390
2022-01-01 00:00:12.661,6,2,35,4,856088,390
2022-01-01 00:00:12.662,5,1,48,3,1003733,390
2022-01-01 00:00:12.663,5,1,40,2,886044,390
2022-01-01 00:00:12.664,6,1,37,2,887733,390
2022-01-01 00:00:12.665,6,2,31,1,790311,390
2022-01-01 00:00:12.666,6,3,46,1,1549333,390
2022-01-01 00:00:12.667,6,2,28,1,716977,390
2022-01-01 00:00:12.668,7,4,32,5,1439288,390
2022-01-01 00:00:12.669,6,2,29,3,918844,390
2022-01-01 00:00:12.670,6,2,47,2,1145866,390
2022-01-01 00:00:12.671,5,2,31,4,754755,390
2022-01-01 00:00:12.672,7,3,34,2,1127288,390
2022-01-01 00:00:12.673,6,3,30,3,1134044,390
2022-01-01 00:00:12.674,6,4,28,3,1235555,390
2022-01-01 00:00:12.675,6,3,25,4,985333,390
2022-01-01 00:00:12.676,7,4,25,1,1096266,390
2022-01-01 00:00:12.677,5,4,37,3,1694666,390
2022-01-01 00:00:12.678,6,3,26,1,1021333,390
2022-01-01 00:00:12.679,6,4,26,2,1009955,390
2022-01-01 00:00:12.680,6,5,29,3,1661244,390
2022-01-01 00:00:12.681,6,2,35,2,1091822,390
2022-01-01 00:00:12.682,5,1,29,3,840622,390
2022-01-01 00:00:12.683,6,2,49,1,1182311,390
2022-01-01 00:00:12.684,6,2,35,1,856088,390
2022-01-01 00:00:12.685,6,2,39,2,956000,390
2022-01-01 00:00:12.686,6,2,42,2,1027022,390
2022-01-01 00:00:12.687,6,2,31,3,781777,390
2022-01-01 00:00:12.688,6,2,41,3,1406311,390
2022-01-01 00:00:12.689,5,1,37,2,814311,390
2022-01-01 00:00:12.690,6,2,49,1,1197955,390
2022-01-01 00:00:12.691,5,1,36,0,833066,390
2022-01-01 00:00:12.692,5,2,41,2,1003822,390
2022-01-01 00:00:12.693,6,3,32,5,1250844,390
2022-01-01 00:00:12.694,6,3,22,3,908622,390
2022-01-01 00:00:12.695,6,2,41,2,999555,390
2022-01-01 00:00:12.696,6,3,32,0,1168177,390
2022-01-01 00:00:12.697,6,1,41,1,955111,390
2022-01-01 00:00:12.698,6,2,41,3,1002400,390
2022-01-01 00:00:12.699,6,2,39,0,953155,390
2022-01-01 00:00:12.700,6,1,35,1,829600,390
2022-01-01 00:00:12.701,5,1,40,2,902933,390
2022-01-01 00:00:12.702,6,2,50,1,1222577,390
2022-01-01 00:00:12.703,5,5,28,5,1505955,390
2022-01-01 00:00:12.704,6,3,20,1,647466,390
2022-01-01 00:00:12.705,6,2,38,0,1177422,390
2022-01-01 00:00:12.706,6,1,34,1,809244,390
2022-01-01 00:00:12.707,5,1,42,3,916088,390
2022-01-01 00:00:12.708,6,2,33,2,805422,390
2022-01-01 00:00:12.709,7,5,37,2,1680444,390
2022-01-01 00:00:12.710,7,4,39,0,1798666,390
2022-01-01 00:00:12.711,8,7,25,0,1336888,390
2022-01-01 00:00:12.712,7,3,32,0,1245511,390
2022-01-01 00:00:12.713,7,5,31,0,1383377,390
2022-01-01 00:00:12.714,7,5,35,1,1543111,390
2022-01-01 00:00:12.715,8,6,28,0,1419022,390
2022-01-01 00:00:12.716,8,6,27,0,1609333,390
2022-01-01 00:00:12.717,7,4,43,0,1636711,390
2022-01-01 00:00:12.718,8,6,35,0,1941244,390
2022-01-01 00:00:12.719,7,4,38,0,1588000,390
2022-01-01 00:00:12.720,8,6,31,0,1934400,390
2022-01-01 00:00:12.721,7,4,43,0,1803377,390
2022-01-01 00:00:12.722,7,4,52,0,2062577,390
2022-01-01 00:00:12.723,7,5,36,0,1868622,390
2022-01-01 00:00:12.724,7,4,47,0,2016266,390
2022-01-01 00:00:12.725,7,4,51,0,2053955,390
2022-01-01 00:00:12.726,7,4,50,0,2161955,390
2022-01-01 00:00:12.727,7,4,37,1,1558311,390
2022-01-01 00:00:12.728,6,4,53,0,2108622,390
2022-01-01 00:00:12.729,7,5,40,2,2035022,390
2022-01-01 00:00:12.730,7,8,38,0,2502488,390
2022-01-01 00:00:12.731,7,8,33,2,2432444,390
2022-01-01 00:00:12.732,7,7,33,1,2330755,390
2022-01-01 00:00:12.733,6,5,36,2,2073244,390
2022-01-01 00:00:12.734,6,5,46,3,2385600,390
2022-01-01 00:00:12.735,6,5,36,4,1783111,390
2022-01-01 00:00:12.736,6,5,40,1,2229688,390
2022-01-01 00:00:12.737,6,4,35,3,1597600,390
2022-01-01 00:00:12.738,7,8,48,1,3453422,390
2022-01-01 00:00:12.739,7,6,34,1,1964711,390
2022-01-01 00:00:12.740,6,7,32,5,2161955,390
2022-01-01 00:00:12.741,6,6,51,0,3142666,390
2022-01-01 00:00:12.742,7,8,48,1,3231377,390
2022-01-01 00:00:12.743,7,6,43,0,2824177,390
2022-01-01 00:00:12.744,6,6,37,2,2301244,390
2022-01-01 00:00:12.745,7,8,45,0,3270044,390
2022-01-01 00:00:12.746,7,6,47,1,2739644,390
2022-01-01 00:00:12.747,7,9,43,1,3424977,390
2022-01-01 00:00:12.748,7,6,37,1,2280266,390
2022-01-01 00:00:12.749,6,6,36,1,2303111,390
2022-01-01 00:00:12.750,6,5,44,0,2388177,390
2022-01-01 00:00:12.751,7,6,47,3,2862577,390
2022-01-01 00:00:12.752,6,6,39,1,2199377,390
2022-01-01 00:00:12.753,7,6,47,3,3064711,390
2022-01-01 00:00:12.754,7,6,35,0,2359733,390
2022-01-01 00:00:12.755,6,6,34,2,2257422,390
2022-01-01 00:00:12.756,6,5,32,0,1895111,390
2022-01-01 00:00:12.757,6,5,31,3,1710488,390
2022-01-01 00:00:12.758,6,5,35,2,2024444,390
2022-01-01 00:00:12.759,6,5,40,0,1892444,390
2022-01-01 00:00:12.760,7,8,34,2,2720177,390
2022-01-01 00:00:12.761,6,6,30,2,1754844,390
2022-01-01 00:00:12.762,7,8,23,7,1587466,390
2022-01-01 00:00:12.763,6,6,26,2,1586311,390
2022-01-01 00:00:12.764,7,6,43,2,2866755,390
2022-01-01 00:00:12.765,7,8,27,2,2189955,390
2022-01-01 00:00:12.766,6,5,41,1,2157688,390
2022-01-01 00:00:12.767,7,8,29,5,2132533,390
2022-01-01 00:00:12.768,7,6,30,2,2002666,390
2022-01-01 00:00:12.769,7,8,30,3,2376177,390
2022-01-01 00:00:12.770,6,5,33,0,1706755,390
2022-01-01 00:00:12.771,7,8,40,2,2763200,390
2022-01-01 00:00:12.772,7,6,33,0,2167555,390
2022-01-01 00:00:12.773,6,6,33,3,1965066,390
2022-01-01 00:00:12.774,7,8,32,1,2588622,390
2022-01-01 00:00:12.775,7,6,33,2,2124355,390
2022-01-01 00:00:12.776,7,6,32,3,2147911,390
2022-01-01 00:00:12.777,6,6,34,2,2039644,390
2022-01-01 00:00:12.778,7,6,33,3,2098222,390
2022-01-01 00:00:12.779,6,6,33,3,1984800,390
2022-01-01 00:00:12.780,6,6,29,2,1874044,390
2022-01-01 00:00:12.781,6,6,32,1,1886933,390
2022-01-01 00:00:12.782,7,6,40,1,2439822,390
2022-01-01 00:00:12.783,6,6,31,2,1850577,390
2022-01-01 00:00:12.784,6,6,32,4,1871644,390
2022-01-01 00:00:12.785,7,6,9,0,502133,390
2022-01-01 00:00:12.786,7,6,1,0,6666,390
2022-01-01 00:00:12.787,8,9,6,1,479288,390
2022-01-01 00:00:12.788,7,6,2,1,19555,390
2022-01-01 00:00:12.789,7,10,40,7,3793777,390
2022-01-01 00:00:12.790,8,6,27,0,1819822,390
2022-01-01 00:00:12.791,6,4,26,1,1293955,390
2022-01-01 00:00:12.792,7,5,41,3,2019822,390
2022-01-01 00:00:12.793,7,6,34,1,2030577,390
2022-01-01 00:00:12.794,7,5,39,1,2166133,390
2022-01-01 00:00:12.795,6,6,28,1,1810133,390
2022-01-01 00:00:12.796,6,5,43,2,2210133,390
2022-01-01 00:00:12.797,6,5,34,0,1686044,390
2022-01-01 00:00:12.798,6,6,38,2,2284800,390
2022-01-01 00:00:12.799,6,6,36,0,2207288,390
2022-01-01 00:00:12.800,6,4,32,2,1619555,390
2022-01-01 00:00:12.801,6,4,38,2,1783466,390
2022-01-01 00:00:12.802,7,6,1,0,17155,390
2022-01-01 00:00:12.803,7,6,1,0,6666,390
2022-01-01 00:00:12.804,8,9,7,1,495377,390
2022-01-01 00:00:12.805,7,5,1,0,5600,390
2022-01-01 00:00:12.806,7,10,17,1,1533955,390
2022-01-01 00:00:12.807,7,8,41,1,3152266,390
2022-01-01 00:00:12.808,7,9,29,0,2511733,390
2022-01-01 00:00:12.809,7,6,27,2,1684622,390
2022-01-01 00:00:12.810,6,6,31,5,1784622,390
2022-01-01 00:00:12.811,7,6,26,5,1546755,390
2022-01-01 00:00:12.812,6,4,31,2,1387022,390
2022-01-01 00:00:12.813,6,5,41,1,2101600,390
2022-01-01 00:00:12.814,7,6,34,2,2133333,390
2022-01-01 00:00:12.815,6,6,26,1,1675911,390
2022-01-01 00:00:12.816,6,6,27,2,1768622,390
2022-01-01 00:00:12.817,7,6,41,2,2598844,390
2022-01-01 00:00:12.818,6,4,31,3,1445244,390
2022-01-01 00:00:12.819,7,5,37,1,1876177,390
2022-01-01 00:00:12.820,6,4,39,0,1815022,390
2022-01-01 00:00:12.821,6,5,30,1,1417777,390
2022-01-01 00:00:12.822,8,7,1,0,7911,390
2022-01-01 00:00:12.823,7,6,1,0,6666,390
2022-01-01 00:00:12.824,7,8,14,1,662044,390
2022-01-01 00:00:12.825,7,6,1,0,6666,390
2022-01-01 00:00:12.826,7,9,8,2,630577,390
2022-01-01 00:00:12.827,7,4,8,0,229511,390
2022-01-01 00:00:12.828,7,10,16,0,1282311,390
2022-01-01 00:00:12.829,8,12,3,0,330400,390
2022-01-01 00:00:12.830,7,9,50,2,4420088,390
2022-01-01 00:00:12.831,6,5,17,0,893244,390
2022-01-01 00:00:12.832,7,6,1,0,6666,390
2022-01-01 00:00:12.833,8,9,6,0,413866,390
2022-01-01 00:00:12.834,7,6,9,1,235022,390
2022-01-01 00:00:12.835,8,11,10,0,710933,390
2022-01-01 00:00:12.836,8,7,4,0,161066,390
2022-01-01 00:00:12.837,8,10,14,0,1281422,390
2022-01-01 00:00:12.838,8,11,36,2,3912177,390
2022-01-01 00:00:12.839,7,6,27,0,1739288,390
2022-01-01 00:00:12.840,8,5,2,0,6577,390
2022-01-01 00:00:12.841,8,8,2,1,74488,390
2022-01-01 00:00:12.842,7,6,12,0,559822,390
2022-01-01 00:00:12.843,8,9,9,1,508533,390
2022-01-01 00:00:12.844,7,7,4,0,180800,390
2022-01-01 00:00:12.845,7,7,52,1,3783644,390
2022-01-01 00:00:12.846,6,6,56,0,3485333,390
2022-01-01 00:00:12.847,6,6,40,1,2344266,390
2022-01-01 00:00:12.848,7,7,44,2,3144533,390
2022-01-01 00:00:12.849,7,4,5,0,246133,390
2022-01-01 00:00:12.850,8,6,1,0,6666,512
2022-01-01 00:00:12.851,8,13,5,2,436888,512
2022-01-01 00:00:12.852,7,8,7,0,252533,512
2022-01-01 00:00:12.853,8,10,12,2,833955,512
2022-01-01 00:00:12.854,8,11,16,0,1450488,512
2022-01-01 00:00:12.855,7,10,34,2,4238488,512
2022-01-01 00:00:12.856,6,6,24,1,1478577,512
2022-01-01 00:00:12.857,8,12,1,0,6488,512
2022-01-01 00:00:12.858,8,10,7,1,493422,512
2022-01-01 00:00:12.859,8,8,4,0,131377,512
2022-01-01 00:00:12.860,8,9,11,1,672622,512
2022-01-01 00:00:12.861,9,13,13,0,1651200,512
2022-01-01 00:00:12.862,7,10,62,4,6082844,512
2022-01-01 00:00:12.863,6,7,75,5,5271911,512
2022-01-01 00:00:12.864,8,4,1,0,21422,512
2022-01-01 00:00:12.865,8,0,1,0,7022,512
2022-01-01 00:00:12.866,7,7,13,1,686488,512
2022-01-01 00:00:12.867,8,5,2,0,17066,512
2022-01-01 00:00:12.868,8,6,1,0,6666,512
2022-01-01 00:00:12.869,9,11,4,1,413511,512
2022-01-01 00:00:12.870,7,8,7,2,248622,512
2022-01-01 00:00:12.871,8,9,10,0,712177,512
2022-01-01 00:00:12.872,7,6,24,2,1174577,512
2022-01-01 00:00:12.873,8,0,5,0,268533,512
2022-01-01 00:00:12.874,8,11,10,0,902933,512
2022-01-01 00:00:12.875,7,8,61,4,4722400,512
2022-01-01 00:00:12.876,7,6,1,0,17155,512
2022-01-01 00:00:12.877,8,6,1,0,6666,512
2022-01-01 00:00:12.878,8,10,5,0,410577,512
2022-01-01 00:00:12.879,7,5,10,0,272800,512
2022-01-01 00:00:12.880,8,10,9,0,711022,512
2022-01-01 00:00:12.881,8,9,6,0,169955,512
2022-01-01 00:00:12.882,8,10,15,1,1283644,512
2022-01-01 00:00:12.883,7,11,44,6,4390577,512
2022-01-01 00:00:12.884,8,8,21,1,1328000,512
2022-01-01 00:00:12.885,8,6,1,0,6666,512
2022-01-01 00:00:12.886,7,8,8,0,496888,512
2022-01-01 00:00:12.887,8,3,7,0,253955,512
2022-01-01 00:00:12.888,8,6,1,0,6666,512
2022-01-01 00:00:12.889,8,9,6,1,411377,512
2022-01-01 00:00:12.890,8,7,8,2,255288,512
2022-01-01 00:00:12.891,8,9,11,1,723111,512
2022-01-01 00:00:12.892,8,9,7,1,347822,512
2022-01-01 00:00:12.893,8,12,11,0,1103555,512
2022-01-01 00:00:12.894,8,11,29,1,2876533,512
2022-01-01 00:00:12.895,7,8,35,1,2769688,512
2022-01-01 00:00:12.896,8,5,2,0,6666,512
2022-01-01 00:00:12.897,8,6,7,0,482044,512
2022-01-01 00:00:12.898,7,8,7,0,260533,512
2022-01-01 00:00:12.899,8,5,1,0,5600,512
2022-01-01 00:00:12.900,8,9,5,0,248622,512
2022-01-01 00:00:12.901,7,5,3,0,84711,512
2022-01-01 00:00:12.902,8,11,11,1,1124533,512
2022-01-01 00:00:12.903,7,8,35,2,2754222,512
2022-01-01 00:00:12.904,7,7,21,1,1264622,512
2022-01-01 00:00:12.905,8,4,1,0,4533,512
2022-01-01 00:00:12.906,8,6,1,0,6666,512
2022-01-01 00:00:12.907,7,5,1,0,5600,512
2022-01-01 00:00:12.908,8,9,3,0,269244,512
2022-01-01 00:00:12.909,8,6,2,0,56533,512
2022-01-01 00:00:12.910,8,11,1,0,5600,512
2022-01-01 00:00:12.911,8,11,8,0,802844,512
2022-01-01 00:00:12.912,7,10,41,2,3626755,512
2022-01-01 00:00:12.913,7,9,47,5,3813777,512
2022-01-01 00:00:12.914,7,8,36,3,2830933,512
2022-01-01 00:00:12.915,7,9,35,3,2931644,512
2022-01-01 00:00:12.916,6,5,33,1,1667644,512
2022-01-01 00:00:12.917,7,7,47,0,3110666,512
2022-01-01 00:00:12.918,7,7,42,2,2979644,512
2022-01-01 00:00:12.919,7,6,41,1,2404266,512
2022-01-01 00:00:12.920,7,8,41,4,3008711,512
2022-01-01 00:00:12.921,7,8,40,2,2892000,512
2022-01-01 00:00:12.922,7,9,38,5,3223644,512
2022-01-01 00:00:12.923,7,5,23,0,1186666,512
2022-01-01 00:00:12.924,9,7,2,0,11022,512
2022-01-01 00:00:12.925,8,0,1,0,7022,512
2022-01-01 00:00:12.926,9,11,4,0,413511,512
2022-01-01 00:00:12.927,7,5,11,0,253333,512
2022-01-01 00:00:12.928,7,7,14,1,713688,512
2022-01-01 00:00:12.929,8,10,19,0,1432444,512
2022-01-01 00:00:12.930,8,0,1,0,622,512
2022-01-01 00:00:12.931,8,11,35,4,3674044,512
2022-01-01 00:00:12.932,6,6,25,1,1965066,512
2022-01-01 00:00:12.933,7,3,1,0,7555,512
2022-01-01 00:00:12.934,7,9,10,0,668266,512
2022-01-01 00:00:12.935,8,1,3,0,13155,512
2022-01-01 00:00:12.936,8,9,12,1,723377,512
2022-01-01 00:00:12.937,8,5,6,0,164977,512
2022-01-01 00:00:12.938,8,11,12,0,1286044,512
2022-01-01 00:00:12.939,8,9,1,0,97333,512
2022-01-01 00:00:12.940,7,8,66,3,4669511,512
2022-01-01 00:00:12.941,6,6,34,1,2159911,512
2022-01-01 00:00:12.942,7,6,52,0,3061600,512
2022-01-01 00:00:12.943,7,6,10,0,570844,512
2022-01-01 00:00:12.944,8,0,1,0,7022,512
2022-01-01 00:00:12.945,7,8,9,2,493955,512
2022-01-01 00:00:12.946,8,10,17,0,1405955,512
2022-01-01 00:00:12.947,7,10,36,6,3461866,512
2022-01-01 00:00:12.948,8,6,3,0,73866,512
2022-01-01 00:00:12.949,8,6,1,0,6666,512
2022-01-01 00:00:12.950,8,9,6,0,413333,512
2022-01-01 00:00:12.951,8,8,7,1,299111,512
2022-01-01 00:00:12.952,9,6,1,0,6666,512
2022-01-01 00:00:12.953,9,10,6,1,496000,512
2022-01-01 00:00:12.954,7,9,4,1,164088,512
2022-01-01 00:00:12.955,7,8,14,0,863644,512
2022-01-01 00:00:12.956,9,11,14,0,1297244,512
2022-01-01 00:00:12.957,8,11,51,3,5287911,512
2022-01-01 00:00:12.958,7,7,37,1,2643733,512
2022-01-01 00:00:12.959,7,8,37,2,2592622,512
2022-01-01 00:00:12.960,7,5,2,1,26311,512
2022-01-01 00:00:12.961,8,6,1,0,6666,512
2022-01-01 00:00:12.962,8,9,6,2,411022,512
2022-01-01 00:00:12.963,8,7,9,1,354044,512
2022-01-01 00:00:12.964,8,6,1,0,6666,512
2022-01-01 00:00:12.965,8,9,5,0,410044,512
2022-01-01 00:00:12.966,7,7,5,0,253600,512
2022-01-01 00:00:12.967,8,9,13,0,724177,512
2022-01-01 00:00:12.968,8,7,5,0,175733,512
2022-01-01 00:00:12.969,9,11,13,0,1285066,512
2022-01-01 00:00:12.970,9,11,33,4,3570933,512
2022-01-01 00:00:12.971,7,7,25,1,2072444,512
2022-01-01 00:00:12.972,8,6,1,0,6666,512
2022-01-01 00:00:12.973,8,8,6,0,407644,512
2022-01-01 00:00:12.974,8,7,8,0,267466,512
2022-01-01 00:00:12.975,7,9,11,1,725244,512
2022-01-01 00:00:12.976,8,7,6,0,156088,512
2022-01-01 00:00:12.977,7,10,14,1,1292088,512
2022-01-01 00:00:12.978,8,11,28,0,2955733,512
2022-01-01 00:00:12.979,7,9,33,0,2661777,512
2022-01-01 00:00:12.980,8,6,1,0,6666,512
2022-01-01 00:00:12.981,8,8,7,1,485066,512
2022-01-01 00:00:12.982,6,5,9,0,265600,512
2022-01-01 00:00:12.983,7,0,1,0,6666,512
2022-01-01 00:00:12.984,6,6,10,2,500266,512
2022-01-01 00:00:12.985,7,3,6,0,165155,512
2022-01-01 00:00:12.986,7,6,17,2,856088,512
2022-01-01 00:00:12.987,7,9,17,1,1302844,512
2022-01-01 00:00:12.988,8,10,19,1,1773777,512
2022-01-01 00:00:12.989,5,7,29,4,2248088,512
2022-01-01 00:00:12.990,7,6,29,4,1607733,512
2022-01-01 00:00:12.991,6,0,1,0,20711,512
2022-01-01 00:00:12.992,7,6,1,0,6666,512
2022-01-01 00:00:12.993,7,7,15,3,727288,512
2022-01-01 00:00:12.994,8,5,4,0,22400,512
2022-01-01 00:00:12.995,8,6,1,0,6666,512
2022-01-01 00:00:12.996,7,6,2,0,75555,512
2022-01-01 00:00:12.997,7,6,5,1,332888,512
2022-01-01 00:00:12.998,7,7,37,2,2437333,512
2022-01-01 00:00:12.999,6,5,49,0,2769511,512
2022-01-01 00:00:13.000,6,5,42,1,2353777,512
2022-01-01 00:00:13.001,7,6,45,1,2691111,512
2022-01-01 00:00:13.002,7,6,44,2,2653866,512
2022-01-01 00:00:13.003,6,6,40,2,2620800,512
2022-01-01 00:00:13.004,7,6,44,1,2521244,512
2022-01-01 00:00:13.005,7,8,38,4,2815111,512
2022-01-01 00:00:13.006,6,6,34,2,2283200,512
2022-01-01 00:00:13.007,6,6,43,0,2524000,512
2022-01-01 00:00:13.008,6,5,38,3,1950666,512
2022-01-01 00:00:13.009,6,4,46,0,2142755,512
2022-01-01 00:00:13.010,7,6,48,1,2784444,512
2022-01-01 00:00:13.011,6,6,39,1,2152444,512
2022-01-01 00:00:13.012,6,6,45,0,2715644,512
2022-01-01 00:00:13.013,7,6,20,0,1255644,512
2022-01-01 00:00:13.014,7,6,2,0,74725,512
2022-01-01 00:00:13.015,7,6,1,1,6741,512
2022-01-01 00:00:13.016,7,10,4,0,333688,512
2022-01-01 00:00:13.017,8,10,19,1,1678488,512
2022-01-01 00:00:13.018,6,6,48,5,2764659,512
2022-01-01 00:00:13.019,7,6,44,4,2606202,512
2022-01-01 00:00:13.020,7,8,37,7,2729155,512
2022-01-01 00:00:13.021,6,5,40,2,2139555,512
2022-01-01 00:00:13.022,7,8,38,3,2651911,512
2022-01-01 00:00:13.023,7,7,37,1,2773600,512
2022-01-01 00:00:13.024,6,6,42,1,2464711,512
2022-01-01 00:00:13.025,6,6,36,1,2045066,512
2022-01-01 00:00:13.026,7,6,53,0,3068131,512
2022-01-01 00:00:13.027,7,8,32,2,2444800,512
2022-01-01 00:00:13.028,7,6,45,3,2846382,512
2022-01-01 00:00:13.029,7,6,42,1,2727022,512
2022-01-01 00:00:13.030,6,6,36,2,2233777,512
2022-01-01 00:00:13.031,7,6,47,1,2788131,512
2022-01-01 00:00:13.032,6,6,47,0,2831910,512
2022-01-01 00:00:13.033,7,7,44,2,2863466,512
2022-01-01 00:00:13.034,7,7,34,2,2474901,512
2022-01-01 00:00:13.035,7,8,42,4,2870311,512
2022-01-01 00:00:13.036,6,6,31,2,1914337,512
2022-01-01 00:00:13.037,7,7,47,2,3339644,512
2022-01-01 00:00:13.038,7,7,35,1,2591736,512
2022-01-01 00:00:13.039,7,6,38,0,2545422,512
2022-01-01 00:00:13.040,8,8,1,0,18786,512
2022-01-01 00:00:13.041,7,6,1,0,6593,512
2022-01-01 00:00:13.042,8,9,7,1,352444,512
2022-01-01 00:00:13.043,7,8,8,0,329422,512
2022-01-01 00:00:13.044,7,0,1,0,6741,512
2022-01-01 00:00:13.045,9,10,8,0,631644,512
2022-01-01 00:00:13.046,7,8,7,1,249230,512
2022-01-01 00:00:13.047,8,10,14,0,1287288,512
2022-01-01 00:00:13.048,7,11,46,3,4780088,512
2022-01-01 00:00:13.049,7,6,15,1,858133,512
2022-01-01 00:00:13.050,8,6,1,0,6666,512
2022-01-01 00:00:13.051,8,8,7,0,415370,512
2022-01-01 00:00:13.052,7,7,12,0,335824,512
2022-01-01 00:00:13.053,8,12,1,0,6488,512
2022-01-01 00:00:13.054,7,11,5,1,415191,512
2022-01-01 00:00:13.055,8,8,10,1,257244,512
2022-01-01 00:00:13.056,8,9,10,1,714133,512
2022-01-01 00:00:13.057,7,9,18,0,1443911,512
2022-01-01 00:00:13.058,8,11,35,1,3320000,512
2022-01-01 00:00:13.059,7,7,31,2,2347692,512
2022-01-01 00:00:13.060,8,6,1,0,6666,512
2022-01-01 00:00:13.061,8,11,5,1,410577,512
2022-01-01 00:00:13.062,7,5,10,0,315022,512
2022-01-01 00:00:13.063,8,0,2,0,11022,512
2022-01-01 00:00:13.064,8,12,1,0,6488,512
2022-01-01 00:00:13.065,8,10,19,1,1677066,512
2022-01-01 00:00:13.066,7,9,46,3,3949688,512
2022-01-01 00:00:13.067,7,8,29,2,2134844,512
2022-01-01 00:00:13.068,8,4,1,0,14311,512
2022-01-01 00:00:13.069,8,6,1,0,6666,512
2022-01-01 00:00:13.070,8,11,5,0,330755,512
2022-01-01 00:00:13.071,7,6,2,0,74488,512
2022-01-01 00:00:13.072,9,5,1,0,5600,512
2022-01-01 00:00:13.073,7,9,54,3,4521777,512
2022-01-01 00:00:13.074,6,6,40,2,2529955,512
2022-01-01 00:00:13.075,7,5,7,0,340266,512
2022-01-01 00:00:13.076,8,5,1,0,5600,512
2022-01-01 00:00:13.077,8,7,1,0,7911,512
2022-01-01 00:00:13.078,8,6,1,0,6666,512
2022-01-01 00:00:13.079,8,11,15,2,1459822,512
2022-01-01 00:00:13.080,6,4,57,3,2666933,512
2022-01-01 00:00:13.081,7,8,35,4,2695466,512
2022-01-01 00:00:13.082,6,6,44,3,2376000,512
2022-01-01 00:00:13.083,6,6,37,2,2161511,512
2022-01-01 00:00:13.084,7,6,44,2,2765155,512
2022-01-01 00:00:13.085,7,6,39,4,2511644,512
2022-01-01 00:00:13.086,6,6,42,0,2529422,512
2022-01-01 00:00:13.087,7,7,44,2,2961066,512
2022-01-01 00:00:13.088,7,7,37,1,2704800,512
2022-01-01 00:00:13.089,7,6,41,2,2620355,512
2022-01-01 00:00:13.090,7,9,35,3,2838741,512
2022-01-01 00:00:13.091,8,7,6,0,331780,512
2022-01-01 00:00:13.092,8,7,1,0,7911,512
2022-01-01 00:00:13.093,8,6,1,0,6666,512
2022-01-01 00:00:13.094,8,11,18,0,1687644,512
2022-01-01 00:00:13.095,8,10,38,1,3567644,512
2022-01-01 00:00:13.096,7,8,31,0,2474933,512
2022-01-01 00:00:13.097,8,6,1,0,6666,512
2022-01-01 00:00:13.098,7,12,3,0,330400,512
2022-01-01 00:00:13.099,6,7,53,5,3651644,512
2022-01-01 00:00:13.100,6,6,51,2,2922966,512
2022-01-01 00:00:13.101,7,8,11,0,680879,512
2022-01-01 00:00:13.102,8,10,2,1,13511,512
2022-01-01 00:00:13.103,8,6,1,0,6666,512
2022-01-01 00:00:13.104,8,10,2,0,216000,512
2022-01-01 00:00:13.105,8,10,21,4,1662311,512
2022-01-01 00:00:13.106,6,7,53,3,3499644,512
2022-01-01 00:00:13.107,7,6,30,2,1877066,512
2022-01-01 00:00:13.108,8,8,1,0,13955,512
2022-01-01 00:00:13.109,8,7,2,0,8000,512
2022-01-01 00:00:13.110,8,6,1,0,6666,512
2022-01-01 00:00:13.111,7,8,8,0,601422,512
2022-01-01 00:00:13.112,7,6,63,0,4191377,512
2022-01-01 00:00:13.113,7,9,41,3,3254577,512
2022-01-01 00:00:13.114,7,7,29,2,1857422,512
2022-01-01 00:00:13.115,7,6,1,0,13600,512
2022-01-01 00:00:13.116,8,6,2,0,14577,512
2022-01-01 00:00:13.117,8,9,5,0,331288,512
2022-01-01 00:00:13.118,8,6,2,0,74488,512
2022-01-01 00:00:13.119,8,5,1,0,5600,512
2022-01-01 00:00:13.120,7,9,31,5,2859822,512
2022-01-01 00:00:13.121,6,5,53,0,2986933,512
2022-01-01 00:00:13.122,7,6,46,1,2731288,512
2022-01-01 00:00:13.123,6,7,31,2,1996088,512
2022-01-01 00:00:13.124,8,6,1,0,20711,512
2022-01-01 00:00:13.125,8,6,1,0,6666,512
2022-01-01 00:00:13.126,8,10,4,0,332266,512
2022-01-01 00:00:13.127,8,6,2,0,74488,512
2022-01-01 00:00:13.128,8,5,1,0,5600,512
2022-01-01 00:00:13.129,9,13,16,0,2036444,512
2022-01-01 00:00:13.130,6,9,56,4,4906488,512
2022-01-01 00:00:13.131,6,5,37,2,1882577,512
2022-01-01 00:00:13.132,8,3,2,0,19911,512
2022-01-01 00:00:13.133,8,6,1,0,6666,512
2022-01-01 00:00:13.134,8,0,1,0,622,512
2022-01-01 00:00:13.135,7,7,6,0,333511,512
2022-01-01 00:00:13.136,8,13,38,3,4662222,512
2022-01-01 00:00:13.137,7,7,35,2,2560800,512
2022-01-01 00:00:13.138,6,6,34,2,2166933,512
2022-01-01 00:00:13.139,7,7,50,1,3093866,512
2022-01-01 00:00:13.140,6,8,53,3,3908711,512
2022-01-01 00:00:13.141,7,8,14,1,1115200,512
2022-01-01 00:00:13.142,7,6,1,0,6666,512
2022-01-01 00:00:13.143,8,13,3,0,330755,512
2022-01-01 00:00:13.144,7,10,20,1,1631466,512
2022-01-01 00:00:13.145,7,9,42,3,3846044,512
2022-01-01 00:00:13.146,7,7,40,4,2804622,512
2022-01-01 00:00:13.147,6,6,37,1,2428888,512
2022-01-01 00:00:13.148,7,8,36,3,2704888,512
2022-01-01 00:00:13.149,6,6,42,2,2337066,512
2022-01-01 00:00:13.150,7,5,25,1,1252088,512
2022-01-01 00:00:13.151,7,0,1,0,5600,512
2022-01-01 00:00:13.152,8,6,1,0,6666,512
2022-01-01 00:00:13.153,8,10,6,0,406044,512
2022-01-01 00:00:13.154,6,6,58,4,3652266,512
2022-01-01 00:00:13.155,7,6,46,1,2853866,512
2022-01-01 00:00:13.156,6,6,38,2,2579200,512
2022-01-01 00:00:13.157,6,5,43,1,2353866,512
2022-01-01 00:00:13.158,7,8,37,2,2675111,512
2022-01-01 00:00:13.159,7,9,42,2,3313066,512
2022-01-01 00:00:13.160,7,6,36,4,2316000,512
2022-01-01 00:00:13.161,6,7,39,0,2252355,512
2022-01-01 00:00:13.162,7,8,36,3,3166755,512
2022-01-01 00:00:13.163,7,6,6,0,228711,512
2022-01-01 00:00:13.164,8,5,2,0,14222,512
2022-01-01 00:00:13.165,8,7,1,0,7911,512
2022-01-01 00:00:13.166,7,5,2,0,14933,512
2022-01-01 00:00:13.167,8,10,6,0,496355,512
2022-01-01 00:00:13.168,7,6,5,0,163644,512
2022-01-01 00:00:13.169,7,7,15,2,877333,512
2022-01-01 00:00:13.170,8,10,15,0,1295022,512
2022-01-01 00:00:13.171,7,10,57,3,5178933,512
2022-01-01 00:00:13.172,7,6,9,0,477600,512
2022-01-01 00:00:13.173,8,6,1,0,6666,512
2022-01-01 00:00:13.174,8,9,6,0,411022,512
2022-01-01 00:00:13.175,8,7,7,0,261688,512
2022-01-01 00:00:13.176,8,7,1,0,7911,512
2022-01-01 00:00:13.177,8,10,13,1,716711,512
2022-01-01 00:00:13.178,8,8,4,0,166044,512
2022-01-01 00:00:13.179,8,11,14,0,1284088,512
2022-01-01 00:00:13.180,8,12,3,0,326133,512
2022-01-01 00:00:13.181,7,10,56,4,5384355,512
2022-01-01 00:00:13.182,7,7,3,0,21362,512
2022-01-01 00:00:13.183,8,5,2,0,6666,512
2022-01-01 00:00:13.184,7,8,9,1,504533,512
2022-01-01 00:00:13.185,7,6,4,0,119466,512
2022-01-01 00:00:13.186,8,10,4,1,212622,512
2022-01-01 00:00:13.187,8,7,9,0,507288,512
2022-01-01 00:00:13.188,8,7,2,0,108800,512
2022-01-01 00:00:13.189,8,11,17,0,1648977,512
2022-01-01 00:00:13.190,6,8,48,4,4144533,512
2022-01-01 00:00:13.191,7,7,45,1,3093244,512
2022-01-01 00:00:13.192,7,8,39,3,2948533,512
2022-01-01 00:00:13.193,6,8,32,4,2634666,512
2022-01-01 00:00:13.194,7,8,31,3,2506400,512
2022-01-01 00:00:13.195,7,6,39,2,2618577,512
2022-01-01 00:00:13.196,7,8,39,4,2842400,512
2022-01-01 00:00:13.197,7,8,35,2,2852711,512
2022-01-01 00:00:13.198,7,6,40,2,2628977,512
2022-01-01 00:00:13.199,7,8,37,4,2795644,512
2022-01-01 00:00:13.200,6,5,39,4,2266488,512
2022-01-01 00:00:13.201,6,6,45,2,2757511,512
2022-01-01 00:00:13.202,6,4,24,6,1129955,512
2022-01-01 00:00:13.203,6,6,27,2,1605244,512
2022-01-01 00:00:13.204,6,5,34,2,1758044,512
2022-01-01 00:00:13.205,6,4,29,5,1401511,512
2022-01-01 00:00:13.206,6,4,38,4,1716800,512
2022-01-01 00:00:13.207,6,5,34,2,1803022,512
2022-01-01 00:00:13.208,6,5,27,2,1409688,512
2022-01-01 00:00:13.209,6,5,30,6,1699377,512
2022-01-01 00:00:13.210,6,6,24,3,1449600,512
2022-01-01 00:00:13.211,6,5,27,3,1579466,512
2022-01-01 00:00:13.212,6,4,33,2,1536800,512
2022-01-01 00:00:13.213,7,6,30,4,1938133,512
2022-01-01 00:00:13.214,6,8,26,2,1864711,512
2022-01-01 00:00:13.215,7,8,24,1,1870400,512
2022-01-01 00:00:13.216,6,6,31,3,1886666,512
2022-01-01 00:00:13.217,6,6,33,2,2121688,512
2022-01-01 00:00:13.218,6,5,24,4,1186488,512
2022-01-01 00:00:13.219,6,6,30,3,1971555,512
2022-01-01 00:00:13.220,6,5,29,2,1686133,512
2022-01-01 00:00:13.221,6,5,30,2,1716800,512
2022-01-01 00:00:13.222,6,4,33,1,1562044,512
2022-01-01 00:00:13.223,6,5,35,2,1764000,512
2022-01-01 00:00:13.224,6,6,24,4,1441066,512
2022-01-01 00:00:13.225,6,5,34,3,1617066,512
2022-01-01 00:00:13.226,6,6,30,4,1940977,512
2022-01-01 00:00:13.227,7,6,33,3,1948711,512
2022-01-01 00:00:13.228,6,9,20,4,1628266,512
2022-01-01 00:00:13.229,6,5,38,1,2144355,512
2022-01-01 00:00:13.230,6,6,24,3,1487466,512
2022-01-01 00:00:13.231,6,4,32,1,1487644,512
2022-01-01 00:00:13.232,6,5,26,7,1269866,512
2022-01-01 00:00:13.233,6,4,35,3,1605955,512
2022-01-01 00:00:13.234,7,1,3,0,22133,512
2022-01-01 00:00:13.235,8,0,1,0,622,512
2022-01-01 00:00:13.236,7,6,1,0,6666,512
2022-01-01 00:00:13.237,8,9,1,0,5600,512
2022-01-01 00:00:13.238,7,7,11,1,701066,512
2022-01-01 00:00:13.239,8,5,1,0,8622,512
2022-01-01 00:00:13.240,7,0,1,0,6666,512
2022-01-01 00:00:13.241,8,6,8,0,479288,512
2022-01-01 00:00:13.242,7,6,7,0,177866,512
2022-01-01 00:00:13.243,7,5,16,1,712622,512
2022-01-01 00:00:13.244,7,4,7,0,175022,512
2022-01-01 00:00:13.245,7,4,28,0,1288177,512
2022-01-01 00:00:13.246,7,6,48,3,3128711,512
2022-01-01 00:00:13.247,6,3,33,3,1265777,512
2022-01-01 00:00:13.248,7,4,32,3,1250844,512
2022-01-01 00:00:13.249,8,5,2,0,25777,512
2022-01-01 00:00:13.250,8,5,1,0,8622,512
2022-01-01 00:00:13.251,7,6,1,0,6666,512
2022-01-01 00:00:13.252,7,4,10,0,412088,512
2022-01-01 00:00:13.253,7,5,8,0,273600,512
2022-01-01 00:00:13.254,7,4,15,0,633688,512
2022-01-01 00:00:13.255,7,4,7,1,236177,512
2022-01-01 00:00:13.256,7,5,25,0,1288444,512
2022-01-01 00:00:13.257,8,7,3,0,201511,512
2022-01-01 00:00:13.258,6,5,51,4,2855911,512
2022-01-01 00:00:13.259,6,3,41,0,1490577,512
2022-01-01 00:00:13.260,6,4,29,0,1119022,512
2022-01-01 00:00:13.261,7,6,1,0,6666,512
2022-01-01 00:00:13.262,9,10,5,1,410577,512
2022-01-01 00:00:13.263,7,6,9,2,337688,512
2022-01-01 00:00:13.264,9,4,1,0,7022,512
2022-01-01 00:00:13.265,8,8,6,1,411377,512
2022-01-01 00:00:13.266,7,4,10,1,254222,512
2022-01-01 00:00:13.267,7,6,17,0,859822,512
2022-01-01 00:00:13.268,8,9,16,0,1306311,512
2022-01-01 00:00:13.269,7,10,38,4,3493511,512
2022-01-01 00:00:13.270,7,6,25,2,1531644,512
2022-01-01 00:00:13.271,7,4,17,0,701511,512
2022-01-01 00:00:13.272,8,3,1,0,7555,512
2022-01-01 00:00:13.273,8,4,13,0,413155,512
2022-01-01 00:00:13.274,7,4,8,0,336177,512
2022-01-01 00:00:13.275,8,4,2,1,11822,512
2022-01-01 00:00:13.276,8,4,1,0,7022,512
2022-01-01 00:00:13.277,7,5,11,0,494133,512
2022-01-01 00:00:13.278,8,5,5,0,166133,512
2022-01-01 00:00:13.279,8,6,8,0,481066,512
2022-01-01 00:00:13.280,8,5,11,0,413066,512
2022-01-01 00:00:13.281,7,6,20,0,1284266,512
2022-01-01 00:00:13.282,7,9,52,3,4541155,512
2022-01-01 00:00:13.283,7,6,19,0,1104800,512
2022-01-01 00:00:13.284,8,4,1,0,7022,512
2022-01-01 00:00:13.285,8,10,5,1,410755,512
2022-01-01 00:00:13.286,7,5,15,1,345422,512
2022-01-01 00:00:13.287,8,0,1,0,6666,512
2022-01-01 00:00:13.288,8,11,8,0,528533,512
2022-01-01 00:00:13.289,8,9,2,0,16000,512
2022-01-01 00:00:13.290,8,10,2,0,102933,512
2022-01-01 00:00:13.291,8,10,18,1,1445333,512
2022-01-01 00:00:13.292,8,11,24,1,2552711,512
2022-01-01 00:00:13.293,8,11,22,1,2187377,512
2022-01-01 00:00:13.294,8,7,1,0,16444,512
2022-01-01 00:00:13.295,8,6,1,0,6666,512
2022-01-01 00:00:13.296,8,11,7,0,529511,512
2022-01-01 00:00:13.297,8,6,1,0,17155,512
2022-01-01 00:00:13.298,8,11,18,0,1812444,512
2022-01-01 00:00:13.299,8,10,5,0,385155,512
2022-01-01 00:00:13.300,6,7,34,10,2256355,512
2022-01-01 00:00:13.301,8,6,9,1,579111,512
2022-01-01 00:00:13.302,8,6,2,0,25777,512
2022-01-01 00:00:13.303,8,5,1,0,8622,512
2022-01-01 00:00:13.304,8,6,1,0,6666,512
2022-01-01 00:00:13.305,8,9,8,0,532622,512
2022-01-01 00:00:13.306,8,6,1,0,17155,512
2022-01-01 00:00:13.307,9,6,1,0,5600,512
2022-01-01 00:00:13.308,6,4,69,0,2882577,512
2022-01-01 00:00:13.309,7,7,30,2,1961955,512
2022-01-01 00:00:13.310,9,0,1,0,17155,512
2022-01-01 00:00:13.311,8,6,1,0,6666,512
2022-01-01 00:00:13.312,7,6,10,0,529422,512
2022-01-01 00:00:13.313,8,7,1,0,16444,512
2022-01-01 00:00:13.314,7,5,1,0,5600,512
2022-01-01 00:00:13.315,7,9,32,2,2763733,512
2022-01-01 00:00:13.316,7,5,26,2,1173244,512
2022-01-01 00:00:13.317,6,3,46,1,1787733,512
2022-01-01 00:00:13.318,8,0,1,0,16444,512
2022-01-01 00:00:13.319,8,0,1,0,6666,512
2022-01-01 00:00:13.320,8,10,6,0,529066,512
2022-01-01 00:00:13.321,8,0,1,0,16444,512
2022-01-01 00:00:13.322,8,9,8,1,534044,512
2022-01-01 00:00:13.323,7,9,26,1,2234488,512
2022-01-01 00:00:13.324,7,10,28,1,2539822,512
2022-01-01 00:00:13.325,8,7,1,0,16444,512
2022-01-01 00:00:13.326,8,7,2,0,6577,512
2022-01-01 00:00:13.327,7,9,7,0,537078,512
2022-01-01 00:00:13.328,8,7,1,0,16444,512
2022-01-01 00:00:13.329,8,5,1,0,5600,512
2022-01-01 00:00:13.330,7,8,39,3,2992439,512
2022-01-01 00:00:13.331,8,10,23,0,2009258,512
2022-01-01 00:00:13.332,7,8,29,2,2409511,512
2022-01-01 00:00:13.333,8,11,2,0,17066,512
2022-01-01 00:00:13.334,8,6,1,0,6666,512
2022-01-01 00:00:13.335,8,11,6,1,535191,512
2022-01-01 00:00:13.336,8,10,2,0,16000,512
2022-01-01 00:00:13.337,8,5,1,0,5600,512
2022-01-01 00:00:13.338,9,7,1,0,8000,512
2022-01-01 00:00:13.339,8,10,15,0,1358666,512
2022-01-01 00:00:13.340,7,10,23,2,1948395,512
2022-01-01 00:00:13.341,7,11,21,1,2205955,512
2022-01-01 00:00:13.342,8,7,1,0,16629,512
2022-01-01 00:00:13.343,8,7,2,0,40269,527
2022-01-01 00:00:13.344,8,8,9,0,496800,527
2022-01-01 00:00:13.345,8,6,6,0,204659,527
2022-01-01 00:00:13.346,8,9,10,0,749333,527
2022-01-01 00:00:13.347,8,6,7,0,261777,527
2022-01-01 00:00:13.348,8,10,14,0,1299415,527
2022-01-01 00:00:13.349,8,10,2,1,196853,527
2022-01-01 00:00:13.350,8,10,59,1,5476483,527
2022-01-01 00:00:13.351,8,8,7,0,413098,527
2022-01-01 00:00:13.352,8,7,8,0,335466,527
2022-01-01 00:00:13.353,8,8,1,0,18786,527
2022-01-01 00:00:13.354,8,6,1,0,6666,527
2022-01-01 00:00:13.355,8,9,7,0,523164,527
2022-01-01 00:00:13.356,8,7,1,0,16444,527
2022-01-01 00:00:13.357,8,5,1,0,5662,527
2022-01-01 00:00:13.358,8,10,39,0,3648615,527
2022-01-01 00:00:13.359,8,10,7,0,672800,527
2022-01-01 00:00:13.360,8,10,21,0,1920800,527
2022-01-01 00:00:13.361,8,6,2,0,17777,527
2022-01-01 00:00:13.362,8,6,1,0,6593,527
2022-01-01 00:00:13.363,8,8,8,1,522725,527
2022-01-01 00:00:13.364,8,7,1,0,16444,527
2022-01-01 00:00:13.365,8,10,38,1,3014153,527
2022-01-01 00:00:13.366,8,10,16,0,1427733,527
2022-01-01 00:00:13.367,8,0,2,0,171911,527
2022-01-01 00:00:13.368,8,7,1,0,16444,527
2022-01-01 00:00:13.369,8,6,1,0,6666,527
2022-01-01 00:00:13.370,8,9,1,0,5600,527
2022-01-01 00:00:13.371,8,0,6,0,531415,527
2022-01-01 00:00:13.372,8,5,2,0,15824,527
2022-01-01 00:00:13.373,8,5,1,0,5600,527
2022-01-01 00:00:13.374,8,10,34,1,3206933,527
2022-01-01 00:00:13.375,8,10,20,0,1809066,527
2022-01-01 00:00:13.376,8,6,2,0,17582,527
2022-01-01 00:00:13.377,8,6,1,0,6666,527
2022-01-01 00:00:13.378,8,9,7,2,531111,527
2022-01-01 00:00:13.379,8,0,1,0,16444,527
2022-01-01 00:00:13.380,8,10,30,1,2692977,527
2022-01-01 00:00:13.381,8,10,6,0,515555,527
2022-01-01 00:00:13.382,8,10,23,1,1928266,527
2022-01-01 00:00:13.383,8,7,1,0,16263,527
2022-01-01 00:00:13.384,8,6,1,0,6666,527
2022-01-01 00:00:13.385,8,8,7,1,529866,527
2022-01-01 00:00:13.386,8,0,1,0,16263,527
2022-01-01 00:00:13.387,8,9,1,0,5600,527
2022-01-01 00:00:13.388,8,10,36,1,3399288,527
2022-01-01 00:00:13.389,8,10,22,1,2050844,527
2022-01-01 00:00:13.390,8,6,1,0,16967,527
2022-01-01 00:00:13.391,8,8,1,0,18577,527
2022-01-01 00:00:13.392,8,7,1,0,16444,527
2022-01-01 00:00:13.393,8,9,3,0,242044,527
2022-01-01 00:00:13.394,8,12,1,0,33155,532
2022-01-01 00:00:13.395,8,6,1,0,6666,532
2022-01-01 00:00:13.396,8,13,6,1,506933,532
2022-01-01 00:00:13.397,8,11,1,0,144000,532
2022-01-01 00:00:13.398,8,0,2,0,37155,532
2022-01-01 00:00:13.399,8,13,7,0,637155,532
2022-01-01 00:00:13.400,8,13,1,0,127200,532
2022-01-01 00:00:13.401,8,11,4,1,251288,532
2022-01-01 00:00:13.402,8,14,13,2,1304888,532
2022-01-01 00:00:13.403,8,14,31,2,4488000,532
2022-01-01 00:00:13.404,8,13,9,0,1170844,532
2022-01-01 00:00:13.405,8,13,2,0,12266,532
2022-01-01 00:00:13.406,8,12,6,0,496444,532
2022-01-01 00:00:13.407,8,13,8,0,726933,532
2022-01-01 00:00:13.408,8,14,30,2,4123644,532
2022-01-01 00:00:13.409,8,0,1,0,53066,532
2022-01-01 00:00:13.410,8,11,1,0,6593,532
2022-01-01 00:00:13.411,8,12,10,0,760539,532
2022-01-01 00:00:13.412,8,12,1,0,6488,539
2022-01-01 00:00:13.413,8,14,4,0,418222,539
2022-01-01 00:00:13.414,8,14,3,0,247466,539
2022-01-01 00:00:13.415,8,11,3,0,12853,539
2022-01-01 00:00:13.416,8,12,11,0,865230,539
2022-01-01 00:00:13.417,8,14,8,0,874755,539
2022-01-01 00:00:13.418,8,0,4,0,468888,539
2022-01-01 00:00:13.419,8,16,37,5,5539516,539
2022-01-01 00:00:13.420,8,6,3,0,53333,539
2022-01-01 00:00:13.421,8,13,1,0,6488,539
2022-01-01 00:00:13.422,8,12,6,0,640977,539
2022-01-01 00:00:13.423,8,14,23,1,3222311,539
2022-01-01 00:00:13.424,8,15,12,0,1466021,539
2022-01-01 00:00:13.425,8,13,5,0,429483,539
2022-01-01 00:00:13.426,8,12,7,0,280533,539
2022-01-01 00:00:13.427,8,12,2,0,15822,539
2022-01-01 00:00:13.428,8,14,7,0,721777,539
2022-01-01 00:00:13.429,8,15,3,0,171733,539
2022-01-01 00:00:13.430,8,14,12,1,1329244,539
2022-01-01 00:00:13.431,8,16,6,0,988266,539
2022-01-01 00:00:13.432,8,16,36,3,4647733,539
2022-01-01 00:00:13.433,8,0,1,0,17155,539
2022-01-01 00:00:13.434,8,17,4,0,418666,539
2022-01-01 00:00:13.435,8,11,3,0,111377,539
2022-01-01 00:00:13.436,8,14,4,1,242577,539
2022-01-01 00:00:13.437,8,10,3,0,43868,539
2022-01-01 00:00:13.438,8,12,1,0,6488,558
2022-01-01 00:00:13.439,8,9,1,0,20711,558
2022-01-01 00:00:13.440,8,13,4,0,342666,558
2022-01-01 00:00:13.441,8,13,1,0,83111,558
2022-01-01 00:00:13.442,8,14,22,1,2925333,558
2022-01-01 00:00:13.443,8,16,22,1,3635022,558
2022-01-01 00:00:13.444,8,16,9,0,1459644,558
2022-01-01 00:00:13.445,8,12,1,0,6488,558
2022-01-01 00:00:13.446,8,12,1,0,20000,558
2022-01-01 00:00:13.447,8,14,4,1,346933,558
2022-01-01 00:00:13.448,8,14,29,3,4223377,558
2022-01-01 00:00:13.449,8,14,19,1,2894133,558
2022-01-01 00:00:13.450,8,14,16,1,2364800,558
2022-01-01 00:00:13.451,8,14,15,2,2062488,558
2022-01-01 00:00:13.452,8,14,5,3,609155,558
2022-01-01 00:00:13.453,8,12,1,0,13244,558
2022-01-01 00:00:13.454,8,12,1,0,6488,558
2022-01-01 00:00:13.455,8,9,1,0,20711,558
2022-01-01 00:00:13.456,8,12,4,1,342666,558
2022-01-01 00:00:13.457,8,14,34,0,4865142,558
2022-01-01 00:00:13.458,8,14,16,1,2511101,558
2022-01-01 00:00:13.459,8,14,16,1,2449333,558
2022-01-01 00:00:13.460,8,13,5,0,576711,558
2022-01-01 00:00:13.461,8,8,2,0,40711,558
2022-01-01 00:00:13.462,8,12,1,0,13244,569
2022-01-01 00:00:13.463,8,8,1,0,18577,569
2022-01-01 00:00:13.464,8,0,1,0,17155,574
2022-01-01 00:00:13.465,8,0,2,0,25494,574
2022-01-01 00:00:13.466,8,0,6,0,497422,574
2022-01-01 00:00:13.467,8,0,3,0,200089,574
2022-01-01 00:00:13.468,8,0,5,0,623296,574
2022-01-01 00:00:13.469,8,0,7,0,248000,574
2022-01-01 00:00:13.470,8,16,8,1,1279022,574
2022-01-01 00:00:13.471,8,0,34,1,5622222,574
2022-01-01 00:00:13.472,8,0,1,0,11466,574
2022-01-01 00:00:13.473,8,0,2,0,36043,574
2022-01-01 00:00:13.474,8,0,1,0,6488,574
2022-01-01 00:00:13.475,8,16,5,0,630222,574
2022-01-01 00:00:13.476,8,0,3,0,241078,574
2022-01-01 00:00:13.477,8,0,1,0,6417,574
2022-01-01 00:00:13.478,8,0,11,0,877422,574
2022-01-01 00:00:13.479,8,0,5,0,125955,574
2022-01-01 00:00:13.480,8,0,7,1,505955,574
2022-01-01 00:00:13.481,8,0,30,1,5229866,574
2022-01-01 00:00:13.482,8,0,30,0,5520539,574
2022-01-01 00:00:13.483,8,0,40,0,7114549,574
2022-01-01 00:00:13.484,8,0,24,1,4352000,574
2022-01-01 00:00:13.485,8,0,38,1,6786666,574
2022-01-01 00:00:13.486,8,0,29,0,5271370,574
2022-01-01 00:00:13.487,8,0,22,0,3892747,574
2022-01-01 00:00:13.488,8,0,14,0,2288000,574
2022-01-01 00:00:13.489,8,0,1,0,6488,574
2022-01-01 00:00:13.490,8,0,6,0,521866,574
2022-01-01 00:00:13.491,8,0,3,0,168888,574
2022-01-01 00:00:13.492,8,0,10,0,867022,574
2022-01-01 00:00:13.493,8,0,1,0,9333,574
2022-01-01 00:00:13.494,8,0,3,0,18755,574
2022-01-01 00:00:13.495,8,15,11,1,1306488,574
2022-01-01 00:00:13.496,8,14,41,1,5630755,574
2022-01-01 00:00:13.497,8,0,2,0,17066,574
2022-01-01 00:00:13.498,8,15,1,0,6488,574
2022-01-01 00:00:13.499,8,14,4,0,418157,574
2022-01-01 00:00:13.500,8,14,4,0,317955,574
2022-01-01 00:00:13.501,8,15,1,0,11340,574
2022-01-01 00:00:13.502,8,13,1,0,25333,574
2022-01-01 00:00:13.503,8,14,1,0,6488,574
2022-01-01 00:00:13.504,8,14,2,1,332800,574
2022-01-01 00:00:13.505,8,15,10,1,1344088,574
2022-01-01 00:00:13.506,8,15,16,1,2689955,574
2022-01-01 00:00:13.507,8,14,24,1,3430022,574
2022-01-01 00:00:13.508,8,14,1,0,13098,574
2022-01-01 00:00:13.509,8,0,1,0,6488,574
2022-01-01 00:00:13.510,8,16,2,0,332800,574
2022-01-01 00:00:13.511,8,13,4,0,245866,574
2022-01-01 00:00:13.512,8,11,43,0,4803377,574
2022-01-01 00:00:13.513,8,12,19,1,2951200,574
2022-01-01 00:00:13.514,8,11,21,1,3099056,574
2022-01-01 00:00:13.515,8,9,32,3,4515252,574
2022-01-01 00:00:13.516,8,15,1,0,105866,595
2022-01-01 00:00:13.517,8,16,2,0,296800,595
2022-01-01 00:00:13.518,8,17,20,3,3501066,595
2022-01-01 00:00:13.519,8,14,13,9,1974933,595
2022-01-01 00:00:13.520,8,14,19,1,2824266,595
2022-01-01 00:00:13.521,8,14,20,0,3110400,595
2022-01-01 00:00:13.522,8,14,20,1,3050933,595
2022-01-01 00:00:13.523,8,12,1,0,13244,595
2022-01-01 00:00:13.524,8,6,1,0,6666,595
2022-01-01 00:00:13.525,8,13,3,0,330755,595
2022-01-01 00:00:13.526,8,13,11,1,1348533,595
2022-01-01 00:00:13.527,8,13,39,1,5310133,595
2022-01-01 00:00:13.528,8,14,17,0,2593333,595
2022-01-01 00:00:13.529,8,12,1,0,13244,595
2022-01-01 00:00:13.530,8,13,4,0,337422,595
2022-01-01 00:00:13.531,8,13,11,0,1347111,595
2022-01-01 00:00:13.532,8,14,22,1,3143288,595
2022-01-01 00:00:13.533,8,14,22,1,3316444,595
2022-01-01 00:00:13.534,8,12,1,0,13244,595
2022-01-01 00:00:13.535,8,6,1,0,6666,595
2022-01-01 00:00:13.536,8,14,5,0,414400,595
2022-01-01 00:00:13.537,8,14,27,0,3836355,595
2022-01-01 00:00:13.538,9,0,1,0,6666,613
2022-01-01 00:00:13.539,8,0,9,2,554222,613
2022-01-01 00:00:13.540,8,0,2,0,104000,613
2022-01-01 00:00:13.541,9,6,7,1,630844,613
2022-01-01 00:00:13.542,8,0,5,2,228000,613
2022-01-01 00:00:13.543,8,0,16,0,1292622,613
2022-01-01 00:00:13.544,9,6,17,0,1868000,613
2022-01-01 00:00:13.545,5,0,83,5,5346755,613
2022-01-01 00:00:13.546,6,0,71,0,3324355,613
2022-01-01 00:00:13.547,8,6,2,0,23288,613
2022-01-01 00:00:13.548,8,18,1,0,6666,613
2022-01-01 00:00:13.549,9,18,5,1,414844,613
2022-01-01 00:00:13.550,7,17,6,0,267022,613
2022-01-01 00:00:13.551,8,15,13,1,870844,613
2022-01-01 00:00:13.552,8,18,16,0,1301866,613
2022-01-01 00:00:13.553,7,17,59,2,5267466,613
2022-01-01 00:00:13.554,7,14,11,0,384622,613
2022-01-01 00:00:13.555,9,17,1,0,6488,613
2022-01-01 00:00:13.556,8,17,4,2,410844,613
2022-01-01 00:00:13.557,8,14,11,1,369866,613
2022-01-01 00:00:13.558,8,17,1,0,5600,613
2022-01-01 00:00:13.559,8,18,7,2,333955,613
2022-01-01 00:00:13.560,8,14,2,2,81955,613
2022-01-01 00:00:13.561,8,15,9,0,724000,613
2022-01-01 00:00:13.562,8,17,1,0,5600,613
2022-01-01 00:00:13.563,8,14,4,0,389866,613
2022-01-01 00:00:13.564,8,14,1,0,53066,613
2022-01-01 00:00:13.565,8,17,1,0,6488,613
2022-01-01 00:00:13.566,8,13,23,1,1710488,613
2022-01-01 00:00:13.567,8,13,3,0,256266,613
2022-01-01 00:00:13.568,7,13,26,2,2020266,613
2022-01-01 00:00:13.569,7,13,45,0,2336266,613
2022-01-01 00:00:13.570,6,14,49,0,2672791,613
2022-01-01 00:00:13.571,6,14,52,2,3092584,613
2022-01-01 00:00:13.572,7,17,63,2,5710666,613
2022-01-01 00:00:13.573,7,15,31,0,2995822,613
2022-01-01 00:00:13.574,7,16,34,4,3372444,613
2022-01-01 00:00:13.575,8,13,16,1,1454044,613
2022-01-01 00:00:13.576,9,13,1,0,5066,613
2022-01-01 00:00:13.577,8,14,1,0,5600,613
2022-01-01 00:00:13.578,8,15,5,0,384444,613
2022-01-01 00:00:13.579,8,15,1,0,53066,613
2022-01-01 00:00:13.580,8,11,14,2,1221511,613
2022-01-01 00:00:13.581,8,12,7,1,501777,613
2022-01-01 00:00:13.582,7,14,21,2,1803466,613
2022-01-01 00:00:13.583,7,14,26,1,1789688,613
2022-01-01 00:00:13.584,7,10,46,3,3290044,613
2022-01-01 00:00:13.585,7,16,47,3,3114755,613
2022-01-01 00:00:13.586,5,13,37,11,3147822,613
2022-01-01 00:00:13.587,6,0,23,0,948177,613
2022-01-01 00:00:13.588,8,15,54,3,4921244,613
2022-01-01 00:00:13.589,7,13,11,0,695822,613
2022-01-01 00:00:13.590,8,15,1,0,8977,613
2022-01-01 00:00:13.591,9,12,1,0,5600,613
2022-01-01 00:00:13.592,8,13,4,0,383466,613
2022-01-01 00:00:13.593,8,15,1,0,53066,613
2022-01-01 00:00:13.594,7,16,23,3,1714755,613
2022-01-01 00:00:13.595,8,16,6,0,511288,613
2022-01-01 00:00:13.596,8,17,25,0,2052711,613
2022-01-01 00:00:13.597,8,14,20,0,1714311,613
2022-01-01 00:00:13.598,7,16,49,3,3417511,613
2022-01-01 00:00:13.599,7,18,52,0,3214044,613
2022-01-01 00:00:13.600,7,17,43,2,3288622,613
2022-01-01 00:00:13.601,7,12,43,1,2853066,613
2022-01-01 00:00:13.602,7,14,48,0,3445688,613
2022-01-01 00:00:13.603,8,15,1,0,4533,613
2022-01-01 00:00:13.604,9,13,1,0,6666,613
2022-01-01 00:00:13.605,8,14,10,0,584888,613
2022-01-01 00:00:13.606,9,14,1,0,23200,613
2022-01-01 00:00:13.607,8,14,2,0,19555,613
2022-01-01 00:00:13.608,8,14,13,0,1408977,613
2022-01-01 00:00:13.609,8,13,23,0,2253244,613
2022-01-01 00:00:13.610,8,13,4,0,49422,613
2022-01-01 00:00:13.611,8,13,1,0,5538,613
2022-01-01 00:00:13.612,7,12,1,0,5600,613
2022-01-01 00:00:13.613,7,13,7,0,565483,613
2022-01-01 00:00:13.614,7,13,1,0,41688,613
2022-01-01 00:00:13.615,8,14,1,0,4533,613
2022-01-01 00:00:13.616,7,15,23,1,2112444,613
2022-01-01 00:00:13.617,7,15,2,0,101274,613
2022-01-01 00:00:13.618,7,15,1,0,6666,613
2022-01-01 00:00:13.619,7,14,13,1,653626,613
2022-01-01 00:00:13.620,7,13,1,0,6741,613
2022-01-01 00:00:13.621,7,18,7,1,629955,613
2022-01-01 00:00:13.622,7,14,7,0,224703,613
2022-01-01 00:00:13.623,6,13,12,0,1281777,613
2022-01-01 00:00:13.624,6,14,31,7,3033600,613
2022-01-01 00:00:13.625,6,14,37,1,1025707,613
2022-01-01 00:00:13.626,6,15,35,2,1229186,613
2022-01-01 00:00:13.627,7,14,11,0,378311,613
2022-01-01 00:00:13.628,7,14,1,0,6666,613
2022-01-01 00:00:13.629,6,17,16,1,737438,613
2022-01-01 00:00:13.630,7,15,2,0,22505,613
2022-01-01 00:00:13.631,7,17,2,0,75555,613
2022-01-01 00:00:13.632,7,18,1,0,6593,613
2022-01-01 00:00:13.633,7,16,5,0,339288,613
2022-01-01 00:00:13.634,6,17,35,4,2152088,613
2022-01-01 00:00:13.635,5,16,32,2,1066426,613
2022-01-01 00:00:13.636,6,15,34,2,1280879,613
2022-01-01 00:00:13.637,9,16,38,4,1149688,613
2022-01-01 00:00:13.638,7,16,22,2,3222844,613
2022-01-01 00:00:13.639,6,17,29,9,1441617,613
2022-01-01 00:00:13.640,6,15,31,3,1498989,613
2022-01-01 00:00:13.641,6,16,28,2,918400,613
2022-01-01 00:00:13.642,6,15,34,7,2255101,613
2022-01-01 00:00:13.643,6,18,30,4,1637333,613
2022-01-01 00:00:13.644,6,16,40,2,1376879,613
2022-01-01 00:00:13.645,6,15,41,2,1872089,613
2022-01-01 00:00:13.646,7,16,38,1,1890109,613
2022-01-01 00:00:13.647,6,15,32,6,1402966,613
2022-01-01 00:00:13.648,6,19,38,7,1619780,613
2022-01-01 00:00:13.649,6,18,43,2,1559733,613
2022-01-01 00:00:13.650,6,17,30,3,1555022,613
2022-01-01 00:00:13.651,6,17,31,6,1436533,613
2022-01-01 00:00:13.652,6,17,42,4,1297066,613
2022-01-01 00:00:13.653,6,15,36,4,1419733,613
2022-01-01 00:00:13.654,6,16,35,3,1660177,613
2022-01-01 00:00:13.655,7,16,41,4,1726311,613
2022-01-01 00:00:13.656,7,16,38,1,1871640,613
2022-01-01 00:00:13.657,6,15,35,3,1308923,613
2022-01-01 00:00:13.658,7,16,42,1,1947111,613
2022-01-01 00:00:13.659,6,17,41,3,1444533,613
2022-01-01 00:00:13.660,6,18,34,6,1545333,613
2022-01-01 00:00:13.661,6,16,39,3,1057866,613
2022-01-01 00:00:13.662,6,16,39,5,2062577,613
2022-01-01 00:00:13.663,6,16,25,4,1154666,613
2022-01-01 00:00:13.664,6,17,51,1,936711,613
2022-01-01 00:00:13.665,5,19,49,0,1332888,613
2022-01-01 00:00:13.666,6,15,35,2,1547775,613
2022-01-01 00:00:13.667,7,16,40,3,1869978,613
2022-01-01 00:00:13.668,7,16,35,2,1607822,613
2022-01-01 00:00:13.669,7,16,29,7,1409797,613
2022-01-01 00:00:13.670,6,17,39,3,1070065,613
2022-01-01 00:00:13.671,6,17,33,3,1079555,613
2022-01-01 00:00:13.672,6,15,32,1,1042400,613
2022-01-01 00:00:13.673,7,15,1,0,20711,613
2022-01-01 00:00:13.674,7,0,1,0,6741,613
2022-01-01 00:00:13.675,8,0,8,0,407384,613
2022-01-01 00:00:13.676,7,19,9,2,248622,613
2022-01-01 00:00:13.677,8,11,14,0,720177,613
2022-01-01 00:00:13.678,6,0,8,1,303822,613
2022-01-01 00:00:13.679,8,0,17,1,1142488,613
2022-01-01 00:00:13.680,8,0,2,0,137777,613
2022-01-01 00:00:13.681,7,0,50,3,2947022,613
2022-01-01 00:00:13.682,7,0,43,2,1994933,613
2022-01-01 00:00:13.683,6,0,39,1,1590921,613
2022-01-01 00:00:13.684,6,0,36,1,1036622,613
2022-01-01 00:00:13.685,6,0,46,2,1572747,613
2022-01-01 00:00:13.686,6,0,33,2,1152444,613
2022-01-01 00:00:13.687,6,0,7,0,163466,613
2022-01-01 00:00:13.688,8,0,1,0,6666,613
2022-01-01 00:00:13.689,8,0,16,1,672711,613
2022-01-01 00:00:13.690,7,0,2,0,80355,613
2022-01-01 00:00:13.691,8,0,1,0,5600,613
2022-01-01 00:00:13.692,8,9,7,0,251111,613
2022-01-01 00:00:13.693,8,11,3,0,78831,613
2022-01-01 00:00:13.694,8,9,12,0,1124219,613
2022-01-01 00:00:13.695,7,11,47,3,2525066,613
2022-01-01 00:00:13.696,6,10,62,1,1485688,613
2022-01-01 00:00:13.697,7,11,1,0,8622,613
2022-01-01 00:00:13.698,8,2,1,0,6666,613
2022-01-01 00:00:13.699,7,1,16,2,580800,613
2022-01-01 00:00:13.700,7,2,4,0,88088,613
2022-01-01 00:00:13.701,6,2,22,3,872269,613
2022-01-01 00:00:13.702,7,2,26,3,1232527,613
2022-01-01 00:00:13.703,6,2,4,1,128711,613
2022-01-01 00:00:13.704,7,10,34,1,1766755,613
2022-01-01 00:00:13.705,5,1,76,1,1579644,613
2022-01-01 00:00:13.706,6,1,46,3,1361422,613
2022-01-01 00:00:13.707,6,2,33,8,683288,613
2022-01-01 00:00:13.708,6,1,21,1,358133,613
2022-01-01 00:00:13.709,7,2,1,0,6666,613
2022-01-01 00:00:13.710,8,2,7,1,413244,613
2022-01-01 00:00:13.711,7,2,9,1,332177,613
2022-01-01 00:00:13.712,7,0,1,0,6666,613
2022-01-01 00:00:13.713,7,0,10,0,532088,613
2022-01-01 00:00:13.714,7,0,2,0,16000,613
2022-01-01 00:00:13.715,7,0,42,3,1686741,613
2022-01-01 00:00:13.716,6,0,34,3,1066197,613
2022-01-01 00:00:13.717,6,0,38,2,1006311,613
2022-01-01 00:00:13.718,6,0,29,2,967911,613
2022-01-01 00:00:13.719,6,0,37,3,756177,613
2022-01-01 00:00:13.720,6,0,34,6,703111,613
2022-01-01 00:00:13.721,6,0,7,1,170222,613
2022-01-01 00:00:13.722,7,0,1,0,17155,613
2022-01-01 00:00:13.723,7,1,1,0,6666,613
2022-01-01 00:00:13.724,7,2,9,1,529333,613
2022-01-01 00:00:13.725,7,1,2,0,16000,613
2022-01-01 00:00:13.726,7,2,1,0,5600,613
2022-01-01 00:00:13.727,6,2,51,5,2337422,613
2022-01-01 00:00:13.728,6,2,31,6,889511,613
2022-01-01 00:00:13.729,5,2,46,3,777600,613
2022-01-01 00:00:13.730,6,2,46,4,1054311,613
2022-01-01 00:00:13.731,7,2,1,0,28888,613
2022-01-01 00:00:13.732,7,0,2,0,15911,613
2022-01-01 00:00:13.733,7,1,1,0,7022,613
2022-01-01 00:00:13.734,7,2,13,1,531111,613
2022-01-01 00:00:13.735,7,2,2,0,16000,613
2022-01-01 00:00:13.736,8,2,24,7,1365155,613
2022-01-01 00:00:13.737,6,2,39,4,1695555,613
2022-01-01 00:00:13.738,6,2,36,5,1436977,613
2022-01-01 00:00:13.739,7,2,15,0,417688,613
2022-01-01 00:00:13.740,7,1,2,0,17066,613
2022-01-01 00:00:13.741,8,2,1,0,6593,613
2022-01-01 00:00:13.742,7,2,10,0,530133,613
2022-01-01 00:00:13.743,7,2,1,0,16444,613
2022-01-01 00:00:13.744,7,2,1,0,5600,613
2022-01-01 00:00:13.745,6,2,48,7,1957511,613
2022-01-01 00:00:13.746,6,1,34,6,1003911,613
2022-01-01 00:00:13.747,5,2,42,3,753333,613
2022-01-01 00:00:13.748,6,2,43,4,923911,613
2022-01-01 00:00:13.749,6,2,39,3,851822,613
2022-01-01 00:00:13.750,6,2,48,3,1188533,613
2022-01-01 00:00:13.751,6,2,36,5,1112355,613
2022-01-01 00:00:13.752,5,0,47,2,887370,613
2022-01-01 00:00:13.753,6,0,38,2,812395,613
2022-01-01 00:00:13.754,6,0,38,3,798666,613
2022-01-01 00:00:13.755,6,0,16,1,332088,613
2022-01-01 00:00:13.756,7,2,1,0,16444,613
2022-01-01 00:00:13.757,8,2,1,0,6666,613
2022-01-01 00:00:13.758,7,2,9,0,529333,613
2022-01-01 00:00:13.759,8,2,2,0,16000,613
2022-01-01 00:00:13.760,8,2,1,0,5600,613
2022-01-01 00:00:13.761,6,2,46,4,1892444,613
2022-01-01 00:00:13.762,6,2,35,5,1010133,613
2022-01-01 00:00:13.763,6,1,41,4,1072622,613
2022-01-01 00:00:13.764,6,1,40,4,1042337,613
2022-01-01 00:00:13.765,6,0,2,0,22065,613
2022-01-01 00:00:13.766,7,0,2,0,17422,613
2022-01-01 00:00:13.767,7,2,1,0,7200,613
2022-01-01 00:00:13.768,7,1,13,1,538577,613
2022-01-01 00:00:13.769,8,0,2,0,17422,613
2022-01-01 00:00:13.770,8,1,1,0,5600,613
2022-01-01 00:00:13.771,6,2,53,3,1685422,613
2022-01-01 00:00:13.772,6,2,38,3,699288,613
2022-01-01 00:00:13.773,5,2,41,3,522933,613
2022-01-01 00:00:13.774,6,2,55,3,741955,613
2022-01-01 00:00:13.775,6,1,46,5,773333,613
2022-01-01 00:00:13.776,6,2,46,1,609866,613
2022-01-01 00:00:13.777,6,0,33,2,738933,613
2022-01-01 00:00:13.778,7,2,1,0,16444,613
2022-01-01 00:00:13.779,9,4,1,0,6666,613
2022-01-01 00:00:13.780,7,4,12,0,530844,613
2022-01-01 00:00:13.781,9,4,2,0,16000,613
2022-01-01 00:00:13.782,8,4,1,0,5600,613
2022-01-01 00:00:13.783,8,4,41,0,2581244,613
2022-01-01 00:00:13.784,7,4,39,0,1981955,613
2022-01-01 00:00:13.785,8,4,7,0,470666,613
2022-01-01 00:00:13.786,8,4,1,0,16444,613
2022-01-01 00:00:13.787,8,4,1,0,6666,613
2022-01-01 00:00:13.788,8,4,8,0,531555,613
2022-01-01 00:00:13.789,8,4,1,0,17155,613
2022-01-01 00:00:13.790,9,4,1,0,5600,613
2022-01-01 00:00:13.791,8,4,45,0,3427111,613
2022-01-01 00:00:13.792,7,4,20,0,1211022,613
2022-01-01 00:00:13.793,8,4,1,0,17155,613
2022-01-01 00:00:13.794,8,4,1,0,6666,613
2022-01-01 00:00:13.795,7,3,10,0,532444,613
2022-01-01 00:00:13.796,9,4,2,0,17066,613
2022-01-01 00:00:13.797,8,4,43,0,3352266,613
2022-01-01 00:00:13.798,6,4,27,0,1484000,613
2022-01-01 00:00:13.799,8,4,25,0,1428177,613
2022-01-01 00:00:13.800,8,4,2,0,17066,613
2022-01-01 00:00:13.801,7,4,1,0,40266,690
2022-01-01 00:00:13.802,7,6,9,1,418933,690
2022-01-01 00:00:13.803,6,3,11,0,276000,690
2022-01-01 00:00:13.804,6,2,1,1,7200,690
2022-01-01 00:00:13.805,6,2,36,0,822400,690
2022-01-01 00:00:13.806,5,0,14,0,282844,690
2022-01-01 00:00:13.807,5,0,71,1,1085777,690
2022-01-01 00:00:13.808,6,2,40,1,959733,690
2022-01-01 00:00:13.809,6,2,88,2,2153955,690
2022-01-01 00:00:13.810,5,0,85,2,1469955,690
2022-01-01 00:00:13.811,5,0,74,1,1137955,690
2022-01-01 00:00:13.812,5,0,1,0,15377,690
2022-01-01 00:00:13.813,5,0,1,0,6311,690
2022-01-01 00:00:13.814,6,2,18,1,416177,690
2022-01-01 00:00:13.815,5,0,18,2,251377,690
2022-01-01 00:00:13.816,5,0,64,2,1148444,690
2022-01-01 00:00:13.817,5,0,51,3,991555,690
2022-01-01 00:00:13.818,6,1,48,2,972800,690
2022-01-01 00:00:13.819,6,2,52,1,1273244,690
2022-01-01 00:00:13.820,5,0,21,2,402222,690
2022-01-01 00:00:13.821,5,1,6,0,123377,690
2022-01-01 00:00:13.822,8,5,9,0,419111,690
2022-01-01 00:00:13.823,8,6,21,0,1248088,690
2022-01-01 00:00:13.824,8,6,58,4,3883733,690
2022-01-01 00:00:13.825,8,6,45,2,2992088,690
2022-01-01 00:00:13.826,8,6,52,1,3498666,690
2022-01-01 00:00:13.827,8,6,39,0,2649333,690
2022-01-01 00:00:13.828,8,6,43,3,2835466,690
2022-01-01 00:00:13.829,8,6,50,3,3295733,690
2022-01-01 00:00:13.830,8,6,45,2,3056266,690
2022-01-01 00:00:13.831,8,6,42,3,2743111,690
2022-01-01 00:00:13.832,8,6,20,2,1207377,690
2022-01-01 00:00:13.833,8,6,1,0,34197,690
2022-01-01 00:00:13.834,8,5,1,0,6666,690
2022-01-01 00:00:13.835,8,6,14,0,729955,690
2022-01-01 00:00:13.836,8,6,2,0,99022,690
2022-01-01 00:00:13.837,8,5,1,0,11466,690
2022-01-01 00:00:13.838,8,6,34,1,2285688,690
2022-01-01 00:00:13.839,8,6,28,4,1798488,690
2022-01-01 00:00:13.840,8,6,33,4,2175733,690
2022-01-01 00:00:13.841,8,6,31,0,2093066,690
2022-01-01 00:00:13.842,8,6,25,3,1705511,690
2022-01-01 00:00:13.843,8,6,32,0,2101688,690
2022-01-01 00:00:13.844,8,6,25,1,1682400,690
2022-01-01 00:00:13.845,8,6,29,1,1957955,690
2022-01-01 00:00:13.846,8,6,29,3,1951555,690
2022-01-01 00:00:13.847,8,6,31,1,1975022,690
2022-01-01 00:00:13.848,8,6,20,2,1366222,690
2022-01-01 00:00:13.849,8,6,31,4,2095733,690
2022-01-01 00:00:13.850,8,6,24,0,1584000,690
2022-01-01 00:00:13.851,8,6,33,2,2153866,690
2022-01-01 00:00:13.852,8,6,25,3,1670844,690
2022-01-01 00:00:13.853,8,6,25,1,1676000,690
2022-01-01 00:00:13.854,8,6,28,1,1883911,690
2022-01-01 00:00:13.855,8,6,40,0,2286577,690
2022-01-01 00:00:13.856,8,6,33,4,2233511,690
2022-01-01 00:00:13.857,8,6,28,0,1793258,690
2022-01-01 00:00:13.858,8,6,35,0,2289318,690
2022-01-01 00:00:13.859,8,6,29,1,1969511,690
2022-01-01 00:00:13.860,8,6,31,1,2096977,690
2022-01-01 00:00:13.861,8,6,30,1,1963911,690
2022-01-01 00:00:13.862,8,6,27,1,1808622,690
2022-01-01 00:00:13.863,8,6,32,3,2164622,690
2022-01-01 00:00:13.864,8,6,25,0,1670844,690
2022-01-01 00:00:13.865,8,6,35,0,2266666,690
2022-01-01 00:00:13.866,8,6,28,3,1734065,690
2022-01-01 00:00:13.867,8,6,33,1,2236494,690
2022-01-01 00:00:13.868,8,6,29,3,1934844,690
2022-01-01 00:00:13.869,8,6,38,0,2362901,690
2022-01-01 00:00:13.870,8,6,21,1,1427865,690
2022-01-01 00:00:13.871,8,6,31,3,2096977,690
2022-01-01 00:00:13.872,8,6,30,0,1962666,690
2022-01-01 00:00:13.873,8,6,29,2,1934844,690
2022-01-01 00:00:13.874,8,6,38,2,2517511,690
2022-01-01 00:00:13.875,8,7,26,0,1785955,690
2022-01-01 00:00:13.876,8,6,32,1,2158222,690
2022-01-01 00:00:13.877,8,6,25,2,1687555,690
2022-01-01 00:00:13.878,8,6,28,3,1900622,690
2022-01-01 00:00:13.879,8,6,32,1,2126044,690
2022-01-01 00:00:13.880,8,6,29,2,1959200,690
2022-01-01 00:00:13.881,8,6,27,1,1815022,690
2022-01-01 00:00:13.882,8,6,25,2,1645244,690
2022-01-01 00:00:13.883,8,6,1,0,17155,690
2022-01-01 00:00:13.884,8,6,1,0,17155,690
2022-01-01 00:00:13.885,6,2,18,2,421688,690
2022-01-01 00:00:13.886,6,2,6,0,96177,690
2022-01-01 00:00:13.887,6,4,3,0,104622,690
2022-01-01 00:00:13.888,6,4,1,0,9333,690
2022-01-01 00:00:13.889,6,2,2,0,20800,690
2022-01-01 00:00:13.890,6,1,1,0,7022,690
2022-01-01 00:00:13.891,6,2,21,1,484711,690
2022-01-01 00:00:13.892,6,1,11,0,208444,690
2022-01-01 00:00:13.893,6,1,48,0,1119111,690
2022-01-01 00:00:13.894,6,2,41,1,1003822,690
2022-01-01 00:00:13.895,6,2,34,3,834311,690
2022-01-01 00:00:13.896,6,3,35,4,1114222,690
2022-01-01 00:00:13.897,6,2,35,4,860355,690
2022-01-01 00:00:13.898,6,2,37,3,908177,690
2022-01-01 00:00:13.899,6,2,32,1,785066,690
2022-01-01 00:00:13.900,6,3,26,4,998577,690
2022-01-01 00:00:13.901,6,2,35,2,858933,690
2022-01-01 00:00:13.902,6,2,35,1,860355,690
2022-01-01 00:00:13.903,6,2,38,1,928533,690
2022-01-01 00:00:13.904,6,2,33,2,811111,690
2022-01-01 00:00:13.905,6,2,32,1,780800,690
2022-01-01 00:00:13.906,6,1,42,1,1007644,690
2022-01-01 00:00:13.907,6,1,15,2,348888,690
2022-01-01 00:00:13.908,6,11,37,5,3292888,703
2022-01-01 00:00:13.909,5,10,32,2,2866666,703
2022-01-01 00:00:13.910,6,9,29,1,2560800,703
2022-01-01 00:00:13.911,5,9,21,1,1819111,703
2022-01-01 00:00:13.912,5,7,17,0,1121066,703
2022-01-01 00:00:13.913,5,9,24,3,1983466,703
2022-01-01 00:00:13.914,5,10,16,0,1523200,703
2022-01-01 00:00:13.915,6,10,22,0,2081600,703
2022-01-01 00:00:13.916,5,8,8,1,681777,703
2022-01-01 00:00:13.917,5,10,19,2,1702755,703
2022-01-01 00:00:13.918,6,9,17,2,1455022,703
2022-01-01 00:00:13.919,5,9,18,0,1483911,703
2022-01-01 00:00:13.920,5,8,19,2,1526844,703
2022-01-01 00:00:13.921,6,8,23,0,1731111,703
2022-01-01 00:00:13.922,5,9,26,0,2294400,703
2022-01-01 00:00:13.923,5,8,19,2,1467111,703
2022-01-01 00:00:13.924,5,10,28,1,2368977,703
2022-01-01 00:00:13.925,6,9,18,0,1601066,703
2022-01-01 00:00:13.926,6,10,18,3,1703644,703
2022-01-01 00:00:13.927,6,10,25,1,2362222,703
2022-01-01 00:00:13.928,6,10,23,0,2161866,703
2022-01-01 00:00:13.929,6,10,31,1,2909244,703
2022-01-01 00:00:13.930,6,10,26,1,2435415,703
2022-01-01 00:00:13.931,5,10,25,0,2280000,703
2022-01-01 00:00:13.932,6,10,28,2,2497777,703
2022-01-01 00:00:13.933,6,10,22,2,2092977,703
2022-01-01 00:00:13.934,5,9,18,0,1495644,703
2022-01-01 00:00:13.935,5,9,21,3,1801688,703
2022-01-01 00:00:13.936,6,10,18,2,1706488,703
2022-01-01 00:00:13.937,6,10,32,2,2925688,703
2022-01-01 00:00:13.938,6,10,21,2,2012711,703
2022-01-01 00:00:13.939,6,10,31,3,2863733,703
2022-01-01 00:00:13.940,6,10,20,2,1848355,703
2022-01-01 00:00:13.941,6,10,20,1,1861333,703
2022-01-01 00:00:13.942,6,9,19,3,1562577,703
2022-01-01 00:00:13.943,5,8,18,1,1367822,703
2022-01-01 00:00:13.944,5,10,19,3,1776622,703
2022-01-01 00:00:13.945,6,10,16,2,1460622,703
2022-01-01 00:00:13.946,5,9,17,1,1500444,703
2022-01-01 00:00:13.947,5,8,26,1,1983822,703
2022-01-01 00:00:13.948,6,10,18,1,1678044,703
2022-01-01 00:00:13.949,6,9,14,1,1102755,703
2022-01-01 00:00:13.950,9,12,1,0,20000,703
2022-01-01 00:00:13.951,9,12,1,0,6488,703
2022-01-01 00:00:13.952,9,14,5,0,436000,703
2022-01-01 00:00:13.953,9,12,7,0,234933,703
2022-01-01 00:00:13.954,9,13,1,0,22488,703
2022-01-01 00:00:13.955,9,15,4,0,414933,703
2022-01-01 00:00:13.956,9,12,5,1,176088,703
2022-01-01 00:00:13.957,9,16,33,1,4394933,703
2022-01-01 00:00:13.958,9,11,3,0,32088,703
2022-01-01 00:00:13.959,9,12,1,0,6488,703
2022-01-01 00:00:13.960,9,15,4,1,414933,703
2022-01-01 00:00:13.961,9,0,1,0,25333,703
2022-01-01 00:00:13.962,9,14,1,0,135733,703
2022-01-01 00:00:13.963,9,13,2,0,76444,703
2022-01-01 00:00:13.964,9,14,3,0,167911,703
2022-01-01 00:00:13.965,9,14,6,0,640977,703
2022-01-01 00:00:13.966,9,13,4,1,231200,703
2022-01-01 00:00:13.967,9,13,4,0,205066,703
2022-01-01 00:00:13.968,9,16,9,2,1112622,703
2022-01-01 00:00:13.969,9,15,1,0,137258,703
2022-01-01 00:00:13.970,9,16,33,2,4387692,703
2022-01-01 00:00:13.971,9,16,9,0,1152711,703
2022-01-01 00:00:13.972,9,12,1,0,6488,703
2022-01-01 00:00:13.973,9,13,5,1,481422,703
2022-01-01 00:00:13.974,8,13,5,1,257600,703
2022-01-01 00:00:13.975,8,12,2,0,33244,703
2022-01-01 00:00:13.976,8,13,1,0,68888,703
2022-01-01 00:00:13.977,8,6,1,0,6666,703
2022-01-01 00:00:13.978,8,13,6,1,551288,703
2022-01-01 00:00:13.979,8,13,27,3,3609066,703
2022-01-01 00:00:13.980,8,14,23,1,3230488,703
2022-01-01 00:00:13.981,8,14,18,2,2622133,703
2022-01-01 00:00:13.982,8,14,28,0,3408888,703
2022-01-01 00:00:13.983,8,14,17,2,2618933,703
2022-01-01 00:00:13.984,8,14,22,2,2650844,703
2022-01-01 00:00:13.985,8,14,25,1,3526844,703
2022-01-01 00:00:13.986,8,13,28,0,3507200,703
2022-01-01 00:00:13.987,8,14,20,0,2817600,703
2022-01-01 00:00:13.988,8,14,18,1,2626044,703
2022-01-01 00:00:13.989,8,14,20,2,2839466,703
2022-01-01 00:00:13.990,8,14,16,1,2378222,703
2022-01-01 00:00:13.991,8,14,18,3,2491911,703
2022-01-01 00:00:13.992,8,12,1,0,20000,703
2022-01-01 00:00:13.993,8,12,2,0,75377,703
2022-01-01 00:00:13.994,8,12,1,0,6488,703
2022-01-01 00:00:13.995,8,14,3,0,329955,703
2022-01-01 00:00:13.996,8,12,2,0,74488,703
2022-01-01 00:00:13.997,9,11,1,0,5600,703
2022-01-01 00:00:13.998,9,17,13,1,2043022,703
2022-01-01 00:00:13.999,9,17,8,0,1272533,703
2022-01-01 00:00:14.000,10,17,23,2,3760800,703
2022-01-01 00:00:14.001,10,19,18,0,3902400,703
2022-01-01 00:00:14.002,9,19,25,0,4966666,703
2022-01-01 00:00:14.003,9,19,26,1,5234400,703
2022-01-01 00:00:14.004,9,18,17,0,3054133,703
2022-01-01 00:00:14.005,10,19,19,1,3459288,703
2022-01-01 00:00:14.006,10,19,19,1,3573600,703
2022-01-01 00:00:14.007,9,19,24,1,4716355,703
2022-01-01 00:00:14.008,9,18,14,1,2459022,703
2022-01-01 00:00:14.009,9,12,2,0,24888,703
2022-01-01 00:00:14.010,10,0,1,0,5600,703
2022-01-01 00:00:14.011,9,12,1,0,6488,703
2022-01-01 00:00:14.012,9,0,1,0,65846,703
2022-01-01 00:00:14.013,10,12,1,0,6561,703
2022-01-01 00:00:14.014,10,18,2,0,330666,703
2022-01-01 00:00:14.015,9,18,26,2,4409866,703
2022-01-01 00:00:14.016,9,18,14,2,2614666,703
2022-01-01 00:00:14.017,10,18,22,2,3675911,703
2022-01-01 00:00:14.018,10,19,26,0,5042133,703
2022-01-01 00:00:14.019,10,20,15,2,3138400,703
2022-01-01 00:00:14.020,9,18,17,0,2936888,703
2022-01-01 00:00:14.021,10,15,1,0,19288,703
2022-01-01 00:00:14.022,9,13,2,0,73066,703
2022-01-01 00:00:14.023,9,12,1,0,6488,703
2022-01-01 00:00:14.024,9,17,9,1,1479200,703
2022-01-01 00:00:14.025,9,0,1,0,220533,703
2022-01-01 00:00:14.026,9,17,30,2,4217155,703
2022-01-01 00:00:14.027,10,18,28,0,4764266,703
2022-01-01 00:00:14.028,9,17,29,3,4572533,703
2022-01-01 00:00:14.029,10,19,21,1,3738488,703
2022-01-01 00:00:14.030,10,12,1,0,26755,703
2022-01-01 00:00:14.031,10,12,1,0,6417,703
2022-01-01 00:00:14.032,9,16,1,0,72539,703
2022-01-01 00:00:14.033,10,18,3,0,341688,703
2022-01-01 00:00:14.034,10,9,2,0,149600,703
2022-01-01 00:00:14.035,10,5,1,0,5600,703
2022-01-01 00:00:14.036,9,18,14,0,2185066,703
2022-01-01 00:00:14.037,10,19,30,1,5824266,703
2022-01-01 00:00:14.038,10,19,29,0,4387022,703
2022-01-01 00:00:14.039,9,19,17,2,3216355,703
2022-01-01 00:00:14.040,10,18,19,1,2933600,703
2022-01-01 00:00:14.041,9,6,1,0,6666,703
2022-01-01 00:00:14.042,10,11,3,0,73866,703
2022-01-01 00:00:14.043,9,19,3,2,333955,703
2022-01-01 00:00:14.044,10,17,9,1,1340266,703
2022-01-01 00:00:14.045,10,19,1,0,131466,703
2022-01-01 00:00:14.046,9,16,22,3,3535384,703
2022-01-01 00:00:14.047,10,15,1,0,19505,703
2022-01-01 00:00:14.048,9,11,1,0,5600,703
2022-01-01 00:00:14.049,9,12,1,0,6488,703
2022-01-01 00:00:14.050,10,16,1,0,71733,703
2022-01-01 00:00:14.051,9,12,1,0,6488,703
2022-01-01 00:00:14.052,9,16,2,0,332800,703
2022-01-01 00:00:14.053,10,17,10,1,1349422,703
2022-01-01 00:00:14.054,9,17,35,0,5214044,703
2022-01-01 00:00:14.055,9,18,12,1,2256355,703
2022-01-01 00:00:14.056,9,11,2,0,18844,703
2022-01-01 00:00:14.057,9,12,1,0,6488,703
2022-01-01 00:00:14.058,10,15,1,0,77422,703
2022-01-01 00:00:14.059,10,14,2,0,224703,703
2022-01-01 00:00:14.060,9,0,1,0,111370,703
2022-01-01 00:00:14.061,9,12,3,0,84888,703
2022-01-01 00:00:14.062,9,11,1,0,5600,703
2022-01-01 00:00:14.063,9,18,11,0,2040977,703
2022-01-01 00:00:14.064,10,17,34,1,5289777,703
2022-01-01 00:00:14.065,9,11,1,0,23200,703
2022-01-01 00:00:14.066,9,12,1,0,6488,703
2022-01-01 00:00:14.067,9,15,1,0,77422,703
2022-01-01 00:00:14.068,9,12,1,0,6488,703
2022-01-01 00:00:14.069,9,14,5,1,408711,703
2022-01-01 00:00:14.070,9,19,10,0,2029600,703
2022-01-01 00:00:14.071,10,19,16,0,3062577,703
2022-01-01 00:00:14.072,9,11,1,0,5600,703
2022-01-01 00:00:14.073,8,6,1,0,6666,778
2022-01-01 00:00:14.074,9,13,6,1,487022,778
2022-01-01 00:00:14.075,8,11,5,2,189688,778
2022-01-01 00:00:14.076,7,11,11,1,718593,778
2022-01-01 00:00:14.077,8,11,10,0,788266,778
2022-01-01 00:00:14.078,8,4,7,0,670831,778
2022-01-01 00:00:14.079,9,14,1,0,156800,778
2022-01-01 00:00:14.080,8,13,42,1,5376355,778
2022-01-01 00:00:14.081,8,14,1,0,135733,778
2022-01-01 00:00:14.082,9,13,1,0,68888,778
2022-01-01 00:00:14.083,8,6,1,0,6666,778
2022-01-01 00:00:14.084,7,10,11,1,715733,778
2022-01-01 00:00:14.085,8,6,3,0,165600,778
2022-01-01 00:00:14.086,7,9,13,2,864888,778
2022-01-01 00:00:14.087,8,9,3,0,113511,778
2022-01-01 00:00:14.088,8,10,7,0,497688,778
2022-01-01 00:00:14.089,8,0,1,0,5600,778
2022-01-01 00:00:14.090,8,12,45,2,5037244,778
2022-01-01 00:00:14.091,6,9,77,12,5888977,778
2022-01-01 00:00:14.092,5,5,80,4,3579911,778
2022-01-01 00:00:14.093,6,6,84,4,4386488,778
2022-01-01 00:00:14.094,6,6,86,4,5003377,778
2022-01-01 00:00:14.095,6,6,84,6,4587022,778
2022-01-01 00:00:14.096,6,6,85,5,4631555,778
2022-01-01 00:00:14.097,6,7,84,6,5141866,778
2022-01-01 00:00:14.098,7,9,31,4,2338400,778
2022-01-01 00:00:14.099,9,10,1,0,10400,778
2022-01-01 00:00:14.100,8,11,2,0,45866,778
2022-01-01 00:00:14.101,8,6,1,0,6666,778
2022-01-01 00:00:14.102,7,10,9,0,512269,778
2022-01-01 00:00:14.103,7,8,4,0,157186,778
2022-01-01 00:00:14.104,8,13,5,1,502311,778
2022-01-01 00:00:14.105,8,9,8,0,361422,778
2022-01-01 00:00:14.106,8,11,12,1,1281777,778
2022-01-01 00:00:14.107,8,14,30,2,4229600,778
2022-01-01 00:00:14.108,8,10,15,0,1418337,778
2022-01-01 00:00:14.109,8,6,1,0,6593,778
2022-01-01 00:00:14.110,8,11,4,1,312449,778
2022-01-01 00:00:14.111,7,11,8,3,415644,778
2022-01-01 00:00:14.112,7,7,2,0,31824,778
2022-01-01 00:00:14.113,8,6,1,0,6666,778
2022-01-01 00:00:14.114,8,11,3,1,299111,778
2022-01-01 00:00:14.115,9,11,6,1,361866,778
2022-01-01 00:00:14.116,7,9,12,1,724266,778
2022-01-01 00:00:14.117,8,8,4,0,156800,778
2022-01-01 00:00:14.118,8,11,15,0,1282577,778
2022-01-01 00:00:14.119,7,11,53,3,5442488,778
2022-01-01 00:00:14.120,8,7,6,0,209422,778
2022-01-01 00:00:14.121,8,6,1,0,6666,792
2022-01-01 00:00:14.122,7,13,8,3,654755,792
2022-01-01 00:00:14.123,8,11,2,0,12088,792
2022-01-01 00:00:14.124,8,16,5,0,633422,792
2022-01-01 00:00:14.125,7,10,4,0,239911,792
2022-01-01 00:00:14.126,8,12,13,0,1285688,792
2022-01-01 00:00:14.127,7,14,35,2,4922844,792
2022-01-01 00:00:14.128,7,10,12,1,727822,792
2022-01-01 00:00:14.129,8,12,1,0,6488,792
2022-01-01 00:00:14.130,8,13,7,2,496888,792
2022-01-01 00:00:14.131,7,13,45,6,5400533,792
2022-01-01 00:00:14.132,7,12,36,5,3670400,792
2022-01-01 00:00:14.133,7,13,31,4,4215644,792
2022-01-01 00:00:14.134,6,11,54,4,5277688,792
2022-01-01 00:00:14.135,6,11,38,4,3696533,792
2022-01-01 00:00:14.136,7,12,32,4,3449333,792
2022-01-01 00:00:14.137,7,13,12,1,1528533,792
2022-01-01 00:00:14.138,8,12,1,0,6488,792
2022-01-01 00:00:14.139,8,14,7,2,714666,792
2022-01-01 00:00:14.140,8,0,1,0,5600,792
2022-01-01 00:00:14.141,8,13,2,0,134400,792
2022-01-01 00:00:14.142,8,16,19,0,3115644,792
2022-01-01 00:00:14.143,8,15,37,6,5737511,792
2022-01-01 00:00:14.144,7,13,30,4,3734844,792
2022-01-01 00:00:14.145,7,12,32,3,3988177,792
2022-01-01 00:00:14.146,8,13,33,4,4122755,792
2022-01-01 00:00:14.147,7,13,31,3,4142577,792
2022-01-01 00:00:14.148,7,12,30,2,3488800,792
2022-01-01 00:00:14.149,6,11,31,4,3208444,792
2022-01-01 00:00:14.150,7,12,31,4,3409866,792
2022-01-01 00:00:14.151,6,11,35,2,3491111,792
2022-01-01 00:00:14.152,7,12,32,5,3938933,792
2022-01-01 00:00:14.153,7,13,29,3,3630844,792
2022-01-01 00:00:14.154,7,12,33,5,3880266,792
2022-01-01 00:00:14.155,7,12,28,4,3331288,792
2022-01-01 00:00:14.156,7,12,39,4,4286666,792
2022-01-01 00:00:14.157,7,13,36,2,3808527,792
2022-01-01 00:00:14.158,7,11,28,5,2722876,792
2022-01-01 00:00:14.159,7,10,39,3,3428888,792
2022-01-01 00:00:14.160,6,8,35,2,2782311,792
2022-01-01 00:00:14.161,7,10,42,1,3790945,792
2022-01-01 00:00:14.162,6,9,37,3,2930876,792
2022-01-01 00:00:14.163,7,11,39,2,3676888,792
2022-01-01 00:00:14.164,7,11,38,3,3310577,792
2022-01-01 00:00:14.165,7,10,43,1,3431911,792
2022-01-01 00:00:14.166,8,6,2,0,21802,792
2022-01-01 00:00:14.167,7,6,1,0,6593,792
2022-01-01 00:00:14.168,7,10,13,2,810067,792
2022-01-01 00:00:14.169,8,0,1,0,5600,792
2022-01-01 00:00:14.170,8,6,1,0,6741,792
2022-01-01 00:00:14.171,8,11,4,0,247466,792
2022-01-01 00:00:14.172,8,10,8,0,409066,792
2022-01-01 00:00:14.173,8,0,1,0,6593,792
2022-01-01 00:00:14.174,8,11,8,1,707200,792
2022-01-01 00:00:14.175,8,11,18,0,1444314,792
2022-01-01 00:00:14.176,6,12,41,8,4671911,792
2022-01-01 00:00:14.177,8,8,17,0,976800,792
2022-01-01 00:00:14.178,9,12,1,1,6488,792
2022-01-01 00:00:14.179,7,9,9,1,631377,792
2022-01-01 00:00:14.180,7,11,42,2,4016177,792
2022-01-01 00:00:14.181,7,8,12,0,709393,792
2022-01-01 00:00:14.182,8,12,1,0,6488,800
2022-01-01 00:00:14.183,8,16,4,1,487912,800
2022-01-01 00:00:14.184,8,9,4,0,89066,800
2022-01-01 00:00:14.185,8,15,17,0,2439466,800
2022-01-01 00:00:14.186,8,14,17,1,2213714,800
2022-01-01 00:00:14.187,8,17,22,2,3216449,800
2022-01-01 00:00:14.188,8,14,40,3,5846311,800
2022-01-01 00:00:14.189,7,11,42,4,4266400,800
2022-01-01 00:00:14.190,8,12,1,0,6488,800
2022-01-01 00:00:14.191,7,11,10,3,656808,800
2022-01-01 00:00:14.192,7,0,1,0,6488,800
2022-01-01 00:00:14.193,9,16,6,1,702681,800
2022-01-01 00:00:14.194,8,13,10,1,939022,800
2022-01-01 00:00:14.195,8,0,5,0,508355,800
2022-01-01 00:00:14.196,7,14,44,6,5641244,800
2022-01-01 00:00:14.197,8,0,1,0,5662,800
2022-01-01 00:00:14.198,9,12,1,0,6488,800
2022-01-01 00:00:14.199,8,14,4,1,414651,800
2022-01-01 00:00:14.200,8,12,6,0,255555,800
2022-01-01 00:00:14.201,8,13,6,1,629066,800
2022-01-01 00:00:14.202,8,12,6,0,245511,800
2022-01-01 00:00:14.203,7,14,10,0,1268219,800
2022-01-01 00:00:14.204,7,16,38,3,5672269,800
2022-01-01 00:00:14.205,8,12,2,0,33244,800
2022-01-01 00:00:14.206,8,12,1,0,6488,800
2022-01-01 00:00:14.207,8,13,3,1,279910,800
2022-01-01 00:00:14.208,8,12,7,2,401582,800
2022-01-01 00:00:14.209,8,14,9,1,718241,800
2022-01-01 00:00:14.210,7,12,14,3,1332764,800
2022-01-01 00:00:14.211,8,11,2,0,131868,800
2022-01-01 00:00:14.212,8,14,6,0,856266,800
2022-01-01 00:00:14.213,7,13,41,3,4815640,800
2022-01-01 00:00:14.214,9,9,1,0,15560,800
2022-01-01 00:00:14.215,8,12,1,0,6488,800
2022-01-01 00:00:14.216,8,12,11,2,741600,800
2022-01-01 00:00:14.217,8,7,1,0,12177,800
2022-01-01 00:00:14.218,8,12,1,0,6488,800
2022-01-01 00:00:14.219,8,13,7,2,652177,800
2022-01-01 00:00:14.220,8,0,1,0,6488,800
2022-01-01 00:00:14.221,8,14,8,0,717600,800
2022-01-01 00:00:14.222,8,11,5,0,156533,800
2022-01-01 00:00:14.223,8,18,8,0,1299022,800
2022-01-01 00:00:14.224,8,16,34,2,5626933,800
2022-01-01 00:00:14.225,9,8,2,0,16177,800
2022-01-01 00:00:14.226,8,12,1,0,6488,800
2022-01-01 00:00:14.227,8,15,4,1,419056,800
2022-01-01 00:00:14.228,7,10,6,0,307340,800
2022-01-01 00:00:14.229,8,11,1,0,5600,800
2022-01-01 00:00:14.230,9,9,1,0,5066,800
2022-01-01 00:00:14.231,8,13,5,0,333688,800
2022-01-01 00:00:14.232,8,14,15,1,1562666,800
2022-01-01 00:00:14.233,9,0,1,0,9333,800
2022-01-01 00:00:14.234,9,0,1,0,6636,800
2022-01-01 00:00:14.235,7,10,8,0,499164,800
2022-01-01 00:00:14.236,8,10,4,0,164444,800
2022-01-01 00:00:14.237,8,13,9,3,732853,800
2022-01-01 00:00:14.238,8,14,13,1,1440533,800
2022-01-01 00:00:14.239,8,17,34,5,5397244,800
2022-01-01 00:00:14.240,8,7,4,0,237033,800
2022-01-01 00:00:14.241,8,12,1,0,6488,800
2022-01-01 00:00:14.242,8,13,7,0,496527,800
2022-01-01 00:00:14.243,7,15,3,1,232711,800
2022-01-01 00:00:14.244,8,12,1,0,6561,800
2022-01-01 00:00:14.245,9,15,4,1,414933,800
2022-01-01 00:00:14.246,8,11,7,0,253688,800
2022-01-01 00:00:14.247,8,16,8,2,838329,800
2022-01-01 00:00:14.248,9,16,11,0,1314786,800
2022-01-01 00:00:14.249,9,17,44,3,6246488,800
2022-01-01 00:00:14.250,8,16,33,2,4373842,800
2022-01-01 00:00:14.251,7,12,1,0,6488,800
2022-01-01 00:00:14.252,8,12,5,0,435865,800
2022-01-01 00:00:14.253,7,10,5,1,258666,800
2022-01-01 00:00:14.254,8,15,10,1,715164,800
2022-01-01 00:00:14.255,8,14,13,0,1474606,800
2022-01-01 00:00:14.256,8,14,10,0,1139822,800
2022-01-01 00:00:14.257,8,14,37,0,4496266,800
2022-01-01 00:00:14.258,8,12,3,0,21333,800
2022-01-01 00:00:14.259,8,12,1,0,6488,800
2022-01-01 00:00:14.260,8,12,11,0,681054,800
2022-01-01 00:00:14.261,8,13,7,1,834844,800
2022-01-01 00:00:14.262,8,15,12,0,1474337,800
2022-01-01 00:00:14.263,8,16,36,2,5613688,800
2022-01-01 00:00:14.264,8,5,3,0,21955,800
2022-01-01 00:00:14.265,9,12,1,0,6488,800
2022-01-01 00:00:14.266,9,16,2,1,239733,800
2022-01-01 00:00:14.267,9,13,9,1,504977,800
2022-01-01 00:00:14.268,8,12,1,0,6488,800
2022-01-01 00:00:14.269,7,12,8,3,661777,800
2022-01-01 00:00:14.270,8,12,1,0,6488,800
2022-01-01 00:00:14.271,7,12,6,2,629511,800
2022-01-01 00:00:14.272,8,12,6,0,245066,800
2022-01-01 00:00:14.273,8,16,9,1,1281155,800
2022-01-01 00:00:14.274,8,14,11,0,1580043,800
2022-01-01 00:00:14.275,7,12,36,2,4063200,800
2022-01-01 00:00:14.276,8,12,1,0,6488,800
2022-01-01 00:00:14.277,8,14,2,1,254133,800
2022-01-01 00:00:14.278,8,13,5,1,410400,800
2022-01-01 00:00:14.279,8,14,8,1,717777,800
2022-01-01 00:00:14.280,8,13,8,0,635555,800
2022-01-01 00:00:14.281,8,0,6,0,824266,800
2022-01-01 00:00:14.282,7,12,8,0,965866,800
2022-01-01 00:00:14.283,7,11,44,2,4676977,800
2022-01-01 00:00:14.284,9,11,1,1,5600,800
2022-01-01 00:00:14.285,8,12,1,1,6488,800
2022-01-01 00:00:14.286,9,15,4,0,413511,800
2022-01-01 00:00:14.287,7,11,7,2,238133,800
2022-01-01 00:00:14.288,8,14,37,1,4699288,800
2022-01-01 00:00:14.289,8,9,1,0,15733,800
2022-01-01 00:00:14.290,7,6,1,0,6666,800
2022-01-01 00:00:14.291,7,10,14,1,722044,800
2022-01-01 00:00:14.292,7,0,1,0,11466,800
2022-01-01 00:00:14.293,8,6,1,0,6666,800
2022-01-01 00:00:14.294,7,10,6,2,410488,800
2022-01-01 00:00:14.295,8,9,6,1,246666,800
2022-01-01 00:00:14.296,8,13,6,2,630311,800
2022-01-01 00:00:14.297,7,11,6,4,376533,800
2022-01-01 00:00:14.298,7,11,14,2,1302133,800
2022-01-01 00:00:14.299,7,15,36,5,5322400,800
2022-01-01 00:00:14.300,7,10,5,0,409333,800
2022-01-01 00:00:14.301,9,3,1,0,6417,800
2022-01-01 00:00:14.302,9,17,5,1,489258,800
2022-01-01 00:00:14.303,9,19,6,1,267466,800
2022-01-01 00:00:14.304,9,19,1,0,6488,800
2022-01-01 00:00:14.305,8,18,4,1,414933,800
2022-01-01 00:00:14.306,8,16,4,0,88711,800
2022-01-01 00:00:14.307,9,16,2,0,156888,800
2022-01-01 00:00:14.308,9,0,6,1,723466,800
2022-01-01 00:00:14.309,9,18,9,0,1019555,800
2022-01-01 00:00:14.310,9,16,3,0,455466,800
2022-01-01 00:00:14.311,8,17,35,0,5342933,800
2022-01-01 00:00:14.312,8,18,5,0,302933,800
2022-01-01 00:00:14.313,8,16,1,0,6488,800
2022-01-01 00:00:14.314,8,17,7,0,507200,800
2022-01-01 00:00:14.315,8,16,4,0,186400,800
2022-01-01 00:00:14.316,8,17,5,0,631022,800
2022-01-01 00:00:14.317,8,17,7,0,258933,800
2022-01-01 00:00:14.318,8,16,9,0,1280000,800
2022-01-01 00:00:14.319,8,15,58,4,9461600,800
2022-01-01 00:00:14.320,8,17,9,0,1038311,800
2022-01-01 00:00:14.321,8,17,1,0,22488,800
2022-01-01 00:00:14.322,9,16,1,0,6488,800
2022-01-01 00:00:14.323,8,18,8,0,711022,800
2022-01-01 00:00:14.324,8,15,2,0,11200,800
2022-01-01 00:00:14.325,9,14,1,0,6666,800
2022-01-01 00:00:14.326,8,17,8,0,533866,800
2022-01-01 00:00:14.327,9,16,1,0,17155,800
2022-01-01 00:00:14.328,9,18,1,0,5600,800
2022-01-01 00:00:14.329,8,17,28,2,3859733,800
2022-01-01 00:00:14.330,8,15,18,0,1853777,800
2022-01-01 00:00:14.331,8,19,4,1,564355,800
2022-01-01 00:00:14.332,9,13,1,0,17155,800
2022-01-01 00:00:14.333,9,0,1,0,6488,800
2022-01-01 00:00:14.334,9,18,4,0,526933,800
2022-01-01 00:00:14.335,9,16,2,0,16000,800
2022-01-01 00:00:14.336,9,16,21,1,3790818,800
2022-01-01 00:00:14.337,8,19,11,0,1826637,800
2022-01-01 00:00:14.338,9,14,2,0,269066,800
2022-01-01 00:00:14.339,9,18,1,0,17155,800
2022-01-01 00:00:14.340,9,0,1,0,6666,848
2022-01-01 00:00:14.341,9,17,2,0,137066,848
2022-01-01 00:00:14.342,9,16,2,0,254666,848
2022-01-01 00:00:14.343,8,18,1,0,144000,848
2022-01-01 00:00:14.344,9,13,2,0,15466,848
2022-01-01 00:00:14.345,9,15,2,0,243200,848
2022-01-01 00:00:14.346,9,19,2,0,420000,848
2022-01-01 00:00:14.347,9,18,5,0,895280,848
2022-01-01 00:00:14.348,9,16,6,0,1128967,848
2022-01-01 00:00:14.349,9,17,9,0,1652622,848
2022-01-01 00:00:14.350,9,16,7,0,1096355,848
2022-01-01 00:00:14.351,9,16,1,0,17155,848
2022-01-01 00:00:14.352,9,15,1,0,6741,848
2022-01-01 00:00:14.353,8,14,4,0,527200,848
2022-01-01 00:00:14.354,9,15,1,0,17155,848
2022-01-01 00:00:14.355,9,17,11,0,1623200,848
2022-01-01 00:00:14.356,8,16,11,0,2085600,848
2022-01-01 00:00:14.357,10,16,5,0,937066,848
2022-01-01 00:00:14.358,9,20,2,0,16355,848
2022-01-01 00:00:14.359,9,18,1,0,6561,848
2022-01-01 00:00:14.360,9,17,4,0,527200,848
2022-01-01 00:00:14.361,9,15,2,0,15644,848
2022-01-01 00:00:14.362,9,15,18,1,3471200,848
2022-01-01 00:00:14.363,9,16,7,0,1182400,848
2022-01-01 00:00:14.364,9,19,1,0,17155,848
2022-01-01 00:00:14.365,9,17,1,0,6561,848
2022-01-01 00:00:14.366,9,15,4,0,451288,848
2022-01-01 00:00:14.367,10,17,1,0,17155,848
2022-01-01 00:00:14.368,9,20,2,0,72177,848
2022-01-01 00:00:14.369,9,18,1,0,6488,848
2022-01-01 00:00:14.370,9,7,1,0,22488,848
2022-01-01 00:00:14.371,9,17,1,0,5600,848
2022-01-01 00:00:14.372,7,14,34,11,5757422,848
2022-01-01 00:00:14.373,8,16,17,1,2066400,848
2022-01-01 00:00:14.374,9,19,1,0,25333,848
2022-01-01 00:00:14.375,8,17,1,0,5600,848
2022-01-01 00:00:14.376,8,16,5,1,346222,848
2022-01-01 00:00:14.377,8,15,21,0,3080088,848
2022-01-01 00:00:14.378,8,16,31,1,5558400,848
2022-01-01 00:00:14.379,7,14,31,0,3997777,848
2022-01-01 00:00:14.380,7,17,50,1,6766933,848
2022-01-01 00:00:14.381,7,15,49,0,7105244,848
2022-01-01 00:00:14.382,7,16,56,10,9719111,848
2022-01-01 00:00:14.383,8,18,28,2,4262666,848
2022-01-01 00:00:14.384,7,16,39,3,5744711,848
2022-01-01 00:00:14.385,8,16,42,2,6172177,848
2022-01-01 00:00:14.386,8,14,44,1,6249155,848
2022-01-01 00:00:14.387,7,17,41,2,5531911,848
2022-01-01 00:00:14.388,7,15,41,0,5475555,848
2022-01-01 00:00:14.389,8,17,51,2,7191111,848
2022-01-01 00:00:14.390,8,17,3,0,46844,848
2022-01-01 00:00:14.391,9,15,1,0,6488,848
2022-01-01 00:00:14.392,9,17,1,0,5600,848
2022-01-01 00:00:14.393,8,15,12,0,668266,848
2022-01-01 00:00:14.394,8,16,8,0,729066,848
2022-01-01 00:00:14.395,8,14,10,0,1294133,848
2022-01-01 00:00:14.396,8,16,1,0,135733,848
2022-01-01 00:00:14.397,8,14,9,0,1466666,848
2022-01-01 00:00:14.398,8,16,48,2,9046488,848
2022-01-01 00:00:14.399,8,15,1,0,22488,848
2022-01-01 00:00:14.400,8,15,1,0,6488,848
2022-01-01 00:00:14.401,8,17,9,1,729422,848
2022-01-01 00:00:14.402,8,15,1,0,11466,848
2022-01-01 00:00:14.403,8,15,1,0,6561,848
2022-01-01 00:00:14.404,8,16,5,1,482400,848
2022-01-01 00:00:14.405,8,17,4,1,177866,848
2022-01-01 00:00:14.406,8,15,8,0,862577,848
2022-01-01 00:00:14.407,7,14,13,0,1304533,848
2022-01-01 00:00:14.408,8,16,6,0,1034933,848
2022-01-01 00:00:14.409,7,16,30,5,4588355,848
2022-01-01 00:00:14.410,7,16,1,0,20711,848
2022-01-01 00:00:14.411,8,14,1,0,6488,848
2022-01-01 00:00:14.412,8,17,5,4,428533,848
2022-01-01 00:00:14.413,8,17,18,0,2237098,848
2022-01-01 00:00:14.414,8,16,25,4,2710651,848
2022-01-01 00:00:14.415,8,16,1,1,6488,848
2022-01-01 00:00:14.416,8,15,8,1,499164,848
2022-01-01 00:00:14.417,8,16,4,2,171022,848
2022-01-01 00:00:14.418,7,14,11,2,860483,848
2022-01-01 00:00:14.419,8,17,12,1,1304533,848
2022-01-01 00:00:14.420,7,15,38,5,5798292,848
2022-01-01 00:00:14.421,8,18,1,0,6561,848
2022-01-01 00:00:14.422,7,17,11,3,728622,848
2022-01-01 00:00:14.423,8,12,1,1,15733,848
2022-01-01 00:00:14.424,8,14,1,0,6417,848
2022-01-01 00:00:14.425,8,16,5,0,532088,848
2022-01-01 00:00:14.426,8,16,2,0,16000,848
2022-01-01 00:00:14.427,8,15,2,0,160615,848
2022-01-01 00:00:14.428,7,14,22,0,2824622,848
2022-01-01 00:00:14.429,8,13,26,4,3333932,848
2022-01-01 00:00:14.430,8,17,1,0,15560,848
2022-01-01 00:00:14.431,9,16,1,0,6561,848
2022-01-01 00:00:14.432,8,16,5,0,532088,848
2022-01-01 00:00:14.433,9,18,1,0,17155,848
2022-01-01 00:00:14.434,9,18,13,1,2340000,848
2022-01-01 00:00:14.435,9,17,5,0,740674,848
2022-01-01 00:00:14.436,9,14,14,0,1928000,848
2022-01-01 00:00:14.437,9,17,1,0,15910,848
2022-01-01 00:00:14.438,9,14,1,0,6488,848
2022-01-01 00:00:14.439,8,16,9,2,665422,848
2022-01-01 00:00:14.440,9,16,1,0,6488,848
2022-01-01 00:00:14.441,8,15,10,2,708622,848
2022-01-01 00:00:14.442,9,19,6,1,358933,848
2022-01-01 00:00:14.443,8,14,7,0,1097244,848
2022-01-01 00:00:14.444,9,17,20,2,3870844,848
2022-01-01 00:00:14.445,8,18,13,4,1773155,848
2022-01-01 00:00:14.446,8,17,1,0,6488,848
2022-01-01 00:00:14.447,9,15,1,1,182400,848
2022-01-01 00:00:14.448,9,19,10,1,549688,848
2022-01-01 00:00:14.449,8,18,1,0,11466,848
2022-01-01 00:00:14.450,5,2,3,0,40444,871
2022-01-01 00:00:14.451,5,2,30,0,661866,871
2022-01-01 00:00:14.452,5,2,3,0,42222,871
2022-01-01 00:00:14.453,5,2,31,2,712444,871
2022-01-01 00:00:14.454,5,2,9,0,178577,871
2022-01-01 00:00:14.455,5,2,54,1,1299022,871
2022-01-01 00:00:14.456,5,2,69,0,1698933,871
2022-01-01 00:00:14.457,5,2,62,0,1508800,871
2022-01-01 00:00:14.458,5,2,65,0,1600444,871
2022-01-01 00:00:14.459,5,2,38,3,895822,871
2022-01-01 00:00:14.460,5,2,1,0,7200,871
2022-01-01 00:00:14.461,5,1,20,2,417066,871
2022-01-01 00:00:14.462,5,1,12,1,243911,871
2022-01-01 00:00:14.463,5,1,28,2,646222,871
2022-01-01 00:00:14.464,5,1,9,1,213422,871
2022-01-01 00:00:14.465,5,2,1,0,10400,871
2022-01-01 00:00:14.466,5,1,2,0,24000,871
2022-01-01 00:00:14.467,5,2,53,2,1299644,871
2022-01-01 00:00:14.468,5,2,3,0,73866,871
2022-01-01 00:00:14.469,5,1,61,2,1446488,871
2022-01-01 00:00:14.470,5,2,49,2,1206488,871
2022-01-01 00:00:14.471,5,2,44,5,1081955,871
2022-01-01 00:00:14.472,5,1,38,4,905244,871
2022-01-01 00:00:14.473,5,2,34,1,810133,871
2022-01-01 00:00:14.474,5,1,12,1,257955,871
2022-01-01 00:00:14.475,5,2,8,0,160533,871
2022-01-01 00:00:14.476,6,3,20,1,531200,871
2022-01-01 00:00:14.477,6,3,1,0,16444,871
2022-01-01 00:00:14.478,6,4,22,0,867022,871
2022-01-01 00:00:14.479,6,4,29,1,1301422,871
2022-01-01 00:00:14.480,5,4,35,3,1474400,871
2022-01-01 00:00:14.481,6,4,32,4,1432177,871
2022-01-01 00:00:14.482,6,4,22,5,972266,871
2022-01-01 00:00:14.483,6,4,28,1,1228088,871
2022-01-01 00:00:14.484,6,4,22,4,927822,871
2022-01-01 00:00:14.485,5,4,22,0,953333,871
2022-01-01 00:00:14.486,6,3,27,1,1006844,871
2022-01-01 00:00:14.487,6,4,22,6,1053688,871
2022-01-01 00:00:14.488,6,4,24,3,1103822,871
2022-01-01 00:00:14.489,6,4,12,1,515555,871
2022-01-01 00:00:14.490,8,10,1,0,7022,871
2022-01-01 00:00:14.491,8,10,5,0,413955,871
2022-01-01 00:00:14.492,8,7,7,0,250285,871
2022-01-01 00:00:14.493,8,8,1,0,8977,871
2022-01-01 00:00:14.494,8,10,8,0,638044,871
2022-01-01 00:00:14.495,8,10,6,1,225600,871
2022-01-01 00:00:14.496,8,8,18,1,1215288,871
2022-01-01 00:00:14.497,8,0,2,0,100977,871
2022-01-01 00:00:14.498,8,12,26,0,2836444,871
2022-01-01 00:00:14.499,8,10,22,2,1964622,871
2022-01-01 00:00:14.500,8,10,10,1,829866,871
2022-01-01 00:00:14.501,8,6,1,0,6666,871
2022-01-01 00:00:14.502,8,10,6,0,411377,871
2022-01-01 00:00:14.503,8,8,6,0,322311,871
2022-01-01 00:00:14.504,8,7,2,0,15644,871
2022-01-01 00:00:14.505,8,5,1,0,11466,871
2022-01-01 00:00:14.506,6,4,1,0,7022,871
2022-01-01 00:00:14.507,6,4,14,2,501688,871
2022-01-01 00:00:14.508,6,4,6,0,164622,871
2022-01-01 00:00:14.509,6,4,21,2,838844,871
2022-01-01 00:00:14.510,6,4,3,0,126488,871
2022-01-01 00:00:14.511,6,5,25,0,1317066,871
2022-01-01 00:00:14.512,6,4,39,6,1943022,871
2022-01-01 00:00:14.513,6,4,16,2,715377,871
2022-01-01 00:00:14.514,6,2,25,2,639733,871
2022-01-01 00:00:14.515,6,3,32,3,1073777,871
2022-01-01 00:00:14.516,6,2,20,3,547022,871
2022-01-01 00:00:14.517,6,2,29,3,839200,871
2022-01-01 00:00:14.518,6,2,1,0,11822,871
2022-01-01 00:00:14.519,6,1,1,0,7022,871
2022-01-01 00:00:14.520,6,1,23,1,511377,871
2022-01-01 00:00:14.521,6,2,9,0,188355,871
2022-01-01 00:00:14.522,6,2,16,2,357688,871
2022-01-01 00:00:14.523,6,2,24,0,527644,871
2022-01-01 00:00:14.524,6,3,19,4,683644,871
2022-01-01 00:00:14.525,7,3,17,2,613422,871
2022-01-01 00:00:14.526,6,4,16,2,714786,871
2022-01-01 00:00:14.527,6,3,42,1,1555868,871
2022-01-01 00:00:14.528,6,3,30,2,1204088,871
2022-01-01 00:00:14.529,6,2,33,1,804711,871
2022-01-01 00:00:14.530,6,2,34,3,830044,871
2022-01-01 00:00:14.531,6,1,23,2,549955,871
2022-01-01 00:00:14.532,6,2,1,0,7200,871
2022-01-01 00:00:14.533,6,2,8,0,176711,871
2022-01-01 00:00:14.534,6,2,25,3,558666,871
2022-01-01 00:00:14.535,6,2,14,1,305422,871
2022-01-01 00:00:14.536,6,2,18,1,363200,871
2022-01-01 00:00:14.537,6,4,1,0,9333,871
2022-01-01 00:00:14.538,6,2,1,0,7200,871
2022-01-01 00:00:14.539,6,2,31,3,723466,871
2022-01-01 00:00:14.540,6,2,8,0,169955,871
2022-01-01 00:00:14.541,6,2,24,2,553066,871
2022-01-01 00:00:14.542,6,2,30,0,758222,871
2022-01-01 00:00:14.543,6,2,41,2,995288,871
2022-01-01 00:00:14.544,6,2,37,4,855555,871
2022-01-01 00:00:14.545,6,3,32,2,1264711,871
2022-01-01 00:00:14.546,6,2,22,2,537422,871
2022-01-01 00:00:14.547,6,3,34,1,1132977,871
2022-01-01 00:00:14.548,6,2,22,5,554666,871
2022-01-01 00:00:14.549,6,1,16,1,354488,871
2022-01-01 00:00:14.550,6,2,1,0,7200,871
2022-01-01 00:00:14.551,6,2,20,0,486400,871
2022-01-01 00:00:14.552,6,3,6,0,195377,871
2022-01-01 00:00:14.553,6,2,1,0,10400,871
2022-01-01 00:00:14.554,6,2,1,0,7200,871
2022-01-01 00:00:14.555,6,2,13,1,283822,871
2022-01-01 00:00:14.556,6,1,31,6,669422,871
2022-01-01 00:00:14.557,6,2,2,0,11555,871
2022-01-01 00:00:14.558,6,2,34,6,831466,871
2022-01-01 00:00:14.559,6,1,20,4,467377,871
2022-01-01 00:00:14.560,6,2,8,0,195555,871
2022-01-01 00:00:14.561,6,2,45,4,1102311,871
2022-01-01 00:00:14.562,6,3,38,2,1265600,871
2022-01-01 00:00:14.563,6,3,23,1,874933,871
2022-01-01 00:00:14.564,6,3,32,5,1004177,871
2022-01-01 00:00:14.565,6,2,33,1,997511,871
2022-01-01 00:00:14.566,6,2,7,0,247022,871
2022-01-01 00:00:14.567,6,2,1,0,7200,871
2022-01-01 00:00:14.568,6,2,20,3,441244,871
2022-01-01 00:00:14.569,6,2,15,1,306755,871
2022-01-01 00:00:14.570,6,2,1,0,7200,871
2022-01-01 00:00:14.571,6,1,33,1,661155,871
2022-01-01 00:00:14.572,6,2,1,0,10400,871
2022-01-01 00:00:14.573,6,1,8,0,160355,871
2022-01-01 00:00:14.574,6,2,31,2,712800,871
2022-01-01 00:00:14.575,6,4,28,2,1200711,871
2022-01-01 00:00:14.576,6,0,3,0,117244,871
2022-01-01 00:00:14.577,6,3,36,2,1388444,871
2022-01-01 00:00:14.578,6,3,19,3,742311,871
2022-01-01 00:00:14.579,6,3,28,1,1008000,871
2022-01-01 00:00:14.580,6,2,28,0,685155,871
2022-01-01 00:00:14.581,6,2,31,2,761866,871
2022-01-01 00:00:14.582,6,4,24,4,1053155,871
2022-01-01 00:00:14.583,6,2,2,0,35733,871
2022-01-01 00:00:14.584,6,2,19,0,423200,871
2022-01-01 00:00:14.585,6,1,12,1,227911,871
2022-01-01 00:00:14.586,7,4,1,0,9333,871
2022-01-01 00:00:14.587,6,2,8,0,184711,871
2022-01-01 00:00:14.588,6,2,45,7,1263022,871
2022-01-01 00:00:14.589,6,4,25,1,1165955,871
2022-01-01 00:00:14.590,6,3,36,2,1195022,871
2022-01-01 00:00:14.591,6,3,24,2,917688,871
2022-01-01 00:00:14.592,6,2,1,0,7200,871
2022-01-01 00:00:14.593,6,2,21,0,486133,871
2022-01-01 00:00:14.594,6,1,12,0,243022,871
2022-01-01 00:00:14.595,6,2,2,0,35022,871
2022-01-01 00:00:14.596,6,1,1,0,7022,871
2022-01-01 00:00:14.597,6,2,27,1,625688,871
2022-01-01 00:00:14.598,6,2,27,0,631120,871
2022-01-01 00:00:14.599,6,2,33,4,820224,871
2022-01-01 00:00:14.600,6,2,36,1,1022933,871
2022-01-01 00:00:14.601,6,3,24,1,953600,871
2022-01-01 00:00:14.602,6,4,29,5,1277244,871
2022-01-01 00:00:14.603,6,2,20,2,515200,871
2022-01-01 00:00:14.604,7,3,37,0,1438666,871
2022-01-01 00:00:14.605,6,2,24,2,736000,871
2022-01-01 00:00:14.606,6,2,31,6,760444,871
2022-01-01 00:00:14.607,6,2,30,2,734400,871
2022-01-01 00:00:14.608,6,2,31,4,760444,871
2022-01-01 00:00:14.609,6,3,27,2,990488,871
2022-01-01 00:00:14.610,6,2,29,5,712622,871
2022-01-01 00:00:14.611,6,0,25,3,527733,871
2022-01-01 00:00:14.612,6,2,30,2,821978,871
2022-01-01 00:00:14.613,6,1,33,2,786426,871
2022-01-01 00:00:14.614,6,0,40,5,730666,871
2022-01-01 00:00:14.615,6,3,23,1,802044,871
2022-01-01 00:00:14.616,6,2,42,3,1191022,871
2022-01-01 00:00:14.617,6,1,17,3,378044,871
2022-01-01 00:00:14.618,6,0,40,1,629333,871
2022-01-01 00:00:14.619,6,3,27,2,847384,871
2022-01-01 00:00:14.620,6,1,34,2,750561,871
2022-01-01 00:00:14.621,6,1,26,1,601777,871
2022-01-01 00:00:14.622,6,0,43,7,717777,871
2022-01-01 00:00:14.623,6,0,36,3,665600,871
2022-01-01 00:00:14.624,6,3,25,2,942857,871
2022-01-01 00:00:14.625,6,2,31,1,770426,871
2022-01-01 00:00:14.626,6,2,32,0,786488,871
2022-01-01 00:00:14.627,6,4,8,0,288000,871
2022-01-01 00:00:14.628,7,0,1,0,11822,871
2022-01-01 00:00:14.629,7,3,1,0,13752,871
2022-01-01 00:00:14.630,7,3,1,0,11466,871
2022-01-01 00:00:14.631,7,3,1,0,13600,871
2022-01-01 00:00:14.632,6,2,1,0,10400,871
2022-01-01 00:00:14.633,6,4,2,0,35733,871
2022-01-01 00:00:14.634,6,3,8,0,253573,871
2022-01-01 00:00:14.635,6,5,4,1,167032,871
2022-01-01 00:00:14.636,7,3,9,1,242933,871
2022-01-01 00:00:14.637,6,1,3,0,40088,871
2022-01-01 00:00:14.638,6,2,1,0,7200,871
2022-01-01 00:00:14.639,6,4,15,2,633511,871
2022-01-01 00:00:14.640,6,3,8,0,246933,871
2022-01-01 00:00:14.641,6,1,39,5,854666,871
2022-01-01 00:00:14.642,6,1,25,1,451288,871
2022-01-01 00:00:14.643,6,1,18,1,432888,871
2022-01-01 00:00:14.644,6,1,35,2,778400,871
2022-01-01 00:00:14.645,6,1,32,3,653155,871
2022-01-01 00:00:14.646,6,1,32,0,702222,871
2022-01-01 00:00:14.647,6,2,29,3,709777,871
2022-01-01 00:00:14.648,6,1,27,2,671911,871
2022-01-01 00:00:14.649,6,1,23,5,508355,871
2022-01-01 00:00:14.650,6,1,36,5,763733,871
2022-01-01 00:00:14.651,6,0,32,3,486400,871
2022-01-01 00:00:14.652,6,2,1,0,20711,871
2022-01-01 00:00:14.653,8,6,1,0,6666,923
2022-01-01 00:00:14.654,7,9,8,1,503288,923
2022-01-01 00:00:14.655,7,7,4,1,167644,923
2022-01-01 00:00:14.656,8,11,7,1,635111,923
2022-01-01 00:00:14.657,7,7,6,1,226488,923
2022-01-01 00:00:14.658,8,12,12,0,1297244,923
2022-01-01 00:00:14.659,7,9,46,3,3900088,923
2022-01-01 00:00:14.660,6,6,31,5,1731466,923
2022-01-01 00:00:14.661,8,11,1,0,29600,923
2022-01-01 00:00:14.662,7,6,1,0,6666,923
2022-01-01 00:00:14.663,8,13,4,1,412533,923
2022-01-01 00:00:14.664,7,9,8,0,333866,923
2022-01-01 00:00:14.665,8,6,1,0,6666,923
2022-01-01 00:00:14.666,8,10,10,3,663733,923
2022-01-01 00:00:14.667,7,11,8,1,714311,923
2022-01-01 00:00:14.668,6,6,27,2,1413955,923
2022-01-01 00:00:14.669,6,0,1,0,50933,923
2022-01-01 00:00:14.670,6,6,30,2,1776711,923
2022-01-01 00:00:14.671,4,4,56,19,2194666,923
2022-01-01 00:00:14.672,5,4,44,9,1627377,923
2022-01-01 00:00:14.673,6,2,1,0,1600,923
2022-01-01 00:00:14.674,6,5,1,0,17155,923
2022-01-01 00:00:14.675,6,4,1,0,7022,923
2022-01-01 00:00:14.676,6,4,1,0,40266,923
2022-01-01 00:00:14.677,5,4,16,2,684977,923
2022-01-01 00:00:14.678,6,0,2,0,16000,923
2022-01-01 00:00:14.679,6,4,1,0,6945,923
2022-01-01 00:00:14.680,6,4,3,0,74157,923
2022-01-01 00:00:14.681,5,2,16,0,335822,923
2022-01-01 00:00:14.682,5,4,34,7,1288088,923
2022-01-01 00:00:14.683,5,2,30,5,681670,923
2022-01-01 00:00:14.684,5,1,38,0,825887,923
2022-01-01 00:00:14.685,5,2,34,6,681155,923
2022-01-01 00:00:14.686,5,3,28,4,835200,923
2022-01-01 00:00:14.687,5,3,33,4,908888,923
2022-01-01 00:00:14.688,5,3,37,0,1147111,923
2022-01-01 00:00:14.689,5,3,34,4,1089494,923
2022-01-01 00:00:14.690,5,3,22,3,771415,923
2022-01-01 00:00:14.691,5,3,43,8,1252622,923
2022-01-01 00:00:14.692,5,2,57,7,1198311,923
2022-01-01 00:00:14.693,5,1,34,3,743822,923
2022-01-01 00:00:14.694,5,2,32,5,710666,923
2022-01-01 00:00:14.695,5,2,37,3,853422,923
2022-01-01 00:00:14.696,5,2,28,7,696977,923
2022-01-01 00:00:14.697,5,3,30,3,837866,923
2022-01-01 00:00:14.698,4,1,33,4,602488,923
2022-01-01 00:00:14.699,5,2,30,6,926065,923
2022-01-01 00:00:14.700,6,3,19,7,505422,923
2022-01-01 00:00:14.701,6,1,2,0,23910,923
2022-01-01 00:00:14.702,6,3,1,0,5600,923
2022-01-01 00:00:14.703,6,2,5,0,77802,923
2022-01-01 00:00:14.704,6,4,1,0,7101,923
2022-01-01 00:00:14.705,6,4,9,0,333066,923
2022-01-01 00:00:14.706,6,3,3,0,76043,923
2022-01-01 00:00:14.707,7,3,2,0,14933,923
2022-01-01 00:00:14.708,6,6,19,0,1204307,923
2022-01-01 00:00:14.709,5,2,23,5,835822,923
2022-01-01 00:00:14.710,5,0,50,2,764571,923
2022-01-01 00:00:14.711,5,2,12,3,251685,923
2022-01-01 00:00:14.712,6,0,1,0,23911,923
2022-01-01 00:00:14.713,6,2,1,0,7022,923
2022-01-01 00:00:14.714,5,0,4,0,75685,923
2022-01-01 00:00:14.715,6,1,1,0,8266,923
2022-01-01 00:00:14.716,5,0,23,0,335208,923
2022-01-01 00:00:14.717,5,0,41,7,690222,923
2022-01-01 00:00:14.718,5,1,42,1,750112,923
2022-01-01 00:00:14.719,5,0,25,3,399377,923
2022-01-01 00:00:14.720,5,1,33,5,662505,923
2022-01-01 00:00:14.721,9,6,43,6,2132800,923
2022-01-01 00:00:14.722,6,5,15,5,504449,923
2022-01-01 00:00:14.723,6,3,32,3,907022,923
2022-01-01 00:00:14.724,5,1,25,5,422065,923
2022-01-01 00:00:14.725,4,0,51,10,748800,923
2022-01-01 00:00:14.726,5,0,41,6,567022,923
2022-01-01 00:00:14.727,5,1,30,13,634696,923
2022-01-01 00:00:14.728,4,1,30,6,532659,923
2022-01-01 00:00:14.729,5,1,32,3,556622,923
2022-01-01 00:00:14.730,5,0,47,5,559377,923
2022-01-01 00:00:14.731,5,0,40,2,525662,923
2022-01-01 00:00:14.732,5,0,38,7,484483,923
2022-01-01 00:00:14.733,5,0,19,4,312355,923
2022-01-01 00:00:14.734,6,2,6,0,130311,923
2022-01-01 00:00:14.735,6,2,1,0,18067,923
2022-01-01 00:00:14.736,6,2,1,0,8622,923
2022-01-01 00:00:14.737,6,2,1,0,7200,923
2022-01-01 00:00:14.738,5,0,26,0,475911,923
2022-01-01 00:00:14.739,4,0,59,7,748711,923
2022-01-01 00:00:14.740,5,0,38,5,549244,923
2022-01-01 00:00:14.741,6,2,38,12,803377,923
2022-01-01 00:00:14.742,5,0,31,3,422593,923
2022-01-01 00:00:14.743,4,0,62,11,782400,923
2022-01-01 00:00:14.744,5,0,42,2,573866,923
2022-01-01 00:00:14.745,5,1,34,9,645033,923
2022-01-01 00:00:14.746,5,1,37,7,661274,923
2022-01-01 00:00:14.747,6,1,36,10,753422,923
2022-01-01 00:00:14.748,6,9,8,5,590755,923
2022-01-01 00:00:14.749,6,1,12,3,261573,923
2022-01-01 00:00:14.750,6,2,1,0,17670,923
2022-01-01 00:00:14.751,6,4,1,0,7022,923
2022-01-01 00:00:14.752,6,2,2,0,30741,923
2022-01-01 00:00:14.753,5,2,42,3,978109,923
2022-01-01 00:00:14.754,5,0,43,3,650577,923
2022-01-01 00:00:14.755,5,0,41,4,601244,923
2022-01-01 00:00:14.756,5,0,30,4,456449,923
2022-01-01 00:00:14.757,6,1,40,5,787164,923
2022-01-01 00:00:14.758,6,5,25,14,1096000,923
2022-01-01 00:00:14.759,5,0,24,3,323733,923
2022-01-01 00:00:14.760,4,0,44,5,601707,923
2022-01-01 00:00:14.761,4,0,43,4,557010,923
2022-01-01 00:00:14.762,4,0,37,5,506400,923
2022-01-01 00:00:14.763,5,0,41,6,563733,923
2022-01-01 00:00:14.764,5,0,37,1,554222,923
2022-01-01 00:00:14.765,5,0,34,2,513438,923
2022-01-01 00:00:14.766,4,0,35,4,473582,923
2022-01-01 00:00:14.767,4,0,40,5,577600,923
2022-01-01 00:00:14.768,4,0,35,1,472533,923
2022-01-01 00:00:14.769,5,0,44,3,600177,923
2022-01-01 00:00:14.770,5,0,36,4,488977,923
2022-01-01 00:00:14.771,4,0,40,1,517688,923
2022-01-01 00:00:14.772,4,0,42,5,544177,923
2022-01-01 00:00:14.773,5,0,40,2,532088,923
2022-01-01 00:00:14.774,4,0,37,1,519555,923
2022-01-01 00:00:14.775,4,0,38,3,519111,923
2022-01-01 00:00:14.776,4,0,47,1,600177,923
2022-01-01 00:00:14.777,4,0,40,3,585670,923
2022-01-01 00:00:14.778,5,0,40,5,570966,923
2022-01-01 00:00:14.779,4,0,25,3,333244,923
2022-01-01 00:00:14.780,5,0,2,0,19235,923
2022-01-01 00:00:14.781,6,2,1,0,5777,923
2022-01-01 00:00:14.782,5,2,1,0,7200,923
2022-01-01 00:00:14.783,4,0,23,0,339200,923
2022-01-01 00:00:14.784,4,0,6,3,73955,923
2022-01-01 00:00:14.785,6,2,3,0,55022,923
2022-01-01 00:00:14.786,6,2,1,0,5777,923
2022-01-01 00:00:14.787,6,2,24,2,589511,923
2022-01-01 00:00:14.788,4,0,43,7,834400,923
2022-01-01 00:00:14.789,5,0,40,3,608355,923
2022-01-01 00:00:14.790,4,0,33,4,488711,923
2022-01-01 00:00:14.791,4,0,49,6,746755,923
2022-01-01 00:00:14.792,4,0,32,3,492088,923
2022-01-01 00:00:14.793,4,0,50,3,745866,923
2022-01-01 00:00:14.794,5,0,43,5,640977,923
2022-01-01 00:00:14.795,5,1,38,2,739733,923
2022-01-01 00:00:14.796,5,0,2,0,19022,923
2022-01-01 00:00:14.797,6,2,1,0,7200,923
2022-01-01 00:00:14.798,6,2,1,0,8622,923
2022-01-01 00:00:14.799,6,1,18,0,410844,923
2022-01-01 00:00:14.800,6,3,1,0,5600,923
2022-01-01 00:00:14.801,6,2,14,0,343288,923
2022-01-01 00:00:14.802,5,1,48,9,934921,923
2022-01-01 00:00:14.803,5,0,37,3,515252,923
2022-01-01 00:00:14.804,5,0,41,5,672444,923
2022-01-01 00:00:14.805,5,1,31,5,577511,923
2022-01-01 00:00:14.806,5,1,35,5,652134,923
2022-01-01 00:00:14.807,5,1,26,8,455120,923
2022-01-01 00:00:14.808,5,1,32,6,630755,923
2022-01-01 00:00:14.809,5,1,36,7,508000,923
2022-01-01 00:00:14.810,5,0,43,4,533511,923
2022-01-01 00:00:14.811,5,0,27,3,396494,923
2022-01-01 00:00:14.812,5,2,1,0,17866,923
2022-01-01 00:00:14.813,5,0,1,0,7200,923
2022-01-01 00:00:14.814,4,0,23,0,338755,923
2022-01-01 00:00:14.815,4,0,31,5,427555,923
2022-01-01 00:00:14.816,4,0,38,4,503288,923
2022-01-01 00:00:14.817,4,0,43,4,566933,923
2022-01-01 00:00:14.818,5,0,38,5,535288,923
2022-01-01 00:00:14.819,4,0,27,8,341777,923
2022-01-01 00:00:14.820,4,0,39,4,484000,923
2022-01-01 00:00:14.821,4,0,42,3,572088,923
2022-01-01 00:00:14.822,4,0,37,5,515644,923
2022-01-01 00:00:14.823,4,0,41,6,526222,923
2022-01-01 00:00:14.824,4,0,31,6,421422,923
2022-01-01 00:00:14.825,4,0,36,6,466222,923
2022-01-01 00:00:14.826,5,0,31,6,415370,923
2022-01-01 00:00:14.827,5,0,33,3,490637,923
2022-01-01 00:00:14.828,5,0,42,2,649511,923
2022-01-01 00:00:14.829,5,0,28,7,384533,923
2022-01-01 00:00:14.830,5,1,42,1,735288,923
2022-01-01 00:00:14.831,4,0,28,5,394247,923
2022-01-01 00:00:14.832,4,0,40,6,496615,923
2022-01-01 00:00:14.833,5,1,35,7,593155,923
2022-01-01 00:00:14.834,4,0,32,4,401244,923
2022-01-01 00:00:14.835,4,0,37,5,486666,923
2022-01-01 00:00:14.836,4,1,36,1,614844,923
2022-01-01 00:00:14.837,4,1,24,5,448533,923
2022-01-01 00:00:14.838,5,2,1,0,17866,923
2022-01-01 00:00:14.839,6,4,1,0,7022,923
2022-01-01 00:00:14.840,6,3,19,4,311200,923
2022-01-01 00:00:14.841,5,2,1,4,23200,923
2022-01-01 00:00:14.842,6,2,4,0,77155,923
2022-01-01 00:00:14.843,4,0,51,4,749777,923
2022-01-01 00:00:14.844,4,0,60,10,838044,923
2022-01-01 00:00:14.845,4,0,48,7,638577,923
2022-01-01 00:00:14.846,5,2,53,5,1144444,923
2022-01-01 00:00:14.847,4,0,57,7,761155,923
2022-01-01 00:00:14.848,4,1,44,11,683911,923
2022-01-01 00:00:14.849,4,1,39,7,688444,923
2022-01-01 00:00:14.850,4,0,59,10,943555,923
2022-01-01 00:00:14.851,4,0,58,8,913955,923
2022-01-01 00:00:14.852,3,0,71,8,1167555,923
2022-01-01 00:00:14.853,5,0,30,3,377422,923
2022-01-01 00:00:14.854,5,3,1,0,13752,923
2022-01-01 00:00:14.855,6,4,1,0,7022,923
2022-01-01 00:00:14.856,5,2,7,0,172355,923
2022-01-01 00:00:14.857,4,1,38,2,815111,923
2022-01-01 00:00:14.858,4,1,42,5,807111,923
2022-01-01 00:00:14.859,4,1,37,1,780355,923
2022-01-01 00:00:14.860,4,1,42,4,682933,923
2022-01-01 00:00:14.861,4,1,38,7,638044,923
2022-01-01 00:00:14.862,5,1,45,4,775555,923
2022-01-01 00:00:14.863,4,1,37,2,676977,923
2022-01-01 00:00:14.864,4,1,43,2,712088,923
2022-01-01 00:00:14.865,5,1,38,5,841244,923
2022-01-01 00:00:14.866,5,1,30,3,564584,923
2022-01-01 00:00:14.867,5,0,39,5,658197,923
2022-01-01 00:00:14.868,4,1,39,3,672088,923
2022-01-01 00:00:14.869,4,0,30,2,483555,923
2022-01-01 00:00:14.870,5,2,2,0,15555,923
2022-01-01 00:00:14.871,6,4,1,0,7101,923
2022-01-01 00:00:14.872,5,4,10,1,331076,923
2022-01-01 00:00:14.873,5,0,6,0,77866,923
2022-01-01 00:00:14.874,6,3,2,0,14933,923
2022-01-01 00:00:14.875,5,4,38,8,1638222,923
2022-01-01 00:00:14.876,4,0,60,15,878400,923
2022-01-01 00:00:14.877,3,0,72,5,995911,923
2022-01-01 00:00:14.878,4,0,67,8,914222,923
2022-01-01 00:00:14.879,4,0,68,9,934755,923
2022-01-01 00:00:14.880,4,0,67,9,923644,923
2022-01-01 00:00:14.881,4,0,64,11,890666,923
2022-01-01 00:00:14.882,4,0,72,5,991288,923
2022-01-01 00:00:14.883,3,0,67,8,902577,923
2022-01-01 00:00:14.884,4,0,40,5,538044,923
2022-01-01 00:00:14.885,5,2,2,0,25066,923
2022-01-01 00:00:14.886,5,0,1,0,7200,923
2022-01-01 00:00:14.887,5,0,14,1,335111,923
2022-01-01 00:00:14.888,5,0,53,4,1124215,923
2022-01-01 00:00:14.889,4,0,69,9,1051218,923
2022-01-01 00:00:14.890,3,0,67,10,1158488,923
2022-01-01 00:00:14.891,4,10,72,5,1041511,923
2022-01-01 00:00:14.892,3,9,66,12,1049777,923
2022-01-01 00:00:14.893,4,9,76,6,999555,923
2022-01-01 00:00:14.894,4,10,66,10,865777,923
2022-01-01 00:00:14.895,3,10,68,7,905244,923
2022-01-01 00:00:14.896,4,8,68,10,882666,923
2022-01-01 00:00:14.897,4,9,74,6,976355,923
2022-01-01 00:00:14.898,4,10,68,9,890044,923
2022-01-01 00:00:14.899,4,9,44,9,575377,923
2022-01-01 00:00:14.900,5,10,2,0,15384,923
2022-01-01 00:00:14.901,5,2,1,0,7200,923
2022-01-01 00:00:14.902,5,2,15,0,339685,923
2022-01-01 00:00:14.903,5,2,5,0,87296,923
2022-01-01 00:00:14.904,4,2,47,4,1339111,923
2022-01-01 00:00:14.905,5,2,34,4,1018488,923
2022-01-01 00:00:14.906,4,1,34,3,688177,923
2022-01-01 00:00:14.907,5,1,42,8,835022,923
2022-01-01 00:00:14.908,4,1,36,8,524622,923
2022-01-01 00:00:14.909,4,0,67,8,874222,923
2022-01-01 00:00:14.910,4,0,40,3,567911,923
2022-01-01 00:00:14.911,5,1,42,7,841244,923
2022-01-01 00:00:14.912,4,0,32,5,575377,923
2022-01-01 00:00:14.913,4,0,48,6,698133,923
2022-01-01 00:00:14.914,4,1,32,7,703644,923
2022-01-01 00:00:14.915,4,1,42,4,684888,923
2022-01-01 00:00:14.916,4,0,43,5,569866,923
2022-01-01 00:00:14.917,4,0,44,6,593066,923
2022-01-01 00:00:14.918,5,1,40,5,786844,923
2022-01-01 00:00:14.919,4,1,39,6,720977,923
2022-01-01 00:00:14.920,4,1,54,7,1038844,923
2022-01-01 00:00:14.921,4,0,58,8,843822,923
2022-01-01 00:00:14.922,4,0,39,6,615377,923
2022-01-01 00:00:14.923,4,1,31,7,547822,923
2022-01-01 00:00:14.924,4,1,36,1,616711,923
2022-01-01 00:00:14.925,5,0,19,2,278844,923
2022-01-01 00:00:14.926,6,4,1,0,7022,923
2022-01-01 00:00:14.927,6,4,7,0,321688,923
2022-01-01 00:00:14.928,5,2,28,4,779377,923
2022-01-01 00:00:14.929,4,0,59,6,1161066,923
2022-01-01 00:00:14.930,5,0,44,2,777955,923
2022-01-01 00:00:14.931,4,1,34,3,665866,923
2022-01-01 00:00:14.932,5,2,32,6,765866,923
2022-01-01 00:00:14.933,5,2,31,5,740888,923
2022-01-01 00:00:14.934,5,2,27,11,654488,923
2022-01-01 00:00:14.935,5,2,29,7,714044,923
2022-01-01 00:00:14.936,5,0,32,3,503111,923
2022-01-01 00:00:14.937,5,1,30,3,708800,923
2022-01-01 00:00:14.938,5,1,7,4,143200,923
2022-01-01 00:00:14.939,6,2,1,0,8622,923
2022-01-01 00:00:14.940,5,2,1,0,7200,923
2022-01-01 00:00:14.941,5,0,21,0,338222,923
2022-01-01 00:00:14.942,4,0,59,3,992977,923
2022-01-01 00:00:14.943,5,1,46,3,1012444,923
2022-01-01 00:00:14.944,4,0,31,3,627111,923
2022-01-01 00:00:14.945,5,1,41,3,851288,923
2022-01-01 00:00:14.946,5,1,29,8,656088,923
2022-01-01 00:00:14.947,4,0,27,4,450400,923
2022-01-01 00:00:14.948,4,0,45,5,692000,923
2022-01-01 00:00:14.949,4,0,38,3,584355,923
2022-01-01 00:00:14.950,5,0,20,2,301511,923
2022-01-01 00:00:14.951,5,2,1,0,7200,923
2022-01-01 00:00:14.952,5,4,8,0,336355,923
2022-01-01 00:00:14.953,4,0,45,5,830666,923
2022-01-01 00:00:14.954,4,0,37,9,609155,923
2022-01-01 00:00:14.955,4,0,35,6,507288,923
2022-01-01 00:00:14.956,4,0,44,6,543911,923
2022-01-01 00:00:14.957,4,0,30,8,432888,923
2022-01-01 00:00:14.958,4,0,34,7,623822,923
2022-01-01 00:00:14.959,4,1,37,4,674933,923
2022-01-01 00:00:14.960,4,0,34,4,552355,923
2022-01-01 00:00:14.961,4,0,44,4,583822,923
2022-01-01 00:00:14.962,5,0,6,1,81422,923
2022-01-01 00:00:14.963,6,4,1,0,7022,923
2022-01-01 00:00:14.964,5,2,14,0,335111,923
2022-01-01 00:00:14.965,6,2,5,0,85066,923
2022-01-01 00:00:14.966,6,3,1,0,5600,923
2022-01-01 00:00:14.967,4,1,62,6,1605866,923
2022-01-01 00:00:14.968,5,1,54,3,915733,923
2022-01-01 00:00:14.969,4,3,56,6,1543466,923
2022-01-01 00:00:14.970,6,4,1,0,19288,923
2022-01-01 00:00:14.971,6,0,1,0,7022,923
2022-01-01 00:00:14.972,5,1,16,0,335644,923
2022-01-01 00:00:14.973,6,2,4,0,75733,923
2022-01-01 00:00:14.974,6,3,1,0,5600,923
2022-01-01 00:00:14.975,6,4,3,0,120800,923
2022-01-01 00:00:14.976,4,3,45,9,1662400,923
2022-01-01 00:00:14.977,5,0,38,8,579200,923
2022-01-01 00:00:14.978,5,0,21,1,277066,923
2022-01-01 00:00:14.979,6,0,1,0,17866,923
2022-01-01 00:00:14.980,6,2,1,0,7200,923
2022-01-01 00:00:14.981,5,1,24,0,499911,923
2022-01-01 00:00:14.982,4,1,53,1,1340977,923
2022-01-01 00:00:14.983,4,0,40,3,664177,923
2022-01-01 00:00:14.984,5,2,35,4,1000622,923
2022-01-01 00:00:14.985,4,1,29,5,714933,923
2022-01-01 00:00:14.986,9,5,42,13,1473333,923
2022-01-01 00:00:14.987,4,14,6,3,661066,923
2022-01-01 00:00:14.988,5,0,1,0,6311,923
2022-01-01 00:00:14.989,5,1,21,0,414933,923
2022-01-01 00:00:14.990,6,2,1,0,5777,923
2022-01-01 00:00:14.991,5,2,34,2,825142,923
2022-01-01 00:00:14.992,6,1,44,6,940800,923
2022-01-01 00:00:14.993,5,3,43,14,1330400,923
2022-01-01 00:00:14.994,6,2,6,0,130666,923
2022-01-01 00:00:14.995,5,0,2,0,17955,923
2022-01-01 00:00:14.996,5,0,1,0,6311,923
2022-01-01 00:00:14.997,5,0,35,3,626247,923
2022-01-01 00:00:14.998,4,0,56,3,748622,923
2022-01-01 00:00:14.999,5,0,44,7,686222,923
2022-01-01 00:00:15.000,4,0,26,8,424177,923
2022-01-01 00:00:15.001,4,0,34,4,473422,923
2022-01-01 00:00:15.002,4,0,39,8,525422,923
2022-01-01 00:00:15.003,4,0,31,9,410933,923
2022-01-01 00:00:15.004,4,0,41,6,541688,923
2022-01-01 00:00:15.005,4,0,63,3,841511,923
2022-01-01 00:00:15.006,4,0,35,8,487911,923
2022-01-01 00:00:15.007,4,0,41,4,532888,923
2022-01-01 00:00:15.008,4,0,40,4,540622,923
2022-01-01 00:00:15.009,4,0,40,12,392711,923
2022-01-01 00:00:15.010,5,0,18,3,154666,923
2022-01-01 00:00:15.011,5,0,2,0,19022,923
2022-01-01 00:00:15.012,6,2,1,0,7200,923
2022-01-01 00:00:15.013,5,0,22,0,338311,923
2022-01-01 00:00:15.014,5,0,5,0,73333,923
2022-01-01 00:00:15.015,6,1,1,0,5777,923
2022-01-01 00:00:15.016,9,5,49,13,1851111,923
2022-01-01 00:00:15.017,4,3,29,13,1252000,923
2022-01-01 00:00:15.018,4,0,26,4,336711,923
2022-01-01 00:00:15.019,6,2,1,0,5777,923
2022-01-01 00:00:15.020,6,1,1,0,8266,923
2022-01-01 00:00:15.021,6,1,1,0,8266,923
2022-01-01 00:00:15.022,5,0,1,0,6311,923
2022-01-01 00:00:15.023,5,0,23,0,338755,923
2022-01-01 00:00:15.024,4,0,8,0,87822,923
2022-01-01 00:00:15.025,6,0,1,0,6311,923
2022-01-01 00:00:15.026,7,6,56,21,2329244,923
2022-01-01 00:00:15.027,5,2,9,2,448800,923
2022-01-01 00:00:15.028,5,0,29,8,476622,923
2022-01-01 00:00:15.029,5,0,14,1,155466,923
2022-01-01 00:00:15.030,6,2,1,0,8622,923
2022-01-01 00:00:15.031,6,2,1,0,7200,923
2022-01-01 00:00:15.032,5,1,15,0,145955,923
2022-01-01 00:00:15.033,5,0,20,1,272533,923
2022-01-01 00:00:15.034,6,1,1,0,5777,923
2022-01-01 00:00:15.035,4,1,38,6,823288,923
2022-01-01 00:00:15.036,4,0,60,10,784711,923
2022-01-01 00:00:15.037,4,0,58,6,757155,923
2022-01-01 00:00:15.038,4,0,67,11,780711,923
2022-01-01 00:00:15.039,4,0,67,3,891111,923
2022-01-01 00:00:15.040,4,0,42,1,573688,923
2022-01-01 00:00:15.041,4,0,42,6,542222,923
2022-01-01 00:00:15.042,4,0,42,5,595733,923
2022-01-01 00:00:15.043,4,0,49,5,706400,923
2022-01-01 00:00:15.044,5,0,51,4,630933,923
2022-01-01 00:00:15.045,4,0,45,6,598666,923
2022-01-01 00:00:15.046,5,0,55,3,714311,923
2022-01-01 00:00:15.047,4,0,44,8,594133,923
2022-01-01 00:00:15.048,6,2,2,0,29688,923
2022-01-01 00:00:15.049,6,2,1,0,8622,923
2022-01-01 00:00:15.050,5,0,1,0,6311,923
2022-01-01 00:00:15.051,5,0,4,0,51555,923
2022-01-01 00:00:15.052,4,0,29,4,384088,923
2022-01-01 00:00:15.053,6,2,3,0,56444,923
2022-01-01 00:00:15.054,5,1,5,0,83466,923
2022-01-01 00:00:15.055,9,9,4,0,209066,923
2022-01-01 00:00:15.056,8,7,62,0,3894755,923
2022-01-01 00:00:15.057,8,5,37,0,1957955,923
2022-01-01 00:00:15.058,9,6,1,0,6666,923
2022-01-01 00:00:15.059,9,10,5,0,399733,923
2022-01-01 00:00:15.060,8,11,41,0,3981600,923
2022-01-01 00:00:15.061,7,8,90,0,6866133,923
2022-01-01 00:00:15.062,7,6,49,1,3092888,923
2022-01-01 00:00:15.063,8,0,1,0,6666,923
2022-01-01 00:00:15.064,9,11,5,0,329054,923
2022-01-01 00:00:15.065,8,11,36,0,2473707,923
2022-01-01 00:00:15.066,7,9,69,0,5832088,923
2022-01-01 00:00:15.067,8,10,50,1,4318222,923
2022-01-01 00:00:15.068,8,9,4,0,117362,923
2022-01-01 00:00:15.069,9,7,1,0,8000,923
2022-01-01 00:00:15.070,8,5,2,0,6044,923
2022-01-01 00:00:15.071,9,7,1,0,7911,923
2022-01-01 00:00:15.072,9,6,1,0,6666,923
2022-01-01 00:00:15.073,8,11,6,0,411146,923
2022-01-01 00:00:15.074,7,9,58,3,4817066,923
2022-01-01 00:00:15.075,7,6,90,0,5231466,923
2022-01-01 00:00:15.076,7,6,52,1,2789155,923
2022-01-01 00:00:15.077,7,8,35,1,2260835,923
2022-01-01 00:00:15.078,8,9,12,0,821752,923
2022-01-01 00:00:15.079,9,5,1,0,8622,923
2022-01-01 00:00:15.080,8,6,1,0,6666,923
2022-01-01 00:00:15.081,8,9,5,0,415370,923
2022-01-01 00:00:15.082,8,3,1,0,5600,923
2022-01-01 00:00:15.083,9,11,1,0,110133,923
2022-01-01 00:00:15.084,7,10,65,1,5662311,923
2022-01-01 00:00:15.085,7,5,62,0,3146901,923
2022-01-01 00:00:15.086,7,9,33,1,2009348,923
2022-01-01 00:00:15.087,8,6,7,0,279200,923
2022-01-01 00:00:15.088,8,6,1,0,6593,923
2022-01-01 00:00:15.089,9,10,6,0,402844,923
2022-01-01 00:00:15.090,8,11,1,0,5662,923
2022-01-01 00:00:15.091,8,12,13,0,1416000,923
2022-01-01 00:00:15.092,7,10,46,1,4294222,923
2022-01-01 00:00:15.093,8,4,1,0,19288,923
2022-01-01 00:00:15.094,9,6,1,0,6666,923
2022-01-01 00:00:15.095,8,6,1,0,7911,923
2022-01-01 00:00:15.096,8,8,7,0,413752,923
2022-01-01 00:00:15.097,8,11,4,0,369406,923
2022-01-01 00:00:15.098,9,8,1,0,13955,923
2022-01-01 00:00:15.099,8,5,1,0,5600,923
2022-01-01 00:00:15.100,8,4,1,0,6869,923
2022-01-01 00:00:15.101,8,7,1,0,7911,923
2022-01-01 00:00:15.102,9,11,4,0,399288,923
2022-01-01 00:00:15.103,7,5,2,0,11325,923
2022-01-01 00:00:15.104,9,11,3,0,204260,923
2022-01-01 00:00:15.105,9,11,24,1,2267911,923
2022-01-01 00:00:15.106,7,9,38,2,2753078,923
2022-01-01 00:00:15.107,8,6,1,0,20711,923
2022-01-01 00:00:15.108,8,6,2,0,14741,923
2022-01-01 00:00:15.109,8,11,5,0,334666,923
2022-01-01 00:00:15.110,8,6,2,0,80177,923
2022-01-01 00:00:15.111,9,3,1,0,5600,923
2022-01-01 00:00:15.112,8,11,21,1,2036355,923
2022-01-01 00:00:15.113,7,9,49,1,3611056,923
2022-01-01 00:00:15.114,8,8,3,0,137582,923
2022-01-01 00:00:15.115,9,6,1,0,6666,923
2022-01-01 00:00:15.116,8,7,7,0,409155,923
2022-01-01 00:00:15.117,8,11,1,0,5662,923
2022-01-01 00:00:15.118,8,7,1,1,7911,923
2022-01-01 00:00:15.119,8,11,30,1,3065670,923
2022-01-01 00:00:15.120,8,10,65,2,4824088,923
2022-01-01 00:00:15.121,9,8,2,0,39288,923
2022-01-01 00:00:15.122,9,9,1,0,15733,923
2022-01-01 00:00:15.123,8,6,1,0,6666,923
2022-01-01 00:00:15.124,8,11,4,0,399288,923
2022-01-01 00:00:15.125,8,7,4,0,27733,923
2022-01-01 00:00:15.126,8,11,10,0,1073438,923
2022-01-01 00:00:15.127,8,11,32,1,2944175,923
2022-01-01 00:00:15.128,8,6,1,0,20711,923
2022-01-01 00:00:15.129,8,6,1,0,6741,923
2022-01-01 00:00:15.130,8,10,5,0,331644,923
2022-01-01 00:00:15.131,9,9,2,0,79111,923
2022-01-01 00:00:15.132,9,11,1,0,5600,923
2022-01-01 00:00:15.133,8,7,1,0,7824,923
2022-01-01 00:00:15.134,8,11,35,2,3594157,923
2022-01-01 00:00:15.135,6,6,81,1,4461422,923
2022-01-01 00:00:15.136,7,5,47,2,2015377,923
2022-01-01 00:00:15.137,7,8,64,5,3959644,923
2022-01-01 00:00:15.138,7,6,28,0,1388977,923
2022-01-01 00:00:15.139,8,11,61,1,5943022,923
2022-01-01 00:00:15.140,7,7,88,2,6303466,923
2022-01-01 00:00:15.141,6,6,88,2,5140622,923
2022-01-01 00:00:15.142,8,7,9,1,474400,923
2022-01-01 00:00:15.143,9,11,1,0,5600,923
2022-01-01 00:00:15.144,8,7,1,0,7911,923
2022-01-01 00:00:15.145,9,12,1,0,6488,923
2022-01-01 00:00:15.146,8,11,5,0,410933,923
2022-01-01 00:00:15.147,9,11,1,0,5600,923
2022-01-01 00:00:15.148,9,7,1,0,7911,923
2022-01-01 00:00:15.149,7,11,48,0,4583022,923
2022-01-01 00:00:15.150,8,10,26,2,2282311,923
2022-01-01 00:00:15.151,9,11,1,0,5600,923
2022-01-01 00:00:15.152,9,7,1,0,7911,923
2022-01-01 00:00:15.153,8,7,1,0,7911,923
2022-01-01 00:00:15.154,8,6,2,0,14577,923
2022-01-01 00:00:15.155,9,9,7,0,413955,923
2022-01-01 00:00:15.156,9,11,1,0,5600,923
2022-01-01 00:00:15.157,8,13,17,0,2032977,923
2022-01-01 00:00:15.158,8,11,22,1,1976888,923
2022-01-01 00:00:15.159,9,7,1,0,7911,923
2022-01-01 00:00:15.160,9,12,1,0,6488,923
2022-01-01 00:00:15.161,8,11,4,0,401670,923
2022-01-01 00:00:15.162,9,11,2,0,11200,923
2022-01-01 00:00:15.163,9,17,13,0,2034400,923
2022-01-01 00:00:15.164,8,12,20,0,1976266,923
2022-01-01 00:00:15.165,9,7,1,0,7911,923
2022-01-01 00:00:15.166,9,7,1,0,7911,923
2022-01-01 00:00:15.167,9,14,1,0,8266,923
2022-01-01 00:00:15.168,8,6,1,0,6666,923
2022-01-01 00:00:15.169,8,10,5,0,409688,923
2022-01-01 00:00:15.170,8,8,7,0,247555,923
2022-01-01 00:00:15.171,8,11,10,0,716088,923
2022-01-01 00:00:15.172,8,13,11,0,744808,923
2022-01-01 00:00:15.173,8,13,6,0,693802,923
2022-01-01 00:00:15.174,9,14,16,1,2237244,923
2022-01-01 00:00:15.175,7,11,68,2,6182311,923
2022-01-01 00:00:15.176,8,11,24,0,2041155,923
2022-01-01 00:00:15.177,9,6,1,0,6666,923
2022-01-01 00:00:15.178,8,11,5,0,489066,923
2022-01-01 00:00:15.179,8,6,3,0,124711,923
2022-01-01 00:00:15.180,9,17,6,1,629955,923
2022-01-01 00:00:15.181,8,10,3,1,89511,923
2022-01-01 00:00:15.182,9,12,3,0,112629,923
2022-01-01 00:00:15.183,9,14,10,0,1408359,923
2022-01-01 00:00:15.184,7,11,66,2,7044835,923
2022-01-01 00:00:15.185,7,10,51,2,3589600,923
2022-01-01 00:00:15.186,8,11,52,2,4143111,923
2022-01-01 00:00:15.187,8,11,63,2,6023022,923
2022-01-01 00:00:15.188,8,11,67,2,5879640,923
2022-01-01 00:00:15.189,7,10,52,0,4122549,923
2022-01-01 00:00:15.190,7,11,83,1,7743911,923
2022-01-01 00:00:15.191,8,11,30,1,2395733,923
2022-01-01 00:00:15.192,8,11,50,4,3708266,923
2022-01-01 00:00:15.193,8,11,49,0,4445033,923
2022-01-01 00:00:15.194,8,10,53,0,4153582,923
2022-01-01 00:00:15.195,7,12,46,2,4246044,923
2022-01-01 00:00:15.196,7,11,55,2,4201155,923
2022-01-01 00:00:15.197,7,11,47,2,3976088,923
2022-01-01 00:00:15.198,7,11,42,0,3802488,923
2022-01-01 00:00:15.199,7,11,47,0,4522157,923
2022-01-01 00:00:15.200,7,10,56,1,3812219,923
2022-01-01 00:00:15.201,7,11,49,1,3938577,923
2022-01-01 00:00:15.202,7,11,62,2,4973866,923
2022-01-01 00:00:15.203,8,7,8,0,643200,923
2022-01-01 00:00:15.204,9,12,1,0,6488,923
2022-01-01 00:00:15.205,8,11,6,0,417797,923
2022-01-01 00:00:15.206,8,9,7,0,295217,923
2022-01-01 00:00:15.207,8,6,1,0,6666,923
2022-01-01 00:00:15.208,9,13,4,0,412533,923
2022-01-01 00:00:15.209,7,9,5,0,248888,923
2022-01-01 00:00:15.210,8,12,9,0,823111,923
2022-01-01 00:00:15.211,8,12,10,0,617528,923
2022-01-01 00:00:15.212,8,13,8,0,813978,923
2022-01-01 00:00:15.213,8,14,40,2,5311191,923
2022-01-01 00:00:15.214,8,7,10,0,382153,923
2022-01-01 00:00:15.215,8,6,1,0,6741,923
2022-01-01 00:00:15.216,8,13,4,0,404659,923
2022-01-01 00:00:15.217,8,10,9,0,340533,923
2022-01-01 00:00:15.218,8,18,1,0,8622,1026
2022-01-01 00:00:15.219,9,20,1,0,6561,1026
2022-01-01 00:00:15.220,8,18,8,0,675733,1026
2022-01-01 00:00:15.221,9,17,1,0,6488,1026
2022-01-01 00:00:15.222,9,18,5,0,630222,1026
2022-01-01 00:00:15.223,8,17,4,1,231370,1026
2022-01-01 00:00:15.224,9,16,9,0,1275956,1026
2022-01-01 00:00:15.225,8,16,34,2,5685955,1026
2022-01-01 00:00:15.226,9,14,1,0,17348,1026
2022-01-01 00:00:15.227,8,16,1,0,6488,1026
2022-01-01 00:00:15.228,9,15,3,1,410755,1026
2022-01-01 00:00:15.229,8,16,18,3,2122133,1026
2022-01-01 00:00:15.230,8,18,18,1,2710755,1026
2022-01-01 00:00:15.231,9,16,1,0,8266,1026
2022-01-01 00:00:15.232,9,18,1,0,6488,1026
2022-01-01 00:00:15.233,9,19,7,1,616533,1026
2022-01-01 00:00:15.234,10,16,20,1,3137333,1026
2022-01-01 00:00:15.235,8,18,11,2,1624977,1026
2022-01-01 00:00:15.236,9,18,1,0,8266,1026
2022-01-01 00:00:15.237,7,11,1,0,34577,1122
2022-01-01 00:00:15.238,8,10,6,0,421511,1122
2022-01-01 00:00:15.239,7,8,7,0,276000,1122
2022-01-01 00:00:15.240,7,8,10,0,645688,1122
2022-01-01 00:00:15.241,7,8,6,0,228444,1122
2022-01-01 00:00:15.242,7,10,17,0,1294844,1122
2022-01-01 00:00:15.243,7,10,25,1,2239911,1122
2022-01-01 00:00:15.244,7,10,28,2,2603022,1122
2022-01-01 00:00:15.245,7,9,10,1,795822,1122
2022-01-01 00:00:15.246,7,5,1,0,6666,1122
2022-01-01 00:00:15.247,7,8,14,0,741626,1122
2022-01-01 00:00:15.248,7,4,1,0,7022,1122
2022-01-01 00:00:15.249,7,8,12,0,664449,1122
2022-01-01 00:00:15.250,7,10,8,0,641777,1122
2022-01-01 00:00:15.251,8,9,8,0,345955,1122
2022-01-01 00:00:15.252,7,9,14,2,1005333,1122
2022-01-01 00:00:15.253,7,6,4,0,294844,1122
2022-01-01 00:00:15.254,7,9,28,0,2239824,1122
2022-01-01 00:00:15.255,7,10,36,2,3417707,1122
2022-01-01 00:00:15.256,7,5,1,0,5600,1122
2022-01-01 00:00:15.257,7,4,1,0,7101,1122
2022-01-01 00:00:15.258,7,10,5,0,404956,1122
2022-01-01 00:00:15.259,7,8,1,0,22945,1122
2022-01-01 00:00:15.260,7,6,1,0,6666,1122
2022-01-01 00:00:15.261,7,11,1,0,83111,1122
2022-01-01 00:00:15.262,7,10,4,1,226197,1122
2022-01-01 00:00:15.263,6,4,1,0,6945,1122
2022-01-01 00:00:15.264,6,6,8,0,411022,1122
2022-01-01 00:00:15.265,6,6,5,0,239733,1122
2022-01-01 00:00:15.266,6,6,2,0,12404,1122
2022-01-01 00:00:15.267,6,6,17,2,863208,1122
2022-01-01 00:00:15.268,6,8,19,3,1318311,1122
2022-01-01 00:00:15.269,7,9,12,2,953422,1122
2022-01-01 00:00:15.270,6,8,26,3,2121244,1122
2022-01-01 00:00:15.271,6,7,19,2,1277932,1122
2022-01-01 00:00:15.272,6,8,21,0,1759377,1122
2022-01-01 00:00:15.273,6,8,26,2,2007208,1122
2022-01-01 00:00:15.274,6,7,25,1,1656622,1122
2022-01-01 00:00:15.275,6,6,2,0,88355,1122
2022-01-01 00:00:15.276,7,12,1,0,6488,1125
2022-01-01 00:00:15.277,7,10,9,0,703208,1125
2022-01-01 00:00:15.278,7,11,1,0,11595,1125
2022-01-01 00:00:15.279,7,11,1,1,5600,1125
2022-01-01 00:00:15.280,7,11,34,4,3666311,1136
2022-01-01 00:00:15.281,6,11,20,0,1966400,1136
2022-01-01 00:00:15.282,6,6,1,0,6666,1136
2022-01-01 00:00:15.283,6,8,6,0,411377,1136
2022-01-01 00:00:15.284,6,7,8,1,333333,1136
2022-01-01 00:00:15.285,6,8,8,0,486577,1136
2022-01-01 00:00:15.286,6,9,5,0,178044,1136
2022-01-01 00:00:15.287,6,9,8,0,633244,1136
2022-01-01 00:00:15.288,6,7,3,0,85777,1136
2022-01-01 00:00:15.289,6,0,2,0,158933,1136
2022-01-01 00:00:15.290,6,8,1,0,8977,1136
2022-01-01 00:00:15.291,6,11,15,0,1301777,1136
2022-01-01 00:00:15.292,6,11,16,2,1461866,1136
2022-01-01 00:00:15.293,6,11,20,1,2113066,1136
2022-01-01 00:00:15.294,6,11,17,4,1752800,1136
2022-01-01 00:00:15.295,6,9,4,0,295644,1136
2022-01-01 00:00:15.296,6,5,1,1,11466,1136
2022-01-01 00:00:15.297,6,4,1,1,7022,1136
2022-01-01 00:00:15.298,6,11,5,0,410577,1136
2022-01-01 00:00:15.299,6,7,7,0,318666,1136
2022-01-01 00:00:15.300,6,8,1,0,8977,1136
2022-01-01 00:00:15.301,6,8,1,0,18577,1136
2022-01-01 00:00:15.302,6,6,1,0,24622,1136
2022-01-01 00:00:15.303,6,6,1,0,6666,1136
2022-01-01 00:00:15.304,6,11,7,0,619644,1136
2022-01-01 00:00:15.305,6,10,35,2,3319911,1136
2022-01-01 00:00:15.306,7,11,16,1,1646933,1136
2022-01-01 00:00:15.307,6,11,15,3,1511200,1136
2022-01-01 00:00:15.308,6,11,7,1,658577,1136
2022-01-01 00:00:15.309,6,8,1,0,13955,1136
2022-01-01 00:00:15.310,6,6,1,0,6666,1136
2022-01-01 00:00:15.311,6,10,8,0,691555,1136
2022-01-01 00:00:15.312,6,9,13,1,987644,1136
2022-01-01 00:00:15.313,6,10,31,1,2914933,1136
2022-01-01 00:00:15.314,7,11,23,1,2427644,1136
2022-01-01 00:00:15.315,7,11,16,2,1745066,1136
2022-01-01 00:00:15.316,6,11,20,1,1979555,1136
2022-01-01 00:00:15.317,7,11,15,3,1639200,1136
2022-01-01 00:00:15.318,6,10,6,1,467733,1136
2022-01-01 00:00:15.319,6,9,1,0,6666,1136
2022-01-01 00:00:15.320,7,11,3,1,330400,1136
2022-01-01 00:00:15.321,6,0,1,0,83111,1136
2022-01-01 00:00:15.322,7,11,2,0,74488,1136
2022-01-01 00:00:15.323,6,3,1,0,5600,1136
2022-01-01 00:00:15.324,6,10,25,1,2120800,1136
2022-01-01 00:00:15.325,6,11,38,3,3721422,1136
2022-01-01 00:00:15.326,6,10,20,1,1774222,1136
2022-01-01 00:00:15.327,6,9,3,0,141244,1136
2022-01-01 00:00:15.328,7,6,1,0,6666,1136
2022-01-01 00:00:15.329,6,10,5,1,409688,1136
2022-01-01 00:00:15.330,6,9,5,0,310666,1136
2022-01-01 00:00:15.331,6,5,1,0,11466,1136
2022-01-01 00:00:15.332,6,6,1,0,6666,1136
2022-01-01 00:00:15.333,7,11,6,0,431824,1136
2022-01-01 00:00:15.334,6,9,7,0,249078,1136
2022-01-01 00:00:15.335,6,10,8,0,637333,1136
2022-01-01 00:00:15.336,6,8,7,0,255911,1136
2022-01-01 00:00:15.337,6,11,13,2,1286844,1136
2022-01-01 00:00:15.338,6,10,21,0,2004177,1136
2022-01-01 00:00:15.339,6,11,22,2,2199644,1136
2022-01-01 00:00:15.340,6,11,16,3,1433600,1136
2022-01-01 00:00:15.341,7,0,1,0,5600,1136
2022-01-01 00:00:15.342,6,6,1,0,6666,1136
2022-01-01 00:00:15.343,6,9,6,0,411022,1136
2022-01-01 00:00:15.344,6,8,6,0,322311,1136
2022-01-01 00:00:15.345,6,6,1,0,17155,1136
2022-01-01 00:00:15.346,6,8,1,0,18577,1136
2022-01-01 00:00:15.347,7,6,1,0,6666,1136
2022-01-01 00:00:15.348,6,9,8,0,529422,1136
2022-01-01 00:00:15.349,6,9,1,0,15733,1136
2022-01-01 00:00:15.350,6,10,16,2,1388800,1136
2022-01-01 00:00:15.351,7,12,16,0,1745066,1136
2022-01-01 00:00:15.352,6,11,24,0,2529422,1136
2022-01-01 00:00:15.353,6,11,6,0,635200,1136
2022-01-01 00:00:15.354,6,9,1,0,15733,1136
2022-01-01 00:00:15.355,5,4,2,0,26488,1136
2022-01-01 00:00:15.356,5,6,1,0,10285,1136
2022-01-01 00:00:15.357,5,5,1,0,14666,1136
2022-01-01 00:00:15.358,8,12,1,0,6488,1210
2022-01-01 00:00:15.359,8,15,2,1,188000,1210
2022-01-01 00:00:15.360,9,13,8,1,480977,1210
2022-01-01 00:00:15.361,8,12,1,0,6488,1210
2022-01-01 00:00:15.362,9,15,6,1,696800,1210
2022-01-01 00:00:15.363,9,12,6,0,207022,1210
2022-01-01 00:00:15.364,9,17,8,0,1285777,1210
2022-01-01 00:00:15.365,8,18,34,2,5610133,1210
2022-01-01 00:00:15.366,8,9,1,0,15733,1210
2022-01-01 00:00:15.367,8,12,1,0,6488,1210
2022-01-01 00:00:15.368,9,14,7,1,500177,1210
2022-01-01 00:00:15.369,8,12,3,0,194666,1210
2022-01-01 00:00:15.370,9,15,6,1,696800,1210
2022-01-01 00:00:15.371,8,12,5,0,194488,1210
2022-01-01 00:00:15.372,9,17,8,0,1286222,1210
2022-01-01 00:00:15.373,9,16,37,2,5649688,1210
2022-01-01 00:00:15.374,8,12,1,0,6488,1210
2022-01-01 00:00:15.375,8,12,9,1,645244,1210
2022-01-01 00:00:15.376,8,16,22,0,3243288,1210
2022-01-01 00:00:15.377,7,17,11,2,1478133,1210
2022-01-01 00:00:15.378,9,12,1,0,6488,1210
2022-01-01 00:00:15.379,8,12,6,1,490400,1210
2022-01-01 00:00:15.380,8,17,8,0,843733,1210
2022-01-01 00:00:15.381,7,13,61,8,7761955,1210
2022-01-01 00:00:15.382,7,11,82,7,6906133,1210
2022-01-01 00:00:15.383,6,10,78,11,6239822,1210
2022-01-01 00:00:15.384,8,8,15,1,1010933,1210
2022-01-01 00:00:15.385,8,13,1,0,22488,1210
2022-01-01 00:00:15.386,9,12,1,0,6488,1210
2022-01-01 00:00:15.387,8,14,5,1,641866,1210
2022-01-01 00:00:15.388,8,12,7,1,396622,1210
2022-01-01 00:00:15.389,8,12,1,0,6417,1210
2022-01-01 00:00:15.390,8,11,6,0,647911,1210
2022-01-01 00:00:15.391,9,0,1,0,6311,1210
2022-01-01 00:00:15.392,8,14,7,1,714133,1210
2022-01-01 00:00:15.393,8,10,5,2,164533,1210
2022-01-01 00:00:15.394,7,14,10,0,1288711,1210
2022-01-01 00:00:15.395,8,16,10,1,1726133,1210
2022-01-01 00:00:15.396,6,12,36,6,3915911,1210
2022-01-01 00:00:15.397,9,12,1,1,6488,1210
2022-01-01 00:00:15.398,8,12,7,0,500000,1210
2022-01-01 00:00:15.399,8,12,3,3,158488,1210
2022-01-01 00:00:15.400,7,15,35,7,4663912,1210
2022-01-01 00:00:15.401,8,11,1,0,11727,1210
2022-01-01 00:00:15.402,7,12,1,0,6488,1210
2022-01-01 00:00:15.403,7,10,3,0,73688,1210
2022-01-01 00:00:15.404,7,13,8,0,723466,1210
2022-01-01 00:00:15.405,7,9,1,0,20483,1210
2022-01-01 00:00:15.406,8,6,1,0,6666,1210
2022-01-01 00:00:15.407,8,14,8,0,660711,1210
2022-01-01 00:00:15.408,7,11,13,0,870400,1210
2022-01-01 00:00:15.409,9,16,11,0,1294577,1210
2022-01-01 00:00:15.410,9,17,32,3,5428000,1210
2022-01-01 00:00:15.411,8,6,3,0,203733,1210
2022-01-01 00:00:15.412,8,0,1,0,6488,1210
2022-01-01 00:00:15.413,8,12,7,0,640533,1210
2022-01-01 00:00:15.414,8,9,7,0,251733,1210
2022-01-01 00:00:15.415,8,13,12,0,883200,1210
2022-01-01 00:00:15.416,8,11,3,0,123822,1210
2022-01-01 00:00:15.417,8,15,1,0,5600,1210
2022-01-01 00:00:15.418,8,12,7,1,503022,1210
2022-01-01 00:00:15.419,8,14,51,7,7030311,1210
2022-01-01 00:00:15.420,7,13,42,4,5584533,1210
2022-01-01 00:00:15.421,8,13,51,0,5649866,1210
2022-01-01 00:00:15.422,9,17,31,7,5603200,1210
2022-01-01 00:00:15.423,7,13,42,1,5048000,1210
2022-01-01 00:00:15.424,8,15,42,4,5716043,1210
2022-01-01 00:00:15.425,7,15,38,2,5710133,1210
2022-01-01 00:00:15.426,8,11,4,0,159111,1210
2022-01-01 00:00:15.427,8,0,1,0,6488,1210
2022-01-01 00:00:15.428,8,14,5,1,411822,1210
2022-01-01 00:00:15.429,8,9,5,0,242755,1210
2022-01-01 00:00:15.430,8,13,4,0,614400,1210
2022-01-01 00:00:15.431,8,12,6,0,247644,1210
2022-01-01 00:00:15.432,8,15,10,0,1300533,1210
2022-01-01 00:00:15.433,9,18,30,3,4856355,1210
2022-01-01 00:00:15.434,7,9,5,0,750311,1210
2022-01-01 00:00:15.435,8,12,1,0,6488,1210
2022-01-01 00:00:15.436,8,13,10,3,743644,1210
2022-01-01 00:00:15.437,8,11,3,0,22666,1210
2022-01-01 00:00:15.438,8,12,1,0,6488,1210
2022-01-01 00:00:15.439,8,14,6,0,530222,1210
2022-01-01 00:00:15.440,8,14,1,0,17155,1210
2022-01-01 00:00:15.441,9,11,1,1,5600,1210
2022-01-01 00:00:15.442,8,19,16,1,3321777,1210
2022-01-01 00:00:15.443,8,16,17,1,2880000,1210
2022-01-01 00:00:15.444,8,0,1,0,68888,1210
2022-01-01 00:00:15.445,8,14,1,1,17155,1210
2022-01-01 00:00:15.446,9,0,1,0,6488,1210
2022-01-01 00:00:15.447,9,16,5,0,531555,1210
2022-01-01 00:00:15.448,8,14,1,0,17155,1210
2022-01-01 00:00:15.449,9,17,21,3,3329866,1210
2022-01-01 00:00:15.450,8,17,6,0,1081600,1210
2022-01-01 00:00:15.451,9,0,3,0,399377,1210
2022-01-01 00:00:15.452,8,14,2,0,15822,1210
2022-01-01 00:00:15.453,8,12,1,0,6488,1210
2022-01-01 00:00:15.454,8,16,4,0,527200,1210
2022-01-01 00:00:15.455,9,10,2,1,16000,1210
2022-01-01 00:00:15.456,9,17,23,0,3464888,1210
2022-01-01 00:00:15.457,8,14,16,0,2204533,1210
2022-01-01 00:00:15.458,8,13,2,0,39912,1210
2022-01-01 00:00:15.459,8,9,1,0,15910,1210
2022-01-01 00:00:15.460,8,0,1,0,7200,1210
2022-01-01 00:00:15.461,9,14,4,0,527200,1210
2022-01-01 00:00:15.462,9,14,1,0,17155,1210
2022-01-01 00:00:15.463,9,17,22,0,3324977,1210
2022-01-01 00:00:15.464,8,14,14,0,2067733,1210
2022-01-01 00:00:15.465,8,14,8,2,1040000,1210
2022-01-01 00:00:15.466,8,9,1,0,15733,1210
2022-01-01 00:00:15.467,8,12,1,0,6488,1210
2022-01-01 00:00:15.468,8,13,5,0,531200,1210
2022-01-01 00:00:15.469,8,14,1,0,17155,1210
2022-01-01 00:00:15.470,8,17,1,0,5600,1210
2022-01-01 00:00:15.471,8,17,19,1,3208977,1210
2022-01-01 00:00:15.472,8,17,16,0,2471733,1210
2022-01-01 00:00:15.473,9,11,2,0,17066,1210
2022-01-01 00:00:15.474,9,12,1,0,6488,1210
2022-01-01 00:00:15.475,8,15,4,0,527200,1210
2022-01-01 00:00:15.476,8,9,1,0,15733,1210
2022-01-01 00:00:15.477,8,14,18,1,2305866,1210
2022-01-01 00:00:15.478,8,13,10,1,1276622,1210
2022-01-01 00:00:15.479,8,17,8,0,1433600,1210
2022-01-01 00:00:15.480,8,14,1,0,17155,1210
2022-01-01 00:00:15.481,7,6,1,0,6666,1210
2022-01-01 00:00:15.482,8,17,9,1,422311,1210
2022-01-01 00:00:15.483,7,10,8,1,255111,1210
2022-01-01 00:00:15.484,7,12,8,0,717866,1210
2022-01-01 00:00:15.485,8,16,5,0,292533,1210
2022-01-01 00:00:15.486,8,0,7,0,1145333,1210
2022-01-01 00:00:15.487,8,15,21,2,1977688,1210
2022-01-01 00:00:15.488,6,13,35,4,3640355,1210
2022-01-01 00:00:15.489,8,8,1,0,28177,1210
2022-01-01 00:00:15.490,8,12,1,0,6488,1210
2022-01-01 00:00:15.491,8,12,13,4,760000,1210
2022-01-01 00:00:15.492,8,9,2,0,21333,1210
2022-01-01 00:00:15.493,8,6,1,0,6666,1210
2022-01-01 00:00:15.494,7,10,12,1,657155,1210
2022-01-01 00:00:15.495,7,6,1,0,6666,1210
2022-01-01 00:00:15.496,8,11,8,1,632533,1210
2022-01-01 00:00:15.497,8,9,7,0,234222,1210
2022-01-01 00:00:15.498,8,11,14,2,1281422,1210
2022-01-01 00:00:15.499,7,10,40,5,3734222,1210
2022-01-01 00:00:15.500,6,8,30,3,1889422,1210
2022-01-01 00:00:15.501,8,9,1,0,20711,1210
2022-01-01 00:00:15.502,8,12,1,0,6488,1210
2022-01-01 00:00:15.503,8,11,6,0,500800,1210
2022-01-01 00:00:15.504,8,11,5,0,252533,1210
2022-01-01 00:00:15.505,8,6,1,0,6666,1210
2022-01-01 00:00:15.506,8,10,5,0,328800,1210
2022-01-01 00:00:15.507,8,11,5,0,155822,1210
2022-01-01 00:00:15.508,8,13,29,0,3093155,1210
2022-01-01 00:00:15.509,8,13,42,3,5553066,1210
2022-01-01 00:00:15.510,7,11,40,1,4220800,1210
2022-01-01 00:00:15.511,8,11,58,2,6029155,1210
2022-01-01 00:00:15.512,9,16,26,1,3392977,1210
2022-01-01 00:00:15.513,8,0,1,0,12177,1210
2022-01-01 00:00:15.514,9,6,1,0,6666,1210
2022-01-01 00:00:15.515,9,11,1,0,5600,1210
2022-01-01 00:00:15.516,8,11,8,0,476977,1210
2022-01-01 00:00:15.517,8,13,13,0,1584629,1210
2022-01-01 00:00:15.518,8,13,32,1,3702417,1210
2022-01-01 00:00:15.519,8,11,4,0,339595,1210
2022-01-01 00:00:15.520,8,13,1,0,7472,1210
2022-01-01 00:00:15.521,8,14,5,0,406755,1210
2022-01-01 00:00:15.522,9,16,2,0,206471,1210
2022-01-01 00:00:15.523,8,14,1,0,16967,1210
2022-01-01 00:00:15.524,9,17,6,0,907235,1210
2022-01-01 00:00:15.525,9,17,6,0,1009333,1210
2022-01-01 00:00:15.526,8,0,5,0,759296,1210
2022-01-01 00:00:15.527,8,15,7,0,1123200,1210
2022-01-01 00:00:15.528,8,14,17,1,2465348,1210
2022-01-01 00:00:15.529,9,17,14,0,2435822,1210
2022-01-01 00:00:15.530,8,15,14,1,2340131,1210
2022-01-01 00:00:15.531,8,0,1,0,17348,1210
2022-01-01 00:00:15.532,8,7,1,0,6488,1210
2022-01-01 00:00:15.533,8,3,3,3,256888,1210
2022-01-01 00:00:15.534,8,12,6,0,398133,1210
2022-01-01 00:00:15.535,7,13,12,1,834755,1210
2022-01-01 00:00:15.536,8,11,15,0,1353866,1210
2022-01-01 00:00:15.537,7,12,3,0,330400,1210
2022-01-01 00:00:15.538,7,12,46,4,4393600,1210
2022-01-01 00:00:15.539,7,10,13,1,899111,1210
2022-01-01 00:00:15.540,8,11,1,0,6666,1210
2022-01-01 00:00:15.541,7,13,6,1,411022,1210
2022-01-01 00:00:15.542,7,13,8,0,334044,1210
2022-01-01 00:00:15.543,8,0,1,0,6666,1210
2022-01-01 00:00:15.544,7,0,5,0,417168,1210
2022-01-01 00:00:15.545,7,0,6,0,248355,1210
2022-01-01 00:00:15.546,7,0,9,2,695120,1210
2022-01-01 00:00:15.547,7,0,8,0,203865,1210
2022-01-01 00:00:15.548,7,15,12,1,1281777,1210
2022-01-01 00:00:15.549,8,0,10,0,1564314,1210
2022-01-01 00:00:15.550,7,0,33,4,4138311,1210
2022-01-01 00:00:15.551,8,0,1,0,20711,1210
2022-01-01 00:00:15.552,8,0,1,0,6741,1210
2022-01-01 00:00:15.553,8,0,9,0,493600,1210
2022-01-01 00:00:15.554,8,0,4,0,179868,1210
2022-01-01 00:00:15.555,8,0,8,0,718022,1210
2022-01-01 00:00:15.556,8,0,8,0,249066,1210
2022-01-01 00:00:15.557,8,0,14,0,1220622,1210
2022-01-01 00:00:15.558,8,0,45,3,5971692,1210
2022-01-01 00:00:15.559,7,0,38,3,3876444,1210
2022-01-01 00:00:15.560,7,0,11,1,710844,1210
2022-01-01 00:00:15.561,9,0,1,0,6488,1210
2022-01-01 00:00:15.562,8,0,11,0,724888,1210
2022-01-01 00:00:15.563,8,0,1,0,11595,1210
2022-01-01 00:00:15.564,9,6,1,0,6561,1210
2022-01-01 00:00:15.565,9,6,4,1,413688,1210
2022-01-01 00:00:15.566,7,6,7,2,252355,1210
2022-01-01 00:00:15.567,8,6,8,1,708355,1210
2022-01-01 00:00:15.568,8,6,6,1,144879,1210
2022-01-01 00:00:15.569,8,6,9,0,1282311,1210
2022-01-01 00:00:15.570,8,6,33,2,3689866,1210
2022-01-01 00:00:15.571,7,6,23,2,1957777,1210
2022-01-01 00:00:15.572,8,6,1,0,7022,1210
2022-01-01 00:00:15.573,7,6,10,1,522966,1210
2022-01-01 00:00:15.574,8,6,4,0,165098,1210
2022-01-01 00:00:15.575,8,6,10,1,632355,1210
2022-01-01 00:00:15.576,8,6,6,0,233600,1210
2022-01-01 00:00:15.577,8,6,12,2,1298488,1210
2022-01-01 00:00:15.578,7,6,55,4,5657438,1210
2022-01-01 00:00:15.579,8,6,3,1,118065,1210
2022-01-01 00:00:15.580,8,6,1,0,6666,1210
2022-01-01 00:00:15.581,8,6,10,2,728888,1210
2022-01-01 00:00:15.582,8,6,2,0,11200,1210
2022-01-01 00:00:15.583,8,6,1,0,6666,1210
2022-01-01 00:00:15.584,9,6,6,0,412266,1210
2022-01-01 00:00:15.585,7,6,7,0,252355,1210
2022-01-01 00:00:15.586,8,6,9,0,723555,1210
2022-01-01 00:00:15.587,7,6,12,2,816533,1210
2022-01-01 00:00:15.588,8,6,7,0,615733,1210
2022-01-01 00:00:15.589,8,6,7,0,703200,1210
2022-01-01 00:00:15.590,7,6,44,4,4936622,1210
2022-01-01 00:00:15.591,8,6,1,0,6666,1210
2022-01-01 00:00:15.592,8,6,6,0,413333,1210
2022-01-01 00:00:15.593,7,6,9,1,221777,1210
2022-01-01 00:00:15.594,8,6,8,0,500444,1210
2022-01-01 00:00:15.595,8,6,7,0,185955,1210
2022-01-01 00:00:15.596,8,6,53,3,5691822,1210
2022-01-01 00:00:15.597,7,6,39,3,3417511,1210
2022-01-01 00:00:15.598,7,6,43,1,3860533,1210
2022-01-01 00:00:15.599,8,6,3,0,27644,1210
2022-01-01 00:00:15.600,9,6,1,0,6488,1210
2022-01-01 00:00:15.601,8,6,10,1,481422,1210
2022-01-01 00:00:15.602,7,6,7,0,236622,1210
2022-01-01 00:00:15.603,9,6,1,0,6666,1210
2022-01-01 00:00:15.604,8,6,6,1,474197,1210
2022-01-01 00:00:15.605,8,3,4,0,172444,1210
2022-01-01 00:00:15.606,8,6,11,1,723111,1210
2022-01-01 00:00:15.607,8,6,14,1,1442044,1210
2022-01-01 00:00:15.608,8,6,39,4,5420888,1210
2022-01-01 00:00:15.609,7,6,4,0,180177,1210
2022-01-01 00:00:15.610,9,15,1,0,6666,1210
2022-01-01 00:00:15.611,7,6,15,1,746044,1210
2022-01-01 00:00:15.612,8,6,1,0,6488,1210
2022-01-01 00:00:15.613,8,6,6,0,529244,1210
2022-01-01 00:00:15.614,8,6,1,0,15733,1210
2022-01-01 00:00:15.615,8,6,1,0,8266,1210
2022-01-01 00:00:15.616,9,6,22,1,3324977,1210
2022-01-01 00:00:15.617,9,6,10,0,1431111,1210
2022-01-01 00:00:15.618,8,6,11,1,1518222,1210
2022-01-01 00:00:15.619,8,6,1,0,15733,1210
2022-01-01 00:00:15.620,8,6,1,0,6488,1210
2022-01-01 00:00:15.621,8,6,2,0,115733,1210
2022-01-01 00:00:15.622,8,6,4,0,413511,1210
2022-01-01 00:00:15.623,8,6,1,0,15733,1210
2022-01-01 00:00:15.624,9,4,17,0,2387200,1210
2022-01-01 00:00:15.625,8,6,7,1,1072000,1210
2022-01-01 00:00:15.626,8,6,11,1,1389866,1210
2022-01-01 00:00:15.627,8,6,2,0,17066,1210
2022-01-01 00:00:15.628,8,6,1,0,6666,1210
2022-01-01 00:00:15.629,9,6,8,0,529244,1210
2022-01-01 00:00:15.630,9,6,1,0,15733,1210
2022-01-01 00:00:15.631,8,6,4,0,336000,1210
2022-01-01 00:00:15.632,8,6,27,1,2876711,1210
2022-01-01 00:00:15.633,7,6,18,1,2241511,1210
2022-01-01 00:00:15.634,9,6,1,0,15733,1210
2022-01-01 00:00:15.635,8,6,1,0,6488,1210
2022-01-01 00:00:15.636,8,6,6,0,523428,1210
2022-01-01 00:00:15.637,7,5,2,0,16000,1210
2022-01-01 00:00:15.638,8,4,1,0,5600,1210
2022-01-01 00:00:15.639,8,5,22,1,3326666,1210
2022-01-01 00:00:15.640,8,5,12,0,1698755,1210
2022-01-01 00:00:15.641,8,5,2,0,17066,1210
2022-01-01 00:00:15.642,8,4,1,0,6666,1210
2022-01-01 00:00:15.643,8,4,6,0,452266,1210
2022-01-01 00:00:15.644,8,5,2,1,16000,1210
2022-01-01 00:00:15.645,8,4,1,0,74577,1210
2022-01-01 00:00:15.646,8,4,1,0,6666,1210
2022-01-01 00:00:15.647,8,5,1,0,23200,1210
2022-01-01 00:00:15.648,8,4,39,2,5769955,1210
2022-01-01 00:00:15.649,8,4,19,0,1972888,1210
2022-01-01 00:00:15.650,8,4,1,0,110133,1210
2022-01-01 00:00:15.651,8,4,1,0,26755,1210
2022-01-01 00:00:15.652,9,5,1,0,6488,1210
2022-01-01 00:00:15.653,8,4,5,0,463200,1210
2022-01-01 00:00:15.654,9,5,1,0,15733,1210
2022-01-01 00:00:15.655,8,7,26,2,3453244,1210
2022-01-01 00:00:15.656,9,10,2,0,17066,1210
2022-01-01 00:00:15.657,9,11,1,0,6488,1210
2022-01-01 00:00:15.658,9,10,4,0,463200,1210
2022-01-01 00:00:15.659,8,10,1,0,15733,1210
2022-01-01 00:00:15.660,9,5,8,0,1014133,1210
2022-01-01 00:00:15.661,8,11,11,1,1625777,1210
2022-01-01 00:00:15.662,8,11,1,0,15733,1210
2022-01-01 00:00:15.663,9,9,1,0,6488,1210
2022-01-01 00:00:15.664,9,11,6,0,452000,1210
2022-01-01 00:00:15.665,9,10,1,0,15733,1210
2022-01-01 00:00:15.666,8,11,39,1,3441688,1210
2022-01-01 00:00:15.667,8,10,1,0,16263,1210
2022-01-01 00:00:15.668,8,6,1,1,6488,1210
2022-01-01 00:00:15.669,8,6,5,0,452000,1210
2022-01-01 00:00:15.670,8,6,1,0,15733,1210
2022-01-01 00:00:15.671,8,6,41,6,5507466,1210
2022-01-01 00:00:15.672,7,6,23,0,2108622,1210
2022-01-01 00:00:15.673,7,6,3,1,249866,1210
2022-01-01 00:00:15.674,9,6,2,0,16533,1210
2022-01-01 00:00:15.675,8,6,1,0,5538,1210
2022-01-01 00:00:15.676,8,5,7,0,333244,1210
2022-01-01 00:00:15.677,8,6,38,3,5148000,1210
2022-01-01 00:00:15.678,8,6,1,0,8622,1210
2022-01-01 00:00:15.679,8,6,1,0,6666,1210
2022-01-01 00:00:15.680,7,6,6,0,417066,1210
2022-01-01 00:00:15.681,8,6,1,0,16444,1210
2022-01-01 00:00:15.682,8,6,3,0,74222,1210
2022-01-01 00:00:15.683,8,6,1,0,5600,1210
2022-01-01 00:00:15.684,8,5,2,0,52977,1210
2022-01-01 00:00:15.685,8,4,1,0,61600,1210
2022-01-01 00:00:15.686,8,4,1,0,13955,1210
2022-01-01 00:00:15.687,8,4,1,0,6666,1210
2022-01-01 00:00:15.688,7,4,8,1,483022,1210
2022-01-01 00:00:15.689,7,4,5,0,172533,1210
2022-01-01 00:00:15.690,7,4,10,2,710933,1210
2022-01-01 00:00:15.691,8,4,5,1,157422,1210
2022-01-01 00:00:15.692,8,4,12,0,1282755,1210
2022-01-01 00:00:15.693,8,4,39,6,5590488,1210
2022-01-01 00:00:15.694,8,4,3,0,22666,1210
2022-01-01 00:00:15.695,8,4,1,0,6666,1210
2022-01-01 00:00:15.696,8,4,2,1,115733,1210
2022-01-01 00:00:15.697,8,4,16,0,1586488,1210
2022-01-01 00:00:15.698,6,4,44,3,3531733,1210
2022-01-01 00:00:15.699,8,4,1,0,7022,1210
2022-01-01 00:00:15.700,8,4,10,1,505066,1210
2022-01-01 00:00:15.701,7,4,4,1,158222,1210
2022-01-01 00:00:15.702,7,4,14,2,874933,1210
2022-01-01 00:00:15.703,8,4,14,0,1292977,1210
2022-01-01 00:00:15.704,7,4,35,2,3641866,1210
2022-01-01 00:00:15.705,7,4,23,3,1995288,1210
2022-01-01 00:00:15.706,8,4,1,0,6488,1210
2022-01-01 00:00:15.707,7,4,10,1,643022,1210
2022-01-01 00:00:15.708,8,4,24,3,3344266,1210
2022-01-01 00:00:15.709,7,4,14,1,1364622,1210
2022-01-01 00:00:15.710,8,4,1,0,6666,1210
2022-01-01 00:00:15.711,8,4,6,1,410933,1210
2022-01-01 00:00:15.712,7,4,7,0,324711,1210
2022-01-01 00:00:15.713,8,4,1,0,6488,1210
2022-01-01 00:00:15.714,8,5,11,1,653955,1210
2022-01-01 00:00:15.715,7,4,1,0,6666,1210
2022-01-01 00:00:15.716,8,4,9,1,712888,1210
2022-01-01 00:00:15.717,7,4,5,1,156533,1210
2022-01-01 00:00:15.718,7,4,13,0,1284000,1210
2022-01-01 00:00:15.719,8,4,14,0,1681866,1210
2022-01-01 00:00:15.720,7,13,40,5,3945066,1210
2022-01-01 00:00:15.721,8,4,2,0,17066,1210
2022-01-01 00:00:15.722,8,2,1,0,6666,1210
2022-01-01 00:00:15.723,8,4,10,2,683911,1210
2022-01-01 00:00:15.724,7,2,1,0,6666,1210
2022-01-01 00:00:15.725,8,4,9,1,715644,1210
2022-01-01 00:00:15.726,8,4,6,0,175822,1210
2022-01-01 00:00:15.727,8,4,12,0,1294577,1210
2022-01-01 00:00:15.728,7,6,53,4,5711466,1210
2022-01-01 00:00:15.729,7,6,2,1,31644,1210
2022-01-01 00:00:15.730,8,2,1,0,6666,1210
2022-01-01 00:00:15.731,7,2,9,0,504977,1210
2022-01-01 00:00:15.732,7,2,3,0,119200,1210
2022-01-01 00:00:15.733,8,2,3,1,225866,1210
2022-01-01 00:00:15.734,6,3,7,0,491111,1210
2022-01-01 00:00:15.735,8,3,1,0,110133,1210
2022-01-01 00:00:15.736,7,2,1,0,11466,1210
2022-01-01 00:00:15.737,8,2,25,1,2674222,1210
2022-01-01 00:00:15.738,7,2,36,4,3512177,1210
2022-01-01 00:00:15.739,7,2,31,2,2602222,1210
2022-01-01 00:00:15.740,6,1,24,4,2341688,1210
2022-01-01 00:00:15.741,6,2,31,3,2585511,1210
2022-01-01 00:00:15.742,7,3,30,5,2865955,1210
2022-01-01 00:00:15.743,6,2,26,6,2147555,1210
2022-01-01 00:00:15.744,7,2,29,3,2554222,1210
2022-01-01 00:00:15.745,7,2,32,2,3128000,1210
2022-01-01 00:00:15.746,7,1,23,6,2180888,1210
2022-01-01 00:00:15.747,7,1,22,1,2078577,1210
2022-01-01 00:00:15.748,7,2,35,4,2992444,1210
2022-01-01 00:00:15.749,6,2,24,2,1747200,1210
2022-01-01 00:00:15.750,6,3,35,1,2008088,1210
2022-01-01 00:00:15.751,6,2,41,2,2270666,1210
2022-01-01 00:00:15.752,7,2,44,1,2638400,1210
2022-01-01 00:00:15.753,6,2,26,2,1695466,1210
2022-01-01 00:00:15.754,6,2,33,3,1974844,1210
2022-01-01 00:00:15.755,6,2,36,0,2156622,1210
2022-01-01 00:00:15.756,7,2,36,2,2558400,1210
2022-01-01 00:00:15.757,7,1,29,5,2190844,1210
2022-01-01 00:00:15.758,7,2,30,0,2142222,1210
2022-01-01 00:00:15.759,6,3,36,5,2210844,1210
2022-01-01 00:00:15.760,7,2,26,2,2414577,1210
2022-01-01 00:00:15.761,7,1,33,1,2423733,1210
2022-01-01 00:00:15.762,7,4,35,4,3041333,1210
2022-01-01 00:00:15.763,6,2,29,1,1887733,1210
2022-01-01 00:00:15.764,6,2,30,1,1929955,1210
2022-01-01 00:00:15.765,6,2,36,2,2027555,1210
2022-01-01 00:00:15.766,6,2,35,2,2010044,1210
2022-01-01 00:00:15.767,7,2,35,1,2065866,1210
2022-01-01 00:00:15.768,6,2,33,3,2476533,1210
2022-01-01 00:00:15.769,7,2,37,1,2464088,1210
2022-01-01 00:00:15.770,7,2,34,1,2185244,1210
2022-01-01 00:00:15.771,6,1,35,2,2322755,1210
2022-01-01 00:00:15.772,5,0,25,5,1180177,1210
2022-01-01 00:00:15.773,6,0,30,2,1651377,1210
2022-01-01 00:00:15.774,6,0,30,3,1663111,1210
2022-01-01 00:00:15.775,6,0,30,4,1364800,1210
2022-01-01 00:00:15.776,7,0,10,1,528177,1210
2022-01-01 00:00:15.777,7,0,3,0,67466,1210
2022-01-01 00:00:15.778,7,0,4,0,139377,1210
2022-01-01 00:00:15.779,7,0,48,3,3177422,1210
2022-01-01 00:00:15.780,6,0,27,1,1322577,1210
2022-01-01 00:00:15.781,6,0,1,0,11822,1210
2022-01-01 00:00:15.782,7,0,1,0,6666,1210
2022-01-01 00:00:15.783,7,0,5,0,194933,1210
2022-01-01 00:00:15.784,7,0,1,0,6666,1210
2022-01-01 00:00:15.785,7,0,11,2,595466,1210
2022-01-01 00:00:15.786,7,0,2,0,70400,1210
2022-01-01 00:00:15.787,7,0,7,0,630666,1210
2022-01-01 00:00:15.788,7,1,9,0,233777,1210
2022-01-01 00:00:15.789,7,1,14,1,1283555,1210
2022-01-01 00:00:15.790,7,0,40,7,3611022,1210
2022-01-01 00:00:15.791,6,1,35,2,1988355,1210
2022-01-01 00:00:15.792,7,0,3,0,40800,1210
2022-01-01 00:00:15.793,4,2,2,0,32879,1227
2022-01-01 00:00:15.794,4,1,19,0,428134,1227
2022-01-01 00:00:15.795,4,1,13,0,266755,1227
2022-01-01 00:00:15.796,4,2,23,1,596177,1227
2022-01-01 00:00:15.797,4,1,13,0,266311,1227
2022-01-01 00:00:15.798,4,4,31,1,1305866,1227
2022-01-01 00:00:15.799,4,4,76,0,3586516,1227
2022-01-01 00:00:15.800,4,4,47,0,2118666,1227
2022-01-01 00:00:15.801,4,4,13,0,474222,1227
2022-01-01 00:00:15.802,4,4,9,0,274400,1227
2022-01-01 00:00:15.803,4,4,1,0,7101,1227
2022-01-01 00:00:15.804,4,4,14,1,496444,1227
2022-01-01 00:00:15.805,4,4,13,0,449494,1227
2022-01-01 00:00:15.806,4,4,15,0,552444,1227
2022-01-01 00:00:15.807,4,4,5,0,159370,1227
2022-01-01 00:00:15.808,4,4,29,1,1273758,1227
2022-01-01 00:00:15.809,4,4,54,1,2438933,1227
2022-01-01 00:00:15.810,4,4,36,1,1661538,1227
2022-01-01 00:00:15.811,4,4,35,3,1506844,1227
2022-01-01 00:00:15.812,4,0,1,0,11955,1227
2022-01-01 00:00:15.813,4,4,1,0,19288,1227
2022-01-01 00:00:15.814,4,4,1,0,7101,1227
2022-01-01 00:00:15.815,4,4,11,0,483111,1227
2022-01-01 00:00:15.816,4,4,6,1,158577,1227
2022-01-01 00:00:15.817,4,4,1,0,7022,1227
2022-01-01 00:00:15.818,3,1,1,24,5777,1227
2022-01-01 00:00:15.819,4,6,5,0,203555,1232
2022-01-01 00:00:15.820,4,5,11,2,513318,1232
2022-01-01 00:00:15.821,4,6,2,0,126222,1232
2022-01-01 00:00:15.822,4,5,1,0,11595,1232
2022-01-01 00:00:15.823,4,6,23,0,1383555,1232
2022-01-01 00:00:15.824,4,6,24,1,1549333,1232
2022-01-01 00:00:15.825,4,6,20,1,1294065,1232
2022-01-01 00:00:15.826,4,6,16,0,1021123,1232
2022-01-01 00:00:15.827,4,6,23,3,1503555,1232
2022-01-01 00:00:15.828,4,6,17,1,1044000,1232
2022-01-01 00:00:15.829,4,6,18,0,1169230,1232
2022-01-01 00:00:15.830,4,6,19,1,1288539,1232
2022-01-01 00:00:15.831,4,6,24,1,1514666,1232
2022-01-01 00:00:15.832,4,6,25,0,1618222,1232
2022-01-01 00:00:15.833,4,6,18,0,1112087,1232
2022-01-01 00:00:15.834,4,6,20,2,1346516,1232
2022-01-01 00:00:15.835,4,6,25,0,1595111,1232
2022-01-01 00:00:15.836,4,6,17,1,1089670,1232
2022-01-01 00:00:15.837,4,6,17,2,1093244,1232
2022-01-01 00:00:15.838,4,6,19,2,1216444,1232
2022-01-01 00:00:15.839,4,6,21,0,1404494,1232
2022-01-01 00:00:15.840,4,6,22,1,1407472,1232
2022-01-01 00:00:15.841,4,6,21,2,1342666,1232
2022-01-01 00:00:15.842,4,6,22,0,1365333,1232
2022-01-01 00:00:15.843,4,6,25,0,1613033,1232
2022-01-01 00:00:15.844,4,6,19,2,1191648,1232
2022-01-01 00:00:15.845,4,6,19,0,1216444,1232
2022-01-01 00:00:15.846,4,6,19,2,1193333,1232
2022-01-01 00:00:15.847,4,6,15,1,974831,1232
2022-01-01 00:00:15.848,4,6,20,1,1316923,1232
2022-01-01 00:00:15.849,4,6,19,0,1216444,1232
2022-01-01 00:00:15.850,4,6,22,1,1353777,1232
2022-01-01 00:00:15.851,4,6,17,1,1124888,1232
2022-01-01 00:00:15.852,4,6,19,2,1195056,1232
2022-01-01 00:00:15.853,4,6,24,2,1486593,1232
2022-01-01 00:00:15.854,4,6,21,0,1354222,1232
2022-01-01 00:00:15.855,4,6,20,1,1262222,1232
2022-01-01 00:00:15.856,4,6,15,1,986516,1232
2022-01-01 00:00:15.857,4,6,24,3,1349362,1232
2022-01-01 00:00:15.858,4,6,26,0,1664000,1232
2022-01-01 00:00:15.859,4,6,22,2,1423111,1232
2022-01-01 00:00:15.860,4,6,18,3,1137078,1232
2022-01-01 00:00:15.861,4,6,18,3,1170666,1232
2022-01-01 00:00:15.862,4,6,16,1,964395,1232
2022-01-01 00:00:15.863,4,6,18,2,1159111,1232
2022-01-01 00:00:15.864,4,6,20,1,1311460,1232
2022-01-01 00:00:15.865,4,6,16,1,998681,1232
2022-01-01 00:00:15.866,4,6,20,0,1285333,1232
2022-01-01 00:00:15.867,4,6,24,2,1329688,1232
2022-01-01 00:00:15.868,4,6,23,1,1468888,1232
2022-01-01 00:00:15.869,4,6,19,1,1198382,1232
2022-01-01 00:00:15.870,4,6,28,0,1686695,1232
2022-01-01 00:00:15.871,4,6,20,0,1264719,1232
2022-01-01 00:00:15.872,4,6,20,1,1308444,1232
2022-01-01 00:00:15.873,4,6,18,1,1153617,1232
2022-01-01 00:00:15.874,4,6,22,1,1384615,1232
2022-01-01 00:00:15.875,4,6,17,2,1137528,1232
2022-01-01 00:00:15.876,4,6,15,2,964835,1232
2022-01-01 00:00:15.877,4,6,19,1,1265168,1232
2022-01-01 00:00:15.878,4,6,20,2,1248351,1232
2022-01-01 00:00:15.879,4,6,21,0,1377333,1232
2022-01-01 00:00:15.880,4,6,19,2,1193333,1232
2022-01-01 00:00:15.881,4,6,19,0,1169688,1232
2022-01-01 00:00:15.882,4,5,4,1,200711,1232
2022-01-01 00:00:15.883,4,6,16,0,1038933,1232
2022-01-01 00:00:15.884,4,5,30,0,1544266,1232
2022-01-01 00:00:15.885,4,6,19,0,1159200,1232
2022-01-01 00:00:15.886,4,0,2,0,137777,1232
2022-01-01 00:00:15.887,4,6,17,1,903822,1232
2022-01-01 00:00:15.888,4,6,27,0,1550666,1232
2022-01-01 00:00:15.889,4,6,19,3,1276853,1232
2022-01-01 00:00:15.890,4,6,17,0,1055384,1232
2022-01-01 00:00:15.891,4,6,17,1,1124888,1232
2022-01-01 00:00:15.892,4,6,21,0,1354222,1232
2022-01-01 00:00:15.893,4,6,19,1,1218426,1232
2022-01-01 00:00:15.894,4,6,13,1,633846,1232
2022-01-01 00:00:15.895,4,6,1,0,6666,1232
2022-01-01 00:00:15.896,4,6,11,1,633511,1232
2022-01-01 00:00:15.897,4,4,5,0,84711,1232
2022-01-01 00:00:15.898,4,6,33,2,2123111,1232
2022-01-01 00:00:15.899,4,6,17,2,1124888,1232
2022-01-01 00:00:15.900,4,6,20,0,1308444,1232
2022-01-01 00:00:15.901,4,6,17,2,1078666,1232
2022-01-01 00:00:15.902,4,6,17,1,1078666,1232
2022-01-01 00:00:15.903,4,6,21,2,1342666,1232
2022-01-01 00:00:15.904,4,6,18,3,1116177,1232
2022-01-01 00:00:15.905,4,6,17,2,1053066,1232
2022-01-01 00:00:15.906,4,5,27,1,1301066,1232
2022-01-01 00:00:15.907,4,6,24,0,1537777,1232
2022-01-01 00:00:15.908,4,6,23,1,1492000,1232
2022-01-01 00:00:15.909,4,6,21,1,1308000,1232
2022-01-01 00:00:15.910,4,6,12,2,757333,1232
2022-01-01 00:00:15.911,4,6,62,1,3668533,1232
2022-01-01 00:00:15.912,4,6,28,0,1824888,1232
2022-01-01 00:00:15.913,4,6,25,2,1598400,1232
2022-01-01 00:00:15.914,4,6,27,1,1655288,1232
2022-01-01 00:00:15.915,4,6,25,0,1606666,1232
2022-01-01 00:00:15.916,4,6,18,1,1147555,1232
2022-01-01 00:00:15.917,4,6,22,3,1446222,1232
2022-01-01 00:00:15.918,4,6,17,0,1090222,1232
2022-01-01 00:00:15.919,4,6,24,1,1560888,1232
2022-01-01 00:00:15.920,4,6,17,2,1070400,1232
2022-01-01 00:00:15.921,4,6,19,1,1262666,1232
2022-01-01 00:00:15.922,4,6,17,1,1012977,1232
2022-01-01 00:00:15.923,4,6,19,1,1207911,1232
2022-01-01 00:00:15.924,4,6,25,0,1560444,1232
2022-01-01 00:00:15.925,4,6,18,1,1147555,1232
2022-01-01 00:00:15.926,4,6,38,2,2343733,1232
2022-01-01 00:00:15.927,4,6,24,1,1426311,1232
2022-01-01 00:00:15.928,4,6,23,1,1379733,1232
2022-01-01 00:00:15.929,4,6,20,1,1308444,1232
2022-01-01 00:00:15.930,4,6,25,0,1618222,1232
2022-01-01 00:00:15.931,4,6,18,0,1147555,1232
2022-01-01 00:00:15.932,4,6,17,2,1125842,1232
2022-01-01 00:00:15.933,4,6,20,1,1262222,1232
2022-01-01 00:00:15.934,4,6,18,2,1169230,1232
2022-01-01 00:00:15.935,4,6,22,1,1423111,1232
2022-01-01 00:00:15.936,4,6,19,3,1251111,1232
2022-01-01 00:00:15.937,4,6,16,1,1032888,1232
2022-01-01 00:00:15.938,4,6,25,1,1583555,1232
2022-01-01 00:00:15.939,4,6,15,1,940888,1232
2022-01-01 00:00:15.940,4,6,20,1,1276404,1232
2022-01-01 00:00:15.941,4,6,42,2,2525186,1232
2022-01-01 00:00:15.942,4,6,23,1,1480444,1232
2022-01-01 00:00:15.943,4,6,25,1,1548888,1232
2022-01-01 00:00:15.944,4,6,21,1,1284888,1232
2022-01-01 00:00:15.945,4,6,21,0,1354222,1232
2022-01-01 00:00:15.946,4,6,22,0,1376888,1232
2022-01-01 00:00:15.947,4,6,21,1,1342666,1232
2022-01-01 00:00:15.948,4,6,19,0,1158666,1232
2022-01-01 00:00:15.949,4,6,19,2,1228000,1232
2022-01-01 00:00:15.950,4,6,23,1,1492000,1232
2022-01-01 00:00:15.951,4,6,15,3,987111,1232
2022-01-01 00:00:15.952,4,6,24,2,1514666,1232
2022-01-01 00:00:15.953,4,6,14,2,918222,1232
2022-01-01 00:00:15.954,4,6,22,1,1310844,1232
2022-01-01 00:00:15.955,4,6,17,2,1058933,1232
2022-01-01 00:00:15.956,4,5,17,1,965600,1232
2022-01-01 00:00:15.957,4,5,10,2,514133,1232
2022-01-01 00:00:15.958,4,6,28,0,1696888,1232
2022-01-01 00:00:15.959,4,6,17,1,1078666,1232
2022-01-01 00:00:15.960,4,6,17,2,1113333,1232
2022-01-01 00:00:15.961,4,6,16,1,1032888,1232
2022-01-01 00:00:15.962,4,5,2,0,22755,1232
2022-01-01 00:00:15.963,4,3,1,0,7555,1232
2022-01-01 00:00:15.964,4,6,10,1,631466,1232
2022-01-01 00:00:15.965,4,0,2,0,89066,1232
2022-01-01 00:00:15.966,4,5,40,1,2244266,1232
2022-01-01 00:00:15.967,4,6,19,2,1239555,1232
2022-01-01 00:00:15.968,4,5,25,1,1303377,1232
2022-01-01 00:00:15.969,4,6,19,1,1127555,1232
2022-01-01 00:00:15.970,4,5,22,2,1259911,1232
2022-01-01 00:00:15.971,4,5,21,0,1150844,1232
2022-01-01 00:00:15.972,4,6,22,0,1411555,1232
2022-01-01 00:00:15.973,4,6,21,1,1331111,1232
2022-01-01 00:00:15.974,4,6,22,1,1302577,1232
2022-01-01 00:00:15.975,4,6,19,1,1228000,1232
2022-01-01 00:00:15.976,4,5,15,3,918311,1232
2022-01-01 00:00:15.977,4,6,23,0,1406133,1232
2022-01-01 00:00:15.978,4,6,19,1,1204888,1232
2022-01-01 00:00:15.979,4,6,23,1,1480444,1232
2022-01-01 00:00:15.980,4,6,20,2,1262222,1232
2022-01-01 00:00:15.981,4,6,39,1,2490400,1232
2022-01-01 00:00:15.982,4,6,32,0,2019555,1232
2022-01-01 00:00:15.983,4,6,20,1,1239111,1232
2022-01-01 00:00:15.984,4,6,16,3,1044444,1232
2022-01-01 00:00:15.985,4,6,20,1,1343111,1232
2022-01-01 00:00:15.986,4,5,16,4,923911,1232
2022-01-01 00:00:15.987,4,4,16,4,755200,1232
2022-01-01 00:00:15.988,4,4,20,1,907733,1232
2022-01-01 00:00:15.989,4,4,26,0,1209066,1232
2022-01-01 00:00:15.990,4,4,25,2,1113422,1232
2022-01-01 00:00:15.991,4,4,20,1,933333,1232
2022-01-01 00:00:15.992,4,4,21,2,948000,1232
2022-01-01 00:00:15.993,4,4,22,2,1030933,1232
2022-01-01 00:00:15.994,4,4,30,0,1361600,1232
2022-01-01 00:00:15.995,4,4,20,1,899200,1232
2022-01-01 00:00:15.996,4,4,28,2,1234222,1232
2022-01-01 00:00:15.997,4,4,36,1,1628800,1232
2022-01-01 00:00:15.998,4,4,29,0,1283022,1232
2022-01-01 00:00:15.999,4,4,31,2,1381155,1232
2022-01-01 00:00:16.000,4,4,31,2,1410400,1232
2022-01-01 00:00:16.001,4,4,19,2,884533,1232
2022-01-01 00:00:16.002,4,4,24,2,1077333,1232
2022-01-01 00:00:16.003,4,4,20,3,950400,1232
2022-01-01 00:00:16.004,4,4,20,0,924800,1232
2022-01-01 00:00:16.005,4,4,26,2,1217600,1232
2022-01-01 00:00:16.006,4,4,22,1,1022400,1232
2022-01-01 00:00:16.007,4,4,24,1,1051733,1232
2022-01-01 00:00:16.008,4,4,16,1,712533,1232
2022-01-01 00:00:16.009,4,4,28,3,1264000,1232
2022-01-01 00:00:16.010,4,4,20,1,899200,1232
2022-01-01 00:00:16.011,4,4,24,2,1001777,1232
2022-01-01 00:00:16.012,4,4,41,3,1825955,1232
2022-01-01 00:00:16.013,4,4,20,3,924800,1232
2022-01-01 00:00:16.014,4,4,25,1,1109066,1232
2022-01-01 00:00:16.015,4,4,22,2,996800,1232
2022-01-01 00:00:16.016,4,4,23,1,994400,1232
2022-01-01 00:00:16.017,4,4,20,1,941866,1232
2022-01-01 00:00:16.018,4,4,21,1,930933,1232
2022-01-01 00:00:16.019,4,4,25,1,1160266,1232
2022-01-01 00:00:16.020,4,4,22,2,979733,1232
2022-01-01 00:00:16.021,4,4,21,1,965066,1232
2022-01-01 00:00:16.022,4,4,17,1,778400,1232
2022-01-01 00:00:16.023,4,4,23,0,1037066,1232
2022-01-01 00:00:16.024,4,4,12,2,507022,1232
2022-01-01 00:00:16.025,4,4,3,0,128622,1232
2022-01-01 00:00:16.026,4,4,33,1,1418400,1232
2022-01-01 00:00:16.027,4,4,22,2,977244,1232
2022-01-01 00:00:16.028,4,4,25,1,1151733,1232
2022-01-01 00:00:16.029,4,4,24,2,1085866,1232
2022-01-01 00:00:16.030,4,4,16,3,712533,1232
2022-01-01 00:00:16.031,4,4,20,3,907733,1232
2022-01-01 00:00:16.032,4,4,22,1,958488,1232
2022-01-01 00:00:16.033,4,4,21,0,973600,1232
2022-01-01 00:00:16.034,4,4,22,2,988266,1232
2022-01-01 00:00:16.035,4,4,18,2,835733,1232
2022-01-01 00:00:16.036,4,4,22,3,988266,1232
2022-01-01 00:00:16.037,4,4,21,0,965066,1232
2022-01-01 00:00:16.038,4,4,22,2,979733,1232
2022-01-01 00:00:16.039,4,4,23,2,1011466,1232
2022-01-01 00:00:16.040,4,4,23,0,1028533,1232
2022-01-01 00:00:16.041,4,4,20,2,877955,1232
2022-01-01 00:00:16.042,4,4,20,3,924800,1232
2022-01-01 00:00:16.043,4,4,21,1,938755,1232
2022-01-01 00:00:16.044,4,4,1,0,11822,1232
2022-01-01 00:00:16.045,4,4,1,0,7022,1232
2022-01-01 00:00:16.046,4,4,19,0,718133,1232
2022-01-01 00:00:16.047,4,3,1,0,5600,1232
2022-01-01 00:00:16.048,4,4,3,0,94666,1232
2022-01-01 00:00:16.049,4,0,1,0,11822,1232
2022-01-01 00:00:16.050,4,4,32,1,1425066,1232
2022-01-01 00:00:16.051,4,4,23,1,1028533,1232
2022-01-01 00:00:16.052,4,4,25,0,1160266,1232
2022-01-01 00:00:16.053,4,4,22,3,988266,1232
2022-01-01 00:00:16.054,4,4,25,3,1151733,1232
2022-01-01 00:00:16.055,4,4,20,1,916266,1232
2022-01-01 00:00:16.056,4,4,24,1,1085866,1232
2022-01-01 00:00:16.057,4,4,29,5,1312800,1232
2022-01-01 00:00:16.058,4,4,27,1,1240800,1232
2022-01-01 00:00:16.059,4,4,22,0,1005333,1232
2022-01-01 00:00:16.060,4,4,22,1,1030933,1232
2022-01-01 00:00:16.061,4,4,22,2,988266,1232
2022-01-01 00:00:16.062,4,4,24,0,1026311,1232
2022-01-01 00:00:16.063,4,4,26,2,1157866,1232
2022-01-01 00:00:16.064,4,4,22,2,975555,1232
2022-01-01 00:00:16.065,4,4,24,2,1064622,1232
2022-01-01 00:00:16.066,4,4,23,2,1054133,1232
2022-01-01 00:00:16.067,4,4,24,4,1102933,1232
2022-01-01 00:00:16.068,4,4,20,0,907733,1232
2022-01-01 00:00:16.069,4,4,20,2,882133,1232
2022-01-01 00:00:16.070,4,4,20,3,890666,1232
2022-01-01 00:00:16.071,4,4,24,0,1051733,1232
2022-01-01 00:00:16.072,4,4,20,2,869422,1232
2022-01-01 00:00:16.073,4,4,24,2,1094400,1232
2022-01-01 00:00:16.074,4,4,23,1,1071200,1232
2022-01-01 00:00:16.075,4,4,22,2,996800,1232
2022-01-01 00:00:16.076,4,4,25,2,1160266,1232
2022-01-01 00:00:16.077,4,4,27,1,1172533,1232
2022-01-01 00:00:16.078,4,4,22,0,984088,1232
2022-01-01 00:00:16.079,4,4,27,0,1240800,1232
2022-01-01 00:00:16.080,4,4,25,1,1117600,1232
2022-01-01 00:00:16.081,4,4,25,0,1151733,1232
2022-01-01 00:00:16.082,4,4,20,4,882133,1232
2022-01-01 00:00:16.083,4,4,22,1,971200,1232
2022-01-01 00:00:16.084,4,4,27,1,1189600,1232
2022-01-01 00:00:16.085,4,4,18,2,845123,1232
2022-01-01 00:00:16.086,4,4,23,1,1050989,1232
2022-01-01 00:00:16.087,4,4,21,3,939466,1232
2022-01-01 00:00:16.088,4,4,19,2,901600,1232
2022-01-01 00:00:16.089,4,4,23,0,1037066,1232
2022-01-01 00:00:16.090,4,4,24,1,1094400,1232
2022-01-01 00:00:16.091,4,4,23,2,1037066,1232
2022-01-01 00:00:16.092,4,4,22,3,996800,1232
2022-01-01 00:00:16.093,4,4,21,2,1007733,1232
2022-01-01 00:00:16.094,4,4,27,0,1237955,1232
2022-01-01 00:00:16.095,4,4,4,0,186666,1232
2022-01-01 00:00:16.096,4,4,34,0,1504177,1232
2022-01-01 00:00:16.097,4,4,23,2,1037066,1232
2022-01-01 00:00:16.098,4,4,22,1,1013866,1232
2022-01-01 00:00:16.099,4,4,20,3,933333,1232
2022-01-01 00:00:16.100,4,4,22,1,1013866,1232
2022-01-01 00:00:16.101,4,4,27,1,1143288,1232
2022-01-01 00:00:16.102,4,4,33,4,1499466,1232
2022-01-01 00:00:16.103,4,4,28,0,1136000,1232
2022-01-01 00:00:16.104,4,4,27,1,1151555,1232
2022-01-01 00:00:16.105,4,4,30,1,1344533,1232
2022-01-01 00:00:16.106,4,4,23,1,1062666,1232
2022-01-01 00:00:16.107,4,4,22,2,979733,1232
2022-01-01 00:00:16.108,4,4,22,2,1005333,1232
2022-01-01 00:00:16.109,4,4,26,0,1166400,1232
2022-01-01 00:00:16.110,4,4,17,2,812533,1232
2022-01-01 00:00:16.111,4,4,21,2,939466,1232
2022-01-01 00:00:16.112,4,4,22,3,945600,1232
2022-01-01 00:00:16.113,4,4,20,0,916266,1232
2022-01-01 00:00:16.114,4,4,26,2,1183466,1232
2022-01-01 00:00:16.115,4,4,21,2,948000,1232
2022-01-01 00:00:16.116,4,4,20,3,865066,1232
2022-01-01 00:00:16.117,4,4,21,2,956533,1232
2022-01-01 00:00:16.118,4,4,34,2,1522666,1232
2022-01-01 00:00:16.119,4,4,23,0,1045600,1232
2022-01-01 00:00:16.120,4,4,18,1,793066,1232
2022-01-01 00:00:16.121,4,4,25,0,1117600,1232
2022-01-01 00:00:16.122,4,4,23,1,1045600,1232
2022-01-01 00:00:16.123,4,4,23,0,973155,1232
2022-01-01 00:00:16.124,4,4,21,1,965066,1232
2022-01-01 00:00:16.125,4,4,30,0,1228088,1232
2022-01-01 00:00:16.126,4,4,28,0,1289600,1232
2022-01-01 00:00:16.127,4,4,28,2,1255466,1232
2022-01-01 00:00:16.128,4,4,23,0,1062666,1232
2022-01-01 00:00:16.129,4,4,21,0,939466,1232
2022-01-01 00:00:16.130,4,4,20,0,924800,1232
2022-01-01 00:00:16.131,4,4,24,1,1077333,1232
2022-01-01 00:00:16.132,4,2,3,1,73866,1232
2022-01-01 00:00:16.133,4,4,1,0,7022,1232
2022-01-01 00:00:16.134,4,4,13,0,488977,1232
2022-01-01 00:00:16.135,4,4,10,1,330133,1232
2022-01-01 00:00:16.136,4,4,1,0,36000,1232
2022-01-01 00:00:16.137,4,4,1,0,7022,1232
2022-01-01 00:00:16.138,4,4,5,0,209866,1232
2022-01-01 00:00:16.139,4,4,25,0,976977,1232
2022-01-01 00:00:16.140,4,4,28,1,1281066,1232
2022-01-01 00:00:16.141,4,4,19,1,858933,1232
2022-01-01 00:00:16.142,4,4,20,1,916266,1232
2022-01-01 00:00:16.143,4,4,24,2,1094400,1232
2022-01-01 00:00:16.144,4,4,19,1,876000,1232
2022-01-01 00:00:16.145,4,4,28,1,1175022,1232
2022-01-01 00:00:16.146,4,4,30,2,1336000,1232
2022-01-01 00:00:16.147,4,4,18,3,827200,1232
2022-01-01 00:00:16.148,4,4,19,2,884533,1232
2022-01-01 00:00:16.149,4,4,19,3,841866,1232
2022-01-01 00:00:16.150,4,4,20,1,869422,1232
2022-01-01 00:00:16.151,4,4,22,3,971200,1232
2022-01-01 00:00:16.152,4,4,16,3,712533,1232
2022-01-01 00:00:16.153,4,4,25,1,1062222,1232
2022-01-01 00:00:16.154,4,4,23,2,1032888,1232
2022-01-01 00:00:16.155,4,4,25,2,1079288,1232
2022-01-01 00:00:16.156,4,4,39,3,1703288,1232
2022-01-01 00:00:16.157,4,4,34,0,1514133,1232
2022-01-01 00:00:16.158,4,4,19,1,858933,1232
2022-01-01 00:00:16.159,4,4,19,0,867466,1232
2022-01-01 00:00:16.160,4,4,26,2,1149333,1232
2022-01-01 00:00:16.161,4,4,20,2,924800,1232
2022-01-01 00:00:16.162,4,4,21,1,973600,1232
2022-01-01 00:00:16.163,4,4,22,0,1030933,1232
2022-01-01 00:00:16.164,4,4,21,2,948000,1232
2022-01-01 00:00:16.165,4,4,16,1,708266,1232
2022-01-01 00:00:16.166,4,4,1,0,11822,1232
2022-01-01 00:00:16.167,4,4,1,0,7022,1232
2022-01-01 00:00:16.168,4,4,19,1,719377,1232
2022-01-01 00:00:16.169,4,3,4,0,113617,1232
2022-01-01 00:00:16.170,4,4,6,0,267200,1232
2022-01-01 00:00:16.171,4,4,43,1,1974755,1232
2022-01-01 00:00:16.172,4,4,38,1,1641244,1232
2022-01-01 00:00:16.173,4,4,17,0,744266,1232
2022-01-01 00:00:16.174,4,4,22,3,962666,1232
2022-01-01 00:00:16.175,4,4,26,2,1166400,1232
2022-01-01 00:00:16.176,4,4,17,3,752800,1232
2022-01-01 00:00:16.177,4,4,26,2,1149333,1232
2022-01-01 00:00:16.178,4,4,20,1,882133,1232
2022-01-01 00:00:16.179,4,4,29,0,1364000,1232
2022-01-01 00:00:16.180,4,4,26,1,1166400,1232
2022-01-01 00:00:16.181,4,4,23,1,1054133,1232
2022-01-01 00:00:16.182,4,4,26,3,1192000,1232
2022-01-01 00:00:16.183,4,4,18,1,810133,1232
2022-01-01 00:00:16.184,4,4,24,1,1102933,1232
2022-01-01 00:00:16.185,4,4,24,1,1077333,1232
2022-01-01 00:00:16.186,4,4,22,3,1022400,1232
2022-01-01 00:00:16.187,4,4,23,0,1037066,1232
2022-01-01 00:00:16.188,4,4,21,2,956533,1232
2022-01-01 00:00:16.189,4,4,28,1,1289600,1232
2022-01-01 00:00:16.190,4,4,19,3,867466,1232
2022-01-01 00:00:16.191,4,4,23,1,1028533,1232
2022-01-01 00:00:16.192,4,4,24,1,1068800,1232
2022-01-01 00:00:16.193,4,4,22,1,988266,1232
2022-01-01 00:00:16.194,4,4,21,0,948000,1232
2022-01-01 00:00:16.195,4,4,24,2,1051733,1232
2022-01-01 00:00:16.196,4,4,23,3,1071200,1232
2022-01-01 00:00:16.197,4,4,24,0,1085866,1232
2022-01-01 00:00:16.198,4,4,23,3,1028533,1232
2022-01-01 00:00:16.199,4,4,22,2,975555,1232
2022-01-01 00:00:16.200,4,4,29,2,1321333,1232
2022-01-01 00:00:16.201,4,4,19,3,876000,1232
2022-01-01 00:00:16.202,4,4,24,0,1048533,1232
2022-01-01 00:00:16.203,4,4,3,0,128622,1232
2022-01-01 00:00:16.204,4,4,14,1,614222,1232
2022-01-01 00:00:16.205,4,4,29,0,1193688,1232
2022-01-01 00:00:16.206,4,4,26,3,1192000,1232
2022-01-01 00:00:16.207,4,4,24,2,1120000,1232
2022-01-01 00:00:16.208,4,4,25,1,1160266,1232
2022-01-01 00:00:16.209,4,4,18,1,784533,1232
2022-01-01 00:00:16.210,4,4,27,1,1232266,1232
2022-01-01 00:00:16.211,4,4,20,1,907733,1232
2022-01-01 00:00:16.212,4,4,24,3,1085866,1232
2022-01-01 00:00:16.213,4,4,17,2,769866,1232
2022-01-01 00:00:16.214,4,4,20,1,890666,1232
2022-01-01 00:00:16.215,4,4,24,1,1077333,1232
2022-01-01 00:00:16.216,4,4,18,4,818666,1232
2022-01-01 00:00:16.217,4,2,23,1,749777,1232
2022-01-01 00:00:16.218,4,2,18,2,443200,1232
2022-01-01 00:00:16.219,4,2,31,1,763288,1232
2022-01-01 00:00:16.220,4,2,27,1,664800,1232
2022-01-01 00:00:16.221,4,3,32,0,1179022,1232
2022-01-01 00:00:16.222,4,4,28,0,1221333,1232
2022-01-01 00:00:16.223,4,4,25,0,1134666,1232
2022-01-01 00:00:16.224,4,4,25,2,1093511,1232
2022-01-01 00:00:16.225,4,4,28,0,1264000,1232
2022-01-01 00:00:16.226,4,4,18,3,793066,1232
2022-01-01 00:00:16.227,4,4,22,1,996800,1232
2022-01-01 00:00:16.228,4,4,18,2,818666,1232
2022-01-01 00:00:16.229,4,4,20,2,907733,1232
2022-01-01 00:00:16.230,4,4,27,2,1223733,1232
2022-01-01 00:00:16.231,4,3,24,1,863111,1232
2022-01-01 00:00:16.232,4,4,26,1,1174933,1232
2022-01-01 00:00:16.233,4,4,17,2,752800,1232
2022-01-01 00:00:16.234,4,2,26,2,825066,1232
2022-01-01 00:00:16.235,4,2,26,3,640177,1232
2022-01-01 00:00:16.236,4,2,23,2,566311,1232
2022-01-01 00:00:16.237,4,2,24,3,590933,1232
2022-01-01 00:00:16.238,4,2,31,1,763288,1232
2022-01-01 00:00:16.239,4,2,23,2,566311,1232
2022-01-01 00:00:16.240,4,2,29,2,714044,1232
2022-01-01 00:00:16.241,4,2,32,2,787911,1232
2022-01-01 00:00:16.242,4,2,25,0,615555,1232
2022-01-01 00:00:16.243,4,2,24,1,590933,1232
2022-01-01 00:00:16.244,4,2,31,2,763288,1232
2022-01-01 00:00:16.245,4,1,28,4,642133,1232
2022-01-01 00:00:16.246,4,2,24,4,590933,1232
2022-01-01 00:00:16.247,4,2,35,1,861777,1232
2022-01-01 00:00:16.248,4,2,23,2,566311,1232
2022-01-01 00:00:16.249,4,2,32,1,787911,1232
2022-01-01 00:00:16.250,4,1,23,2,545333,1232
2022-01-01 00:00:16.251,4,0,1,0,16444,1232
2022-01-01 00:00:16.252,6,5,2,0,34311,1232
2022-01-01 00:00:16.253,6,4,1,0,14311,1232
2022-01-01 00:00:16.254,6,6,1,0,6666,1232
2022-01-01 00:00:16.255,6,5,2,0,37333,1232
2022-01-01 00:00:16.256,6,8,2,0,27911,1232
2022-01-01 00:00:16.257,6,6,1,0,6666,1232
2022-01-01 00:00:16.258,6,6,8,1,449066,1232
2022-01-01 00:00:16.259,6,6,9,1,429066,1232
2022-01-01 00:00:16.260,6,0,6,0,352355,1232
2022-01-01 00:00:16.261,6,6,36,1,2363733,1232
2022-01-01 00:00:16.262,6,7,24,2,1537422,1232
2022-01-01 00:00:16.263,6,8,30,2,2439466,1232
2022-01-01 00:00:16.264,6,8,24,2,1919822,1232
2022-01-01 00:00:16.265,6,6,27,2,1815022,1232
2022-01-01 00:00:16.266,6,6,7,0,462133,1232
2022-01-01 00:00:16.267,6,5,2,1,26311,1232
2022-01-01 00:00:16.268,6,6,1,1,6666,1232
2022-01-01 00:00:16.269,6,6,14,1,657155,1232
2022-01-01 00:00:16.270,6,6,13,0,639377,1232
2022-01-01 00:00:16.271,6,6,7,0,234044,1232
2022-01-01 00:00:16.272,7,9,18,0,1302577,1232
2022-01-01 00:00:16.273,6,6,6,0,385066,1232
2022-01-01 00:00:16.274,6,6,39,1,2595466,1232
2022-01-01 00:00:16.275,6,8,32,2,2442844,1232
2022-01-01 00:00:16.276,6,4,5,0,289511,1232
2022-01-01 00:00:16.277,6,6,1,0,6666,1232
2022-01-01 00:00:16.278,6,6,5,0,269600,1232
2022-01-01 00:00:16.279,6,7,11,0,478666,1232
2022-01-01 00:00:16.280,6,6,1,0,10400,1232
2022-01-01 00:00:16.281,6,6,2,0,126222,1232
2022-01-01 00:00:16.282,6,6,2,0,20266,1232
2022-01-01 00:00:16.283,6,6,9,0,421066,1232
2022-01-01 00:00:16.284,6,6,1,0,24622,1232
2022-01-01 00:00:16.285,6,5,7,0,246844,1232
2022-01-01 00:00:16.286,6,4,1,0,7022,1232
2022-01-01 00:00:16.287,6,6,10,2,631111,1232
2022-01-01 00:00:16.288,6,7,1,0,66577,1232
2022-01-01 00:00:16.289,6,6,6,0,193582,1232
2022-01-01 00:00:16.290,6,8,17,1,1319101,1232
2022-01-01 00:00:16.291,7,8,46,0,3676266,1232
2022-01-01 00:00:16.292,6,7,29,2,1947644,1232
2022-01-01 00:00:16.293,6,6,1,0,17155,1232
2022-01-01 00:00:16.294,6,6,1,0,6593,1232
2022-01-01 00:00:16.295,6,6,7,0,411111,1232
2022-01-01 00:00:16.296,6,5,9,0,333213,1232
2022-01-01 00:00:16.297,6,5,1,0,20711,1232
2022-01-01 00:00:16.298,6,6,1,0,6593,1232
2022-01-01 00:00:16.299,9,12,1,0,6488,1238
2022-01-01 00:00:16.300,8,16,4,2,413511,1238
2022-01-01 00:00:16.301,9,12,7,0,281511,1238
2022-01-01 00:00:16.302,8,0,1,0,6488,1238
2022-01-01 00:00:16.303,9,15,6,2,753155,1238
2022-01-01 00:00:16.304,8,12,7,0,263111,1238
2022-01-01 00:00:16.305,9,14,10,0,1282311,1238
2022-01-01 00:00:16.306,9,17,14,0,2476800,1238
2022-01-01 00:00:16.307,7,14,22,3,3176711,1238
2022-01-01 00:00:16.308,9,12,1,0,6488,1238
2022-01-01 00:00:16.309,9,15,4,0,410666,1238
2022-01-01 00:00:16.310,8,11,7,1,333422,1238
2022-01-01 00:00:16.311,9,12,1,0,6488,1238
2022-01-01 00:00:16.312,9,12,7,2,526133,1238
2022-01-01 00:00:16.313,8,9,4,0,164088,1238
2022-01-01 00:00:16.314,8,13,1,0,5600,1238
2022-01-01 00:00:16.315,8,13,9,1,871377,1238
2022-01-01 00:00:16.316,8,12,12,0,1308355,1238
2022-01-01 00:00:16.317,9,13,39,5,5702044,1238
2022-01-01 00:00:16.318,8,8,2,8,12088,1238
2022-01-01 00:00:16.319,9,12,1,0,6488,1238
2022-01-01 00:00:16.320,8,12,4,1,411644,1238
2022-01-01 00:00:16.321,8,11,8,0,354966,1238
2022-01-01 00:00:16.322,8,12,1,0,6488,1238
2022-01-01 00:00:16.323,8,11,4,1,409244,1238
2022-01-01 00:00:16.324,8,9,6,1,247288,1238
2022-01-01 00:00:16.325,7,10,10,2,785866,1238
2022-01-01 00:00:16.326,8,11,4,0,143288,1238
2022-01-01 00:00:16.327,7,11,13,1,1249688,1238
2022-01-01 00:00:16.328,6,9,62,4,5464888,1238
2022-01-01 00:00:16.329,7,7,6,0,276800,1238
2022-01-01 00:00:16.330,7,12,1,0,6488,1242
2022-01-01 00:00:16.331,8,14,4,1,410666,1242
2022-01-01 00:00:16.332,7,11,6,0,326666,1242
2022-01-01 00:00:16.333,8,12,1,0,6488,1242
2022-01-01 00:00:16.334,8,15,4,1,478222,1242
2022-01-01 00:00:16.335,8,13,5,3,190311,1242
2022-01-01 00:00:16.336,8,13,8,1,701155,1242
2022-01-01 00:00:16.337,7,13,5,2,193244,1242
2022-01-01 00:00:16.338,8,12,13,1,1283911,1242
2022-01-01 00:00:16.339,7,15,37,2,5671288,1242
2022-01-01 00:00:16.340,8,12,1,0,6488,1242
2022-01-01 00:00:16.341,9,16,3,1,415466,1242
2022-01-01 00:00:16.342,7,10,7,1,335200,1242
2022-01-01 00:00:16.343,8,6,1,0,6666,1242
2022-01-01 00:00:16.344,8,14,7,1,504444,1242
2022-01-01 00:00:16.345,8,10,3,1,163466,1242
2022-01-01 00:00:16.346,8,16,4,1,631733,1242
2022-01-01 00:00:16.347,7,10,8,0,262577,1242
2022-01-01 00:00:16.348,8,17,11,0,1282400,1242
2022-01-01 00:00:16.349,7,15,38,5,5612444,1242
2022-01-01 00:00:16.350,7,8,1,0,28177,1242
2022-01-01 00:00:16.351,8,12,1,0,6488,1242
2022-01-01 00:00:16.352,8,12,9,1,504177,1242
2022-01-01 00:00:16.353,8,11,3,0,238593,1242
2022-01-01 00:00:16.354,9,6,1,0,6666,1242
2022-01-01 00:00:16.355,8,13,5,0,532088,1242
2022-01-01 00:00:16.356,8,9,1,0,15910,1242
2022-01-01 00:00:16.357,9,11,1,0,5600,1242
2022-01-01 00:00:16.358,8,14,9,0,1275466,1242
2022-01-01 00:00:16.359,8,17,9,0,1610901,1242
2022-01-01 00:00:16.360,8,0,2,0,296800,1242
2022-01-01 00:00:16.361,8,15,24,2,3075111,1242
2022-01-01 00:00:16.362,9,14,1,0,17348,1242
2022-01-01 00:00:16.363,8,12,1,0,6488,1242
2022-01-01 00:00:16.364,8,15,4,0,521406,1242
2022-01-01 00:00:16.365,9,14,2,0,15822,1242
2022-01-01 00:00:16.366,8,14,6,0,777168,1242
2022-01-01 00:00:16.367,9,12,11,0,1529955,1242
2022-01-01 00:00:16.368,8,17,23,0,3953066,1242
2022-01-01 00:00:16.369,9,16,5,0,436659,1242
2022-01-01 00:00:16.370,8,9,1,0,15733,1242
2022-01-01 00:00:16.371,9,12,1,0,6488,1242
2022-01-01 00:00:16.372,9,16,5,0,525714,1242
2022-01-01 00:00:16.373,9,14,1,0,17155,1242
2022-01-01 00:00:16.374,8,14,10,0,1406831,1242
2022-01-01 00:00:16.375,9,14,8,1,1165333,1242
2022-01-01 00:00:16.376,8,17,19,0,3218461,1242
2022-01-01 00:00:16.377,9,11,2,0,17258,1242
2022-01-01 00:00:16.378,9,6,1,0,6593,1242
2022-01-01 00:00:16.379,8,14,5,0,463730,1242
2022-01-01 00:00:16.380,8,9,1,0,15560,1242
2022-01-01 00:00:16.381,9,10,2,0,72177,1242
2022-01-01 00:00:16.382,9,6,1,0,6741,1242
2022-01-01 00:00:16.383,8,13,1,1,22241,1242
2022-01-01 00:00:16.384,9,18,1,0,5600,1242
2022-01-01 00:00:16.385,8,18,30,3,5757600,1242
2022-01-01 00:00:16.386,8,17,12,0,2061333,1242
2022-01-01 00:00:16.387,8,14,1,0,25333,1242
2022-01-01 00:00:16.388,9,12,1,0,6488,1242
2022-01-01 00:00:16.389,8,13,4,0,398044,1242
2022-01-01 00:00:16.390,9,15,3,0,139822,1242
2022-01-01 00:00:16.391,9,11,2,0,11200,1242
2022-01-01 00:00:16.392,9,16,21,1,2695022,1242
2022-01-01 00:00:16.393,8,13,15,0,1776177,1242
2022-01-01 00:00:16.394,9,12,1,0,13244,1242
2022-01-01 00:00:16.395,8,12,1,0,6488,1242
2022-01-01 00:00:16.396,9,15,4,0,395733,1242
2022-01-01 00:00:16.397,8,14,4,0,107733,1242
2022-01-01 00:00:16.398,9,11,1,0,5662,1242
2022-01-01 00:00:16.399,8,16,19,0,2576800,1242
2022-01-01 00:00:16.400,7,11,20,0,1816800,1242
2022-01-01 00:00:16.401,8,9,2,0,24177,1242
2022-01-01 00:00:16.402,9,11,1,0,5600,1242
2022-01-01 00:00:16.403,8,12,1,0,6488,1242
2022-01-01 00:00:16.404,9,7,1,0,7911,1242
2022-01-01 00:00:16.405,9,15,4,0,395733,1242
2022-01-01 00:00:16.406,9,14,2,0,111288,1242
2022-01-01 00:00:16.407,9,16,11,0,1546222,1242
2022-01-01 00:00:16.408,9,16,10,0,1306488,1242
2022-01-01 00:00:16.409,8,15,19,1,2432800,1242
2022-01-01 00:00:16.410,9,12,1,0,13244,1242
2022-01-01 00:00:16.411,8,14,1,0,8266,1242
2022-01-01 00:00:16.412,8,12,1,0,6488,1242
2022-01-01 00:00:16.413,8,15,4,0,493333,1242
2022-01-01 00:00:16.414,9,9,2,0,16000,1242
2022-01-01 00:00:16.415,9,13,2,0,72177,1242
2022-01-01 00:00:16.416,9,12,1,0,6488,1242
2022-01-01 00:00:16.417,8,14,1,0,8266,1242
2022-01-01 00:00:16.418,9,11,1,0,5600,1242
2022-01-01 00:00:16.419,8,14,7,0,516177,1242
2022-01-01 00:00:16.420,9,11,1,1,5600,1242
2022-01-01 00:00:16.421,9,16,25,3,3119111,1242
2022-01-01 00:00:16.422,9,16,8,1,639466,1242
2022-01-01 00:00:16.423,8,11,1,0,11466,1242
2022-01-01 00:00:16.424,8,11,1,0,5600,1242
2022-01-01 00:00:16.425,9,12,1,0,6488,1242
2022-01-01 00:00:16.426,9,15,4,0,464888,1242
2022-01-01 00:00:16.427,9,12,3,0,42400,1242
2022-01-01 00:00:16.428,9,12,1,0,6488,1242
2022-01-01 00:00:16.429,8,11,1,0,5600,1242
2022-01-01 00:00:16.430,9,15,5,1,517777,1242
2022-01-01 00:00:16.431,8,11,1,0,5600,1242
2022-01-01 00:00:16.432,9,16,29,0,4106044,1242
2022-01-01 00:00:16.433,8,13,1,0,37422,1242
2022-01-01 00:00:16.434,8,5,1,0,8622,1242
2022-01-01 00:00:16.435,7,12,1,0,6488,1242
2022-01-01 00:00:16.436,8,15,3,0,370400,1242
2022-01-01 00:00:16.437,7,10,6,0,146133,1242
2022-01-01 00:00:16.438,8,15,5,1,418577,1242
2022-01-01 00:00:16.439,8,13,36,3,4104355,1242
2022-01-01 00:00:16.440,8,8,3,0,159733,1242
2022-01-01 00:00:16.441,8,12,1,0,6488,1242
2022-01-01 00:00:16.442,7,12,8,0,495911,1242
2022-01-01 00:00:16.443,9,11,2,0,12266,1242
2022-01-01 00:00:16.444,8,15,4,0,417777,1242
2022-01-01 00:00:16.445,7,12,34,3,3269511,1242
2022-01-01 00:00:16.446,8,11,13,2,972533,1242
2022-01-01 00:00:16.447,8,12,1,1,6488,1242
2022-01-01 00:00:16.448,7,11,5,0,419111,1242
2022-01-01 00:00:16.449,8,8,3,0,114577,1242
2022-01-01 00:00:16.450,7,14,28,3,3561777,1242
2022-01-01 00:00:16.451,7,6,1,0,13600,1242
2022-01-01 00:00:16.452,7,12,1,1,6488,1242
2022-01-01 00:00:16.453,7,11,5,1,419111,1242
2022-01-01 00:00:16.454,8,11,3,1,111911,1242
2022-01-01 00:00:16.455,8,15,21,2,2585688,1242
2022-01-01 00:00:16.456,8,11,18,1,1353600,1242
2022-01-01 00:00:16.457,8,12,1,0,6488,1242
2022-01-01 00:00:16.458,8,12,6,0,511377,1242
2022-01-01 00:00:16.459,8,11,1,0,5600,1242
2022-01-01 00:00:16.460,8,13,1,0,105866,1242
2022-01-01 00:00:16.461,8,12,3,0,37422,1242
2022-01-01 00:00:16.462,8,11,1,0,5600,1242
2022-01-01 00:00:16.463,8,15,23,1,3092800,1242
2022-01-01 00:00:16.464,7,13,37,2,4472888,1242
2022-01-01 00:00:16.465,9,18,18,0,3323644,1242
2022-01-01 00:00:16.466,8,14,21,1,3025600,1242
2022-01-01 00:00:16.467,9,18,16,0,2905600,1242
2022-01-01 00:00:16.468,8,16,10,0,1688266,1242
2022-01-01 00:00:16.469,8,16,25,0,3699555,1242
2022-01-01 00:00:16.470,9,14,1,0,8266,1242
2022-01-01 00:00:16.471,8,12,2,0,12977,1242
2022-01-01 00:00:16.472,9,15,2,0,188000,1242
2022-01-01 00:00:16.473,8,11,5,0,326222,1242
2022-01-01 00:00:16.474,8,0,1,0,5600,1242
2022-01-01 00:00:16.475,8,12,2,0,103822,1242
2022-01-01 00:00:16.476,9,12,4,0,42844,1242
2022-01-01 00:00:16.477,9,12,1,0,6488,1274
2022-01-01 00:00:16.478,7,13,32,2,3304977,1242
2022-01-01 00:00:16.479,8,15,8,0,727288,1274
2022-01-01 00:00:16.480,7,11,58,4,6032533,1242
2022-01-01 00:00:16.481,9,0,1,0,10755,1274
2022-01-01 00:00:16.482,7,13,34,5,4333866,1242
2022-01-01 00:00:16.483,7,13,46,5,5067733,1242
2022-01-01 00:00:16.484,8,16,32,3,4795111,1242
2022-01-01 00:00:16.485,8,0,3,0,24800,1242
2022-01-01 00:00:16.486,9,12,1,0,6488,1242
2022-01-01 00:00:16.487,8,12,7,0,511111,1242
2022-01-01 00:00:16.488,8,2,5,0,27288,1242
2022-01-01 00:00:16.489,9,12,1,0,6488,1274
2022-01-01 00:00:16.490,8,16,6,0,668177,1274
2022-01-01 00:00:16.491,8,6,1,0,6666,1274
2022-01-01 00:00:16.492,9,17,6,0,732000,1274
2022-01-01 00:00:16.493,9,16,7,0,933866,1274
2022-01-01 00:00:16.494,8,15,32,2,4359022,1242
2022-01-01 00:00:16.495,9,0,4,0,538488,1274
2022-01-01 00:00:16.496,8,14,23,2,3103288,1242
2022-01-01 00:00:16.497,8,16,22,0,3338488,1242
2022-01-01 00:00:16.498,8,17,25,2,4141422,1242
2022-01-01 00:00:16.499,8,19,5,0,1069066,1274
2022-01-01 00:00:16.500,8,14,32,2,4596444,1242
2022-01-01 00:00:16.501,9,18,25,1,4572977,1274
2022-01-01 00:00:16.502,7,11,12,0,1210133,1242
2022-01-01 00:00:16.503,9,0,1,0,6488,1274
2022-01-01 00:00:16.504,8,10,6,0,414755,1274
2022-01-01 00:00:16.505,8,12,5,0,230844,1274
2022-01-01 00:00:16.506,8,18,28,1,4747733,1274
2022-01-01 00:00:16.507,9,6,1,0,6666,1242
2022-01-01 00:00:16.508,8,13,6,0,497511,1242
2022-01-01 00:00:16.509,8,11,2,0,28800,1242
2022-01-01 00:00:16.510,8,12,2,0,120888,1242
2022-01-01 00:00:16.511,8,12,3,0,40088,1242
2022-01-01 00:00:16.512,9,16,18,2,2632000,1242
2022-01-01 00:00:16.513,7,13,62,3,7407466,1242
2022-01-01 00:00:16.514,7,12,36,3,4067822,1242
2022-01-01 00:00:16.515,7,13,37,4,4779644,1242
2022-01-01 00:00:16.516,8,13,26,3,3368533,1242
2022-01-01 00:00:16.517,8,0,1,0,23200,1242
2022-01-01 00:00:16.518,8,10,1,0,6666,1274
2022-01-01 00:00:16.519,9,12,2,0,73066,1274
2022-01-01 00:00:16.520,8,13,4,0,410133,1274
2022-01-01 00:00:16.521,9,10,10,0,331377,1274
2022-01-01 00:00:16.522,9,12,1,0,6488,1242
2022-01-01 00:00:16.523,8,11,1,0,6488,1242
2022-01-01 00:00:16.524,8,12,10,0,521244,1242
2022-01-01 00:00:16.525,8,11,1,0,5600,1242
2022-01-01 00:00:16.526,9,12,1,0,6488,1274
2022-01-01 00:00:16.527,8,14,8,0,650400,1274
2022-01-01 00:00:16.528,9,12,1,0,6488,1274
2022-01-01 00:00:16.529,9,16,8,0,709155,1274
2022-01-01 00:00:16.530,9,17,4,0,165955,1274
2022-01-01 00:00:16.531,8,16,9,0,1305422,1274
2022-01-01 00:00:16.532,8,17,20,0,3028355,1274
2022-01-01 00:00:16.533,9,16,19,0,2724266,1274
2022-01-01 00:00:16.534,9,12,1,0,6488,1274
2022-01-01 00:00:16.535,8,17,4,1,410133,1274
2022-01-01 00:00:16.536,9,13,8,0,321777,1274
2022-01-01 00:00:16.537,8,15,39,1,4709688,1242
2022-01-01 00:00:16.538,8,14,20,2,3017066,1242
2022-01-01 00:00:16.539,9,17,22,0,3763200,1242
2022-01-01 00:00:16.540,8,14,28,0,4223377,1242
2022-01-01 00:00:16.541,8,18,17,0,2446222,1242
2022-01-01 00:00:16.542,8,12,1,0,6488,1274
2022-01-01 00:00:16.543,7,15,20,1,3130044,1242
2022-01-01 00:00:16.544,8,19,2,0,424266,1274
2022-01-01 00:00:16.545,8,13,15,1,1778222,1242
2022-01-01 00:00:16.546,9,13,5,0,252622,1274
2022-01-01 00:00:16.547,8,16,7,0,901600,1274
2022-01-01 00:00:16.548,8,15,10,0,1296266,1274
2022-01-01 00:00:16.549,9,19,27,0,5624000,1274
2022-01-01 00:00:16.550,8,12,2,0,42488,1274
2022-01-01 00:00:16.551,8,12,2,0,12977,1242
2022-01-01 00:00:16.552,8,11,8,0,517688,1242
2022-01-01 00:00:16.553,8,9,6,0,162666,1242
2022-01-01 00:00:16.554,8,15,23,0,2939022,1242
2022-01-01 00:00:16.555,7,12,53,7,6387022,1242
2022-01-01 00:00:16.556,8,14,36,6,5029866,1242
2022-01-01 00:00:16.557,7,13,40,5,5164177,1242
2022-01-01 00:00:16.558,8,15,21,2,2626933,1242
2022-01-01 00:00:16.559,9,12,1,0,6488,1274
2022-01-01 00:00:16.560,8,0,1,0,19288,1242
2022-01-01 00:00:16.561,9,15,4,0,411377,1274
2022-01-01 00:00:16.562,9,15,6,0,331911,1274
2022-01-01 00:00:16.563,9,12,1,0,6488,1242
2022-01-01 00:00:16.564,8,12,1,0,6488,1242
2022-01-01 00:00:16.565,9,15,4,0,409244,1242
2022-01-01 00:00:16.566,7,11,4,1,117333,1242
2022-01-01 00:00:16.567,8,12,1,0,6488,1274
2022-01-01 00:00:16.568,7,13,55,1,5645244,1242
2022-01-01 00:00:16.569,8,13,47,3,6146400,1242
2022-01-01 00:00:16.570,9,16,4,1,532622,1274
2022-01-01 00:00:16.571,8,14,34,4,4915022,1242
2022-01-01 00:00:16.572,9,14,1,0,17155,1274
2022-01-01 00:00:16.573,7,13,35,4,4819377,1242
2022-01-01 00:00:16.574,8,9,6,1,485688,1242
2022-01-01 00:00:16.575,8,17,22,0,3072533,1274
2022-01-01 00:00:16.576,9,19,6,0,1191733,1274
2022-01-01 00:00:16.577,8,18,10,0,2002133,1274
2022-01-01 00:00:16.578,9,13,2,0,16177,1274
2022-01-01 00:00:16.579,9,12,1,0,6488,1274
2022-01-01 00:00:16.580,8,12,1,0,6488,1242
2022-01-01 00:00:16.581,8,6,1,0,6666,1242
2022-01-01 00:00:16.582,8,12,9,0,514044,1242
2022-01-01 00:00:16.583,8,15,4,0,527200,1274
2022-01-01 00:00:16.584,8,11,1,0,5600,1242
2022-01-01 00:00:16.585,8,0,1,0,17155,1274
2022-01-01 00:00:16.586,7,12,47,3,4995733,1242
2022-01-01 00:00:16.587,9,19,9,0,1736266,1274
2022-01-01 00:00:16.588,8,14,48,5,6742488,1242
2022-01-01 00:00:16.589,9,0,6,0,1213066,1274
2022-01-01 00:00:16.590,7,14,31,2,4033422,1242
2022-01-01 00:00:16.591,8,19,12,0,2183022,1274
2022-01-01 00:00:16.592,7,13,45,4,5454133,1242
2022-01-01 00:00:16.593,9,12,2,0,16177,1274
2022-01-01 00:00:16.594,8,14,9,2,1163555,1242
2022-01-01 00:00:16.595,8,12,1,0,6488,1242
2022-01-01 00:00:16.596,8,0,1,0,6488,1242
2022-01-01 00:00:16.597,8,12,6,0,495377,1242
2022-01-01 00:00:16.598,8,5,3,0,29600,1242
2022-01-01 00:00:16.599,8,12,1,0,6488,1274
2022-01-01 00:00:16.600,8,17,5,0,527644,1274
2022-01-01 00:00:16.601,9,13,2,0,15644,1274
2022-01-01 00:00:16.602,9,18,11,1,1839822,1274
2022-01-01 00:00:16.603,9,19,10,0,1374666,1274
2022-01-01 00:00:16.604,8,18,10,1,1825155,1274
2022-01-01 00:00:16.605,9,9,1,0,15733,1274
2022-01-01 00:00:16.606,8,15,48,4,6059466,1242
2022-01-01 00:00:16.607,8,15,47,7,6516444,1242
2022-01-01 00:00:16.608,7,16,31,5,5283200,1242
2022-01-01 00:00:16.609,8,12,24,0,2580711,1242
2022-01-01 00:00:16.610,9,12,1,0,6488,1274
2022-01-01 00:00:16.611,9,0,1,0,18577,1242
2022-01-01 00:00:16.612,9,17,6,0,528266,1274
2022-01-01 00:00:16.613,8,14,1,0,17155,1274
2022-01-01 00:00:16.614,9,19,19,0,3333244,1274
2022-01-01 00:00:16.615,9,19,6,0,836711,1274
2022-01-01 00:00:16.616,9,0,7,0,1216355,1274
2022-01-01 00:00:16.617,7,12,2,0,13155,1242
2022-01-01 00:00:16.618,8,14,1,0,17155,1274
2022-01-01 00:00:16.619,9,15,4,0,404977,1242
2022-01-01 00:00:16.620,9,13,6,0,109155,1242
2022-01-01 00:00:16.621,9,12,1,0,6488,1274
2022-01-01 00:00:16.622,9,16,4,0,532622,1274
2022-01-01 00:00:16.623,8,13,1,0,5600,1274
2022-01-01 00:00:16.624,9,0,1,0,10044,1274
2022-01-01 00:00:16.625,9,19,10,0,1737155,1274
2022-01-01 00:00:16.626,9,7,10,0,1586755,1274
2022-01-01 00:00:16.627,8,17,10,0,1615644,1274
2022-01-01 00:00:16.628,9,14,1,0,17155,1274
2022-01-01 00:00:16.629,8,15,25,2,2876533,1242
2022-01-01 00:00:16.630,8,15,32,3,4408177,1242
2022-01-01 00:00:16.631,8,12,1,0,6488,1274
2022-01-01 00:00:16.632,8,14,20,2,2324888,1242
2022-01-01 00:00:16.633,8,16,14,3,1800088,1242
2022-01-01 00:00:16.634,8,16,19,2,2772088,1242
2022-01-01 00:00:16.635,8,15,4,0,527200,1274
2022-01-01 00:00:16.636,9,16,29,1,4419911,1242
2022-01-01 00:00:16.637,9,14,1,0,17155,1274
2022-01-01 00:00:16.638,8,17,12,0,1988000,1242
2022-01-01 00:00:16.639,8,11,1,0,5600,1274
2022-01-01 00:00:16.640,9,20,16,0,3529333,1274
2022-01-01 00:00:16.641,8,17,8,0,1273422,1274
2022-01-01 00:00:16.642,8,14,1,0,17155,1274
2022-01-01 00:00:16.643,8,6,1,0,6666,1242
2022-01-01 00:00:16.644,8,0,1,0,6666,1242
2022-01-01 00:00:16.645,8,12,9,0,508219,1242
2022-01-01 00:00:16.646,8,13,37,6,3896898,1242
2022-01-01 00:00:16.647,7,13,47,6,6307200,1242
2022-01-01 00:00:16.648,6,9,45,7,3923022,1242
2022-01-01 00:00:16.649,7,10,37,5,3403288,1242
2022-01-01 00:00:16.650,6,7,31,5,2340800,1242
2022-01-01 00:00:16.651,6,6,13,1,776444,1242
2022-01-01 00:00:16.652,8,12,1,0,6488,1274
2022-01-01 00:00:16.653,9,6,2,0,14755,1242
2022-01-01 00:00:16.654,9,16,5,0,528177,1274
2022-01-01 00:00:16.655,8,11,5,1,298933,1242
2022-01-01 00:00:16.656,8,14,1,0,17155,1274
2022-01-01 00:00:16.657,8,11,4,0,222044,1242
2022-01-01 00:00:16.658,8,15,3,0,268266,1274
2022-01-01 00:00:16.659,9,18,17,0,2933866,1274
2022-01-01 00:00:16.660,8,19,9,0,1681866,1274
2022-01-01 00:00:16.661,9,14,1,0,17155,1274
2022-01-01 00:00:16.662,8,8,2,0,119111,1242
2022-01-01 00:00:16.663,7,6,5,0,55377,1242
2022-01-01 00:00:16.664,9,12,1,0,6488,1274
2022-01-01 00:00:16.665,8,15,1,0,5600,1274
2022-01-01 00:00:16.666,8,0,3,0,521600,1274
2022-01-01 00:00:16.667,9,14,1,0,17155,1274
2022-01-01 00:00:16.668,8,16,1,1,5600,1274
2022-01-01 00:00:16.669,8,19,16,1,3461333,1274
2022-01-01 00:00:16.670,8,17,9,1,1438577,1274
2022-01-01 00:00:16.671,9,14,1,0,17155,1274
2022-01-01 00:00:16.672,8,13,22,2,2771466,1242
2022-01-01 00:00:16.673,6,8,51,3,4046311,1242
2022-01-01 00:00:16.674,8,11,27,1,2809866,1242
2022-01-01 00:00:16.675,8,11,15,1,1420177,1242
2022-01-01 00:00:16.676,7,10,26,2,2364888,1242
2022-01-01 00:00:16.677,7,11,25,3,2650755,1242
2022-01-01 00:00:16.678,8,12,1,0,6488,1274
2022-01-01 00:00:16.679,7,11,25,3,2628000,1242
2022-01-01 00:00:16.680,8,13,28,0,3402311,1242
2022-01-01 00:00:16.681,8,16,1,0,5600,1274
2022-01-01 00:00:16.682,8,15,7,0,524711,1274
2022-01-01 00:00:16.683,8,9,2,0,15644,1274
2022-01-01 00:00:16.684,9,11,1,0,5600,1274
2022-01-01 00:00:16.685,8,9,2,0,13155,1242
2022-01-01 00:00:16.686,9,19,17,0,3446044,1274
2022-01-01 00:00:16.687,8,17,12,1,1637066,1274
2022-01-01 00:00:16.688,8,10,8,0,519822,1242
2022-01-01 00:00:16.689,9,14,1,0,17155,1274
2022-01-01 00:00:16.690,8,11,1,0,5600,1242
2022-01-01 00:00:16.691,8,11,31,3,3007911,1242
2022-01-01 00:00:16.692,7,11,42,1,4402133,1242
2022-01-01 00:00:16.693,7,11,31,5,3256266,1242
2022-01-01 00:00:16.694,7,10,31,5,2876177,1242
2022-01-01 00:00:16.695,7,11,33,6,3228177,1242
2022-01-01 00:00:16.696,6,9,30,6,2514488,1242
2022-01-01 00:00:16.697,7,10,37,7,2970577,1242
2022-01-01 00:00:16.698,7,6,4,0,155911,1242
2022-01-01 00:00:16.699,9,12,1,0,6488,1274
2022-01-01 00:00:16.700,8,15,4,0,527200,1274
2022-01-01 00:00:16.701,8,14,1,0,17155,1274
2022-01-01 00:00:16.702,8,6,2,0,13333,1242
2022-01-01 00:00:16.703,8,11,5,0,410577,1242
2022-01-01 00:00:16.704,8,19,17,1,3169600,1274
2022-01-01 00:00:16.705,7,8,4,0,114133,1242
2022-01-01 00:00:16.706,9,19,12,1,2363555,1274
2022-01-01 00:00:16.707,8,14,1,0,17155,1274
2022-01-01 00:00:16.708,8,12,1,0,6488,1274
2022-01-01 00:00:16.709,8,16,4,0,526933,1274
2022-01-01 00:00:16.710,9,14,1,0,17155,1274
2022-01-01 00:00:16.711,9,11,1,0,5600,1274
2022-01-01 00:00:16.712,8,18,18,0,3321066,1274
2022-01-01 00:00:16.713,9,19,8,0,1483377,1274
2022-01-01 00:00:16.714,9,14,1,0,17155,1274
2022-01-01 00:00:16.715,9,14,9,0,1269333,1242
2022-01-01 00:00:16.716,7,11,51,5,5050044,1242
2022-01-01 00:00:16.717,8,11,20,2,2080888,1242
2022-01-01 00:00:16.718,7,10,28,2,2516000,1242
2022-01-01 00:00:16.719,8,14,9,0,1364533,1242
2022-01-01 00:00:16.720,7,11,40,3,4688800,1242
2022-01-01 00:00:16.721,7,10,30,2,2894933,1242
2022-01-01 00:00:16.722,9,0,1,0,6488,1274
2022-01-01 00:00:16.723,7,11,16,1,1619377,1242
2022-01-01 00:00:16.724,9,16,5,0,530222,1274
2022-01-01 00:00:16.725,9,12,2,1,15644,1274
2022-01-01 00:00:16.726,8,17,22,0,3325422,1274
2022-01-01 00:00:16.727,9,19,5,0,1013600,1274
2022-01-01 00:00:16.728,9,19,8,0,1347111,1274
2022-01-01 00:00:16.729,8,12,1,0,6488,1242
2022-01-01 00:00:16.730,8,14,1,0,17155,1274
2022-01-01 00:00:16.731,8,6,1,0,6666,1242
2022-01-01 00:00:16.732,7,11,7,0,519377,1242
2022-01-01 00:00:16.733,8,5,1,0,5600,1242
2022-01-01 00:00:16.734,8,12,1,0,6488,1274
2022-01-01 00:00:16.735,8,16,7,1,539200,1274
2022-01-01 00:00:16.736,9,14,1,0,17155,1274
2022-01-01 00:00:16.737,9,18,11,0,1839733,1274
2022-01-01 00:00:16.738,8,0,7,0,1319644,1274
2022-01-01 00:00:16.739,9,19,9,0,1745066,1274
2022-01-01 00:00:16.740,8,15,2,0,16355,1274
2022-01-01 00:00:16.741,9,12,1,0,6488,1274
2022-01-01 00:00:16.742,9,14,3,0,310933,1274
2022-01-01 00:00:16.743,8,13,3,0,128977,1274
2022-01-01 00:00:16.744,9,0,1,0,6488,1274
2022-01-01 00:00:16.745,7,12,40,3,4347111,1242
2022-01-01 00:00:16.746,8,15,3,0,319466,1274
2022-01-01 00:00:16.747,7,11,23,0,2305511,1242
2022-01-01 00:00:16.748,9,11,4,0,60444,1274
2022-01-01 00:00:16.749,9,14,23,0,2932088,1242
2022-01-01 00:00:16.750,8,13,2,0,97244,1274
2022-01-01 00:00:16.751,8,13,23,0,3173600,1242
2022-01-01 00:00:16.752,8,19,4,0,366577,1274
2022-01-01 00:00:16.753,9,14,23,0,3071555,1242
2022-01-01 00:00:16.754,8,15,5,0,586400,1274
2022-01-01 00:00:16.755,8,12,20,0,2211956,1242
2022-01-01 00:00:16.756,8,13,39,2,4687191,1242
2022-01-01 00:00:16.757,8,12,7,0,918755,1242
2022-01-01 00:00:16.758,8,11,25,1,2548355,1242
2022-01-01 00:00:16.759,8,6,1,0,6593,1274
2022-01-01 00:00:16.760,9,19,2,0,429033,1274
2022-01-01 00:00:16.761,8,12,5,0,259200,1274
2022-01-01 00:00:16.762,9,19,4,2,409955,1274
2022-01-01 00:00:16.763,7,6,2,0,13186,1242
2022-01-01 00:00:16.764,8,12,7,0,487384,1274
2022-01-01 00:00:16.765,8,11,5,0,415191,1242
2022-01-01 00:00:16.766,8,16,8,0,1317662,1274
2022-01-01 00:00:16.767,8,10,4,0,112888,1242
2022-01-01 00:00:16.768,9,13,1,0,105866,1242
2022-01-01 00:00:16.769,8,10,3,0,38133,1242
2022-01-01 00:00:16.770,8,17,33,2,5610666,1274
2022-01-01 00:00:16.771,8,11,1,0,5600,1242
2022-01-01 00:00:16.772,9,14,1,0,17155,1274
2022-01-01 00:00:16.773,8,12,1,0,6488,1274
2022-01-01 00:00:16.774,8,17,3,0,429866,1274
2022-01-01 00:00:16.775,9,14,7,1,321066,1274
2022-01-01 00:00:16.776,8,13,19,1,2402516,1242
2022-01-01 00:00:16.777,7,10,47,4,4464977,1242
2022-01-01 00:00:16.778,7,11,37,5,3432088,1242
2022-01-01 00:00:16.779,7,10,36,6,2777066,1242
2022-01-01 00:00:16.780,7,11,39,4,3763288,1242
2022-01-01 00:00:16.781,6,9,32,2,2852800,1242
2022-01-01 00:00:16.782,7,10,22,1,1906666,1242
2022-01-01 00:00:16.783,8,0,1,0,6417,1274
2022-01-01 00:00:16.784,9,14,9,0,681155,1274
2022-01-01 00:00:16.785,9,12,1,0,6561,1274
2022-01-01 00:00:16.786,8,16,9,0,710065,1274
2022-01-01 00:00:16.787,8,16,6,0,580800,1274
2022-01-01 00:00:16.788,8,0,5,0,880000,1274
2022-01-01 00:00:16.789,9,12,1,0,6488,1242
2022-01-01 00:00:16.790,8,17,36,0,5669066,1274
2022-01-01 00:00:16.791,8,11,7,0,501303,1242
2022-01-01 00:00:16.792,8,10,2,0,15824,1242
2022-01-01 00:00:16.793,8,11,1,0,5600,1242
2022-01-01 00:00:16.794,8,6,1,0,6666,1274
2022-01-01 00:00:16.795,8,17,3,0,408533,1274
2022-01-01 00:00:16.796,9,12,7,1,332764,1274
2022-01-01 00:00:16.797,8,11,18,1,1936898,1242
2022-01-01 00:00:16.798,8,14,4,0,607648,1242
2022-01-01 00:00:16.799,8,11,1,0,5538,1274
2022-01-01 00:00:16.800,8,11,14,1,1676088,1242
2022-01-01 00:00:16.801,8,14,2,0,19022,1274
2022-01-01 00:00:16.802,7,13,22,1,2776087,1242
2022-01-01 00:00:16.803,8,9,3,0,441230,1274
2022-01-01 00:00:16.804,8,11,22,0,2118400,1242
2022-01-01 00:00:16.805,9,18,1,0,74577,1274
2022-01-01 00:00:16.806,7,10,14,3,1330044,1242
2022-01-01 00:00:16.807,8,8,2,0,14044,1274
2022-01-01 00:00:16.808,7,9,1,0,15910,1242
2022-01-01 00:00:16.809,8,12,1,0,6561,1242
2022-01-01 00:00:16.810,8,13,6,0,495644,1242
2022-01-01 00:00:16.811,8,10,2,0,16179,1242
2022-01-01 00:00:16.812,8,11,1,0,5538,1242
2022-01-01 00:00:16.813,8,12,1,0,6417,1274
2022-01-01 00:00:16.814,9,17,3,0,501573,1274
2022-01-01 00:00:16.815,8,15,5,0,187340,1274
2022-01-01 00:00:16.816,8,17,4,0,629066,1274
2022-01-01 00:00:16.817,8,12,7,0,263111,1274
2022-01-01 00:00:16.818,9,16,9,0,1308444,1274
2022-01-01 00:00:16.819,8,16,13,1,1982577,1274
2022-01-01 00:00:16.820,9,19,44,1,8634844,1274
2022-01-01 00:00:16.821,8,0,1,0,21422,1274
2022-01-01 00:00:16.822,8,11,19,2,1918666,1242
2022-01-01 00:00:16.823,8,14,16,2,2299377,1242
2022-01-01 00:00:16.824,8,14,4,0,621303,1242
2022-01-01 00:00:16.825,7,14,16,0,2160967,1242
2022-01-01 00:00:16.826,7,11,31,2,3306400,1242
2022-01-01 00:00:16.827,8,6,1,0,6666,1274
2022-01-01 00:00:16.828,8,13,18,2,2238222,1242
2022-01-01 00:00:16.829,7,0,2,0,1244,1242
2022-01-01 00:00:16.830,8,16,4,0,485955,1274
2022-01-01 00:00:16.831,8,9,1,0,15733,1242
2022-01-01 00:00:16.832,8,17,29,0,4732711,1274
2022-01-01 00:00:16.833,8,11,1,0,11466,1274
2022-01-01 00:00:16.834,8,6,1,0,6666,1242
2022-01-01 00:00:16.835,8,14,5,0,495200,1242
2022-01-01 00:00:16.836,9,9,1,0,15733,1242
2022-01-01 00:00:16.837,8,5,1,0,5600,1242
2022-01-01 00:00:16.838,9,12,1,0,6488,1274
2022-01-01 00:00:16.839,9,16,9,0,637866,1274
2022-01-01 00:00:16.840,8,17,27,0,4503911,1274
2022-01-01 00:00:16.841,9,18,41,0,7978400,1274
2022-01-01 00:00:16.842,8,18,27,1,5696533,1274
2022-01-01 00:00:16.843,9,19,25,0,4418222,1274
2022-01-01 00:00:16.844,8,14,14,0,1917066,1242
2022-01-01 00:00:16.845,8,0,1,0,622,1242
2022-01-01 00:00:16.846,8,12,22,1,2418666,1242
2022-01-01 00:00:16.847,8,11,28,2,2934222,1242
2022-01-01 00:00:16.848,6,11,37,3,3952444,1242
2022-01-01 00:00:16.849,8,14,6,0,847466,1242
2022-01-01 00:00:16.850,8,11,2,0,17258,1242
2022-01-01 00:00:16.851,7,0,1,0,7022,1242
2022-01-01 00:00:16.852,9,13,4,0,433600,1242
2022-01-01 00:00:16.853,8,10,2,0,27200,1242
2022-01-01 00:00:16.854,8,12,1,0,6488,1274
2022-01-01 00:00:16.855,8,11,1,0,59466,1242
2022-01-01 00:00:16.856,8,9,2,0,17777,1242
2022-01-01 00:00:16.857,8,12,11,0,668444,1274
2022-01-01 00:00:16.858,8,15,8,0,861688,1274
2022-01-01 00:00:16.859,8,17,10,1,1329600,1274
2022-01-01 00:00:16.860,7,12,21,0,2365066,1242
2022-01-01 00:00:16.861,8,18,15,0,2617333,1274
2022-01-01 00:00:16.862,7,11,10,2,1016533,1242
2022-01-01 00:00:16.863,9,19,15,2,3004088,1274
2022-01-01 00:00:16.864,8,11,2,0,18844,1242
2022-01-01 00:00:16.865,8,14,1,0,17155,1274
2022-01-01 00:00:16.866,9,12,1,0,6488,1274
2022-01-01 00:00:16.867,8,16,3,0,493155,1274
2022-01-01 00:00:16.868,9,12,7,0,267200,1274
2022-01-01 00:00:16.869,8,12,1,0,6488,1242
2022-01-01 00:00:16.870,8,13,4,0,425066,1242
2022-01-01 00:00:16.871,8,11,4,0,109155,1242
2022-01-01 00:00:16.872,7,10,36,0,3245511,1242
2022-01-01 00:00:16.873,9,8,1,0,13955,1242
2022-01-01 00:00:16.874,8,12,1,0,6488,1274
2022-01-01 00:00:16.875,8,15,6,0,497244,1274
2022-01-01 00:00:16.876,9,11,3,0,168888,1274
2022-01-01 00:00:16.877,9,12,8,0,879733,1274
2022-01-01 00:00:16.878,8,16,9,0,1296177,1274
2022-01-01 00:00:16.879,8,17,5,0,861066,1274
2022-01-01 00:00:16.880,9,19,48,1,9629422,1274
2022-01-01 00:00:16.881,8,7,1,0,12177,1274
2022-01-01 00:00:16.882,9,15,3,0,34755,1274
2022-01-01 00:00:16.883,9,11,1,0,5600,1242
2022-01-01 00:00:16.884,8,12,1,0,20000,1242
2022-01-01 00:00:16.885,8,14,5,0,563466,1242
2022-01-01 00:00:16.886,9,13,1,0,61600,1242
2022-01-01 00:00:16.887,8,12,14,0,1521155,1242
2022-01-01 00:00:16.888,7,11,15,0,1535911,1242
2022-01-01 00:00:16.889,8,12,27,0,2997123,1242
2022-01-01 00:00:16.890,8,11,4,0,565714,1242
2022-01-01 00:00:16.891,8,12,1,0,6417,1274
2022-01-01 00:00:16.892,8,4,2,0,16000,1242
2022-01-01 00:00:16.893,9,19,2,0,424266,1274
2022-01-01 00:00:16.894,8,15,3,0,249955,1274
2022-01-01 00:00:16.895,8,9,1,0,5066,1242
2022-01-01 00:00:16.896,8,9,2,0,16888,1274
2022-01-01 00:00:16.897,9,16,5,0,631200,1274
2022-01-01 00:00:16.898,8,13,8,0,260977,1274
2022-01-01 00:00:16.899,9,13,1,0,7555,1242
2022-01-01 00:00:16.900,9,19,7,0,1297866,1274
2022-01-01 00:00:16.901,9,12,1,0,6488,1242
2022-01-01 00:00:16.902,8,13,2,0,141333,1242
2022-01-01 00:00:16.903,8,11,11,0,520622,1242
2022-01-01 00:00:16.904,8,17,6,0,911466,1274
2022-01-01 00:00:16.905,9,18,27,1,4723377,1274
2022-01-01 00:00:16.906,8,11,9,0,721168,1242
2022-01-01 00:00:16.907,8,13,10,0,593758,1242
2022-01-01 00:00:16.908,8,13,7,0,857600,1242
2022-01-01 00:00:16.909,9,12,1,0,6488,1274
2022-01-01 00:00:16.910,8,18,5,0,413244,1274
2022-01-01 00:00:16.911,9,14,19,0,2847733,1242
2022-01-01 00:00:16.912,8,13,5,0,334044,1274
2022-01-01 00:00:16.913,8,12,23,2,2814488,1242
2022-01-01 00:00:16.914,9,6,1,0,6666,1274
2022-01-01 00:00:16.915,9,6,1,0,6666,1242
2022-01-01 00:00:16.916,9,18,6,1,594577,1274
2022-01-01 00:00:16.917,8,12,2,0,61688,1274
2022-01-01 00:00:16.918,9,18,6,0,695911,1274
2022-01-01 00:00:16.919,8,6,1,0,6666,1242
2022-01-01 00:00:16.920,9,11,7,1,175022,1274
2022-01-01 00:00:16.921,8,12,1,1,110133,1242
2022-01-01 00:00:16.922,9,19,6,0,1289600,1274
2022-01-01 00:00:16.923,8,10,10,0,524977,1242
2022-01-01 00:00:16.924,8,0,1,0,622,1274
2022-01-01 00:00:16.925,9,13,4,1,412533,1242
2022-01-01 00:00:16.926,8,9,6,0,264711,1242
2022-01-01 00:00:16.927,8,18,37,3,6204266,1274
2022-01-01 00:00:16.928,8,12,16,0,1650844,1242
2022-01-01 00:00:16.929,9,18,26,0,4367022,1274
2022-01-01 00:00:16.930,9,12,1,0,6488,1274
2022-01-01 00:00:16.931,9,14,7,0,528533,1274
2022-01-01 00:00:16.932,9,12,3,1,194488,1274
2022-01-01 00:00:16.933,9,16,5,0,715022,1274
2022-01-01 00:00:16.934,9,12,6,1,204000,1274
2022-01-01 00:00:16.935,9,19,7,1,1289066,1274
2022-01-01 00:00:16.936,9,19,18,0,3755733,1274
2022-01-01 00:00:16.937,9,17,12,1,1964800,1274
2022-01-01 00:00:16.938,9,6,1,0,6666,1242
2022-01-01 00:00:16.939,9,6,1,0,6666,1274
2022-01-01 00:00:16.940,9,14,4,0,507288,1274
2022-01-01 00:00:16.941,10,11,6,0,244533,1274
2022-01-01 00:00:16.942,9,12,1,0,6488,1274
2022-01-01 00:00:16.943,9,15,6,0,519911,1274
2022-01-01 00:00:16.944,9,13,3,0,175288,1274
2022-01-01 00:00:16.945,9,14,9,0,887733,1274
2022-01-01 00:00:16.946,9,18,8,0,1305955,1274
2022-01-01 00:00:16.947,9,19,22,0,4784533,1274
2022-01-01 00:00:16.948,9,15,6,0,876444,1274
2022-01-01 00:00:16.949,9,12,1,0,6488,1274
2022-01-01 00:00:16.950,9,15,4,0,501600,1274
2022-01-01 00:00:16.951,9,11,2,0,20622,1274
2022-01-01 00:00:16.952,9,19,24,0,4735822,1274
2022-01-01 00:00:16.953,9,12,1,0,6488,1274
2022-01-01 00:00:16.954,8,14,7,0,509866,1274
2022-01-01 00:00:16.955,9,20,58,1,13274933,1274
2022-01-01 00:00:16.956,8,19,63,8,13682755,1274
2022-01-01 00:00:16.957,9,18,2,0,91022,1274
2022-01-01 00:00:16.958,8,12,1,0,6488,1274
2022-01-01 00:00:16.959,9,14,7,0,527822,1274
2022-01-01 00:00:16.960,8,15,2,0,156888,1274
2022-01-01 00:00:16.961,8,15,8,0,861955,1274
2022-01-01 00:00:16.962,9,17,9,0,1309066,1274
2022-01-01 00:00:16.963,9,19,18,0,3768800,1274
2022-01-01 00:00:16.964,9,18,11,0,1972977,1274
2022-01-01 00:00:16.965,8,0,1,0,6666,1274
2022-01-01 00:00:16.966,9,14,9,0,733511,1274
2022-01-01 00:00:16.967,9,18,1,0,10755,1274
2022-01-01 00:00:16.968,9,0,1,0,6666,1274
2022-01-01 00:00:16.969,9,15,3,0,413066,1274
2022-01-01 00:00:16.970,8,12,6,0,257511,1274
2022-01-01 00:00:16.971,9,15,9,0,721955,1274
2022-01-01 00:00:16.972,9,16,11,0,1445955,1274
2022-01-01 00:00:16.973,9,18,27,0,4297688,1274
2022-01-01 00:00:16.974,9,19,15,0,2547200,1274
2022-01-01 00:00:16.975,9,19,24,1,3745688,1274
2022-01-01 00:00:16.976,9,12,1,0,6488,1274
2022-01-01 00:00:16.977,9,14,8,0,696000,1274
2022-01-01 00:00:16.978,9,17,4,0,637600,1274
2022-01-01 00:00:16.979,9,16,4,0,261066,1274
2022-01-01 00:00:16.980,9,18,9,0,1309688,1274
2022-01-01 00:00:16.981,8,20,13,0,2867733,1274
2022-01-01 00:00:16.982,9,19,15,0,2838488,1274
2022-01-01 00:00:16.983,9,18,2,0,42844,1274
2022-01-01 00:00:16.984,9,12,1,0,6488,1274
2022-01-01 00:00:16.985,9,16,7,0,744888,1274
2022-01-01 00:00:16.986,8,12,1,0,6488,1274
2022-01-01 00:00:16.987,9,19,2,0,420000,1274
2022-01-01 00:00:16.988,8,14,5,0,272533,1274
2022-01-01 00:00:16.989,8,18,5,0,631111,1274
2022-01-01 00:00:16.990,9,20,1,0,118666,1274
2022-01-01 00:00:16.991,9,13,1,0,7555,1274
2022-01-01 00:00:16.992,8,18,3,0,242666,1274
2022-01-01 00:00:16.993,8,13,2,0,30400,1274
2022-01-01 00:00:16.994,8,19,7,0,1285688,1274
2022-01-01 00:00:16.995,9,20,6,0,1229866,1274
2022-01-01 00:00:16.996,9,20,25,0,4381955,1274
2022-01-01 00:00:16.997,9,15,2,0,27022,1274
2022-01-01 00:00:16.998,8,12,1,0,6488,1274
2022-01-01 00:00:16.999,9,16,5,0,499555,1274
2022-01-01 00:00:17.000,7,17,21,2,2626844,1274
2022-01-01 00:00:17.001,9,20,30,4,5427733,1274
2022-01-01 00:00:17.002,8,18,18,1,3516266,1274
2022-01-01 00:00:17.003,8,19,22,1,3291022,1274
2022-01-01 00:00:17.004,8,17,15,0,2214400,1274
2022-01-01 00:00:17.005,8,20,14,0,3088533,1274
2022-01-01 00:00:17.006,8,20,12,0,2495111,1274
2022-01-01 00:00:17.007,9,20,15,0,3258844,1274
2022-01-01 00:00:17.008,8,20,9,0,1291555,1274
2022-01-01 00:00:17.009,8,6,1,0,6666,1274
2022-01-01 00:00:17.010,9,15,7,0,712444,1274
2022-01-01 00:00:17.011,8,18,3,0,109600,1274
2022-01-01 00:00:17.012,8,12,1,0,9333,1274
2022-01-01 00:00:17.013,8,6,2,0,12266,1274
2022-01-01 00:00:17.014,8,18,34,2,5975733,1274
2022-01-01 00:00:17.015,9,20,26,3,5168533,1274
2022-01-01 00:00:17.016,8,18,18,4,3224533,1274
2022-01-01 00:00:17.017,8,18,28,3,4448622,1274
2022-01-01 00:00:17.018,8,18,19,1,3440000,1274
2022-01-01 00:00:17.019,9,19,18,2,3783466,1274
2022-01-01 00:00:17.020,8,19,14,2,2918133,1274
2022-01-01 00:00:17.021,8,17,25,1,3754933,1274
2022-01-01 00:00:17.022,8,17,33,0,3822488,1274
2022-01-01 00:00:17.023,9,18,17,2,2707733,1274
2022-01-01 00:00:17.024,8,18,21,2,4046400,1274
2022-01-01 00:00:17.025,7,16,14,0,2181600,1274
2022-01-01 00:00:17.026,8,19,48,2,9306755,1274
2022-01-01 00:00:17.027,8,17,16,2,2533155,1274
2022-01-01 00:00:17.028,9,19,20,0,3988800,1274
2022-01-01 00:00:17.029,8,18,22,1,4412266,1274
2022-01-01 00:00:17.030,9,18,21,0,3118400,1274
2022-01-01 00:00:17.031,8,19,20,1,3941155,1274
2022-01-01 00:00:17.032,8,18,20,0,3847200,1274
2022-01-01 00:00:17.033,8,17,23,0,4016533,1274
2022-01-01 00:00:17.034,8,18,16,1,2965066,1274
2022-01-01 00:00:17.035,9,19,15,0,3257600,1274
2022-01-01 00:00:17.036,8,17,5,0,801688,1274
2022-01-01 00:00:17.037,8,12,1,0,6488,1274
2022-01-01 00:00:17.038,8,13,7,0,718577,1274
2022-01-01 00:00:17.039,9,19,13,0,2772000,1274
2022-01-01 00:00:17.040,8,17,26,2,4206400,1274
2022-01-01 00:00:17.041,8,17,22,0,3844533,1274
2022-01-01 00:00:17.042,4,18,14,0,2439200,1274
2022-01-01 00:00:17.043,9,20,19,2,3793955,1274
2022-01-01 00:00:17.044,8,19,22,0,4600359,1274
2022-01-01 00:00:17.045,8,17,19,2,3189098,1274
2022-01-01 00:00:17.046,8,18,19,1,3565066,1274
2022-01-01 00:00:17.047,9,19,28,1,5165333,1274
2022-01-01 00:00:17.048,8,19,22,2,4838292,1274
2022-01-01 00:00:17.049,8,18,17,1,3116835,1274
2022-01-01 00:00:17.050,8,18,30,1,5946666,1274
2022-01-01 00:00:17.051,8,18,30,1,5828266,1274
2022-01-01 00:00:17.052,9,20,27,0,6253066,1274
2022-01-01 00:00:17.053,8,20,15,1,3462133,1274
2022-01-01 00:00:17.054,8,19,15,1,3049600,1274
2022-01-01 00:00:17.055,8,18,21,1,3851200,1274
2022-01-01 00:00:17.056,9,19,27,1,5337866,1274
2022-01-01 00:00:17.057,8,19,19,0,3249777,1274
2022-01-01 00:00:17.058,8,20,20,2,4377866,1274
2022-01-01 00:00:17.059,9,19,19,1,3667733,1274
2022-01-01 00:00:17.060,8,12,6,0,723466,1274
2022-01-01 00:00:17.061,8,12,1,0,6488,1274
2022-01-01 00:00:17.062,8,16,4,0,629066,1274
2022-01-01 00:00:17.063,7,12,3,0,87200,1274
2022-01-01 00:00:17.064,8,15,1,0,122933,1274
2022-01-01 00:00:17.065,9,11,1,0,11466,1274
2022-01-01 00:00:17.066,8,15,7,0,712000,1274
2022-01-01 00:00:17.067,8,14,1,0,8266,1274
2022-01-01 00:00:17.068,9,20,1,0,131466,1274
2022-01-01 00:00:17.069,8,0,1,0,66577,1274
2022-01-01 00:00:17.070,8,13,2,0,13155,1274
2022-01-01 00:00:17.071,9,6,1,0,6666,1274
2022-01-01 00:00:17.072,9,18,11,0,1050222,1274
2022-01-01 00:00:17.073,8,19,28,1,5050933,1274
2022-01-01 00:00:17.074,8,16,5,0,655111,1274
2022-01-01 00:00:17.075,8,12,1,0,6488,1274
2022-01-01 00:00:17.076,8,17,5,0,752266,1274
2022-01-01 00:00:17.077,9,15,5,0,236800,1274
2022-01-01 00:00:17.078,8,17,2,0,100977,1274
2022-01-01 00:00:17.079,8,11,2,0,12088,1274
2022-01-01 00:00:17.080,8,15,4,0,501600,1274
2022-01-01 00:00:17.081,9,20,3,0,193600,1274
2022-01-01 00:00:17.082,7,16,8,0,901600,1274
2022-01-01 00:00:17.083,9,19,50,2,8149066,1274
2022-01-01 00:00:17.084,8,20,18,0,4005155,1274
2022-01-01 00:00:17.085,9,6,1,0,6666,1274
2022-01-01 00:00:17.086,8,16,1,0,5600,1274
2022-01-01 00:00:17.087,8,13,5,0,511466,1274
2022-01-01 00:00:17.088,8,15,3,0,168888,1274
2022-01-01 00:00:17.089,8,15,9,0,868533,1274
2022-01-01 00:00:17.090,8,16,4,0,92266,1274
2022-01-01 00:00:17.091,9,19,10,0,1240711,1274
2022-01-01 00:00:17.092,9,18,42,2,5756000,1274
2022-01-01 00:00:17.093,9,18,1,0,21422,1274
2022-01-01 00:00:17.094,9,12,1,1,6488,1274
2022-01-01 00:00:17.095,9,19,4,0,436711,1274
2022-01-01 00:00:17.096,9,14,5,0,270577,1274
2022-01-01 00:00:17.097,8,0,1,0,6488,1274
2022-01-01 00:00:17.098,9,17,4,0,637600,1274
2022-01-01 00:00:17.099,8,14,5,0,245333,1274
2022-01-01 00:00:17.100,8,17,9,0,1304266,1274
2022-01-01 00:00:17.101,9,18,15,0,2052674,1274
2022-01-01 00:00:17.102,8,18,27,1,3653955,1274
2022-01-01 00:00:17.103,9,18,1,0,10755,1274
2022-01-01 00:00:17.104,8,0,1,0,6488,1274
2022-01-01 00:00:17.105,8,15,5,0,484977,1274
2022-01-01 00:00:17.106,9,19,13,0,2230222,1274
2022-01-01 00:00:17.107,9,20,14,0,2695822,1274
2022-01-01 00:00:17.108,9,12,1,0,6561,1274
2022-01-01 00:00:17.109,8,16,6,0,719648,1274
2022-01-01 00:00:17.110,9,18,2,0,16539,1274
2022-01-01 00:00:17.111,9,12,1,0,6488,1274
2022-01-01 00:00:17.112,8,15,7,0,716533,1274
2022-01-01 00:00:17.113,8,19,45,1,6623111,1274
2022-01-01 00:00:17.114,9,20,39,1,8823466,1274
2022-01-01 00:00:17.115,8,20,20,0,4607208,1274
2022-01-01 00:00:17.116,8,19,16,0,3144359,1274
2022-01-01 00:00:17.117,9,12,1,0,6488,1274
2022-01-01 00:00:17.118,9,18,3,0,420043,1274
2022-01-01 00:00:17.119,8,12,5,0,91644,1274
2022-01-01 00:00:17.120,8,16,2,0,165123,1274
2022-01-01 00:00:17.121,8,17,4,0,640719,1274
2022-01-01 00:00:17.122,9,19,3,0,187111,1274
2022-01-01 00:00:17.123,8,15,5,0,185244,1274
2022-01-01 00:00:17.124,9,19,10,2,1304967,1274
2022-01-01 00:00:17.125,8,18,26,1,3441142,1274
2022-01-01 00:00:17.126,8,18,16,0,2250400,1274
2022-01-01 00:00:17.127,8,12,1,0,6488,1274
2022-01-01 00:00:17.128,9,16,3,0,408263,1274
2022-01-01 00:00:17.129,8,14,7,0,287288,1274
2022-01-01 00:00:17.130,9,16,6,0,706400,1274
2022-01-01 00:00:17.131,8,14,5,0,186021,1274
2022-01-01 00:00:17.132,9,19,8,0,1316711,1274
2022-01-01 00:00:17.133,2,0,42,2,639910,1288
2022-01-01 00:00:17.134,2,0,47,0,722755,1288
2022-01-01 00:00:17.135,2,0,44,0,669186,1288
2022-01-01 00:00:17.136,2,0,41,4,617422,1288
2022-01-01 00:00:17.137,2,0,39,0,592266,1288
2022-01-01 00:00:17.138,2,0,41,0,623370,1288
2022-01-01 00:00:17.139,2,0,38,1,580444,1288
2022-01-01 00:00:17.140,2,0,43,0,653978,1288
2022-01-01 00:00:17.141,2,0,44,0,676622,1288
2022-01-01 00:00:17.142,2,0,39,1,606471,1288
2022-01-01 00:00:17.143,2,0,47,1,698989,1288
2022-01-01 00:00:17.144,2,0,32,1,492088,1288
2022-01-01 00:00:17.145,2,0,49,0,748764,1288
2022-01-01 00:00:17.146,2,0,46,0,707377,1288
2022-01-01 00:00:17.147,2,0,46,0,707377,1288
2022-01-01 00:00:17.148,2,0,45,0,684395,1288
2022-01-01 00:00:17.149,2,0,31,1,478112,1288
2022-01-01 00:00:17.150,2,0,43,0,661244,1288
2022-01-01 00:00:17.151,2,0,41,1,623560,1288
2022-01-01 00:00:17.152,2,0,47,0,722755,1288
2022-01-01 00:00:17.153,2,0,54,0,815644,1288
2022-01-01 00:00:17.154,2,0,31,0,465688,1288
2022-01-01 00:00:17.155,7,6,1,0,34577,1288
2022-01-01 00:00:17.156,7,6,8,0,417066,1288
2022-01-01 00:00:17.157,7,5,9,0,270844,1288
2022-01-01 00:00:17.158,7,6,1,0,6666,1288
2022-01-01 00:00:17.159,7,6,16,0,727820,1288
2022-01-01 00:00:17.160,7,6,13,0,714285,1288
2022-01-01 00:00:17.161,7,5,12,0,733155,1288
2022-01-01 00:00:17.162,7,6,74,0,4913511,1288
2022-01-01 00:00:17.163,7,6,40,0,2595200,1288
2022-01-01 00:00:17.164,7,6,45,0,3013777,1288
2022-01-01 00:00:17.165,7,5,1,1,5600,1288
2022-01-01 00:00:17.166,7,6,3,0,34044,1288
2022-01-01 00:00:17.167,7,6,8,0,426488,1288
2022-01-01 00:00:17.168,7,6,5,0,114400,1288
2022-01-01 00:00:17.169,7,6,16,0,893600,1288
2022-01-01 00:00:17.170,7,6,45,1,2997244,1288
2022-01-01 00:00:17.171,6,5,18,0,968888,1288
2022-01-01 00:00:17.172,6,0,1,0,11822,1288
2022-01-01 00:00:17.173,6,4,11,0,421955,1288
2022-01-01 00:00:17.174,6,4,9,0,330044,1288
2022-01-01 00:00:17.175,6,4,11,0,419644,1288
2022-01-01 00:00:17.176,6,4,10,0,268888,1288
2022-01-01 00:00:17.177,6,4,15,1,635466,1288
2022-01-01 00:00:17.178,6,4,9,0,248977,1288
2022-01-01 00:00:17.179,6,4,28,0,1288177,1288
2022-01-01 00:00:17.180,6,4,39,0,1840622,1288
2022-01-01 00:00:17.181,6,4,24,1,1114311,1288
2022-01-01 00:00:17.182,6,4,23,0,1041422,1288
2022-01-01 00:00:17.183,6,4,23,2,1076888,1288
2022-01-01 00:00:17.184,6,4,13,2,576444,1288
2022-01-01 00:00:17.185,6,1,2,2,12444,1288
2022-01-01 00:00:17.186,6,3,1,0,5662,1288
2022-01-01 00:00:17.187,7,6,8,0,418844,1288
2022-01-01 00:00:17.188,7,6,7,0,315466,1288
2022-01-01 00:00:17.189,7,0,1,0,10400,1288
2022-01-01 00:00:17.190,7,5,2,0,22755,1288
2022-01-01 00:00:17.191,7,0,1,0,622,1288
2022-01-01 00:00:17.192,7,3,2,0,28088,1288
2022-01-01 00:00:17.193,7,5,6,0,255288,1288
2022-01-01 00:00:17.194,7,5,3,0,77955,1288
2022-01-01 00:00:17.195,7,6,11,0,702311,1288
2022-01-01 00:00:17.196,7,6,15,0,978755,1288
2022-01-01 00:00:17.197,7,4,1,0,4533,1288
2022-01-01 00:00:17.198,7,6,1,0,24898,1288
2022-01-01 00:00:17.199,7,0,1,0,5600,1288
2022-01-01 00:00:17.200,7,6,20,0,1116800,1288
2022-01-01 00:00:17.201,7,6,28,1,1877511,1288
2022-01-01 00:00:17.202,7,6,20,0,1354666,1288
2022-01-01 00:00:17.203,7,6,24,1,1625066,1288
2022-01-01 00:00:17.204,7,6,18,1,1145688,1288
2022-01-01 00:00:17.205,7,6,26,0,1739733,1288
2022-01-01 00:00:17.206,7,6,19,0,1274222,1288
2022-01-01 00:00:17.207,7,7,21,0,1446666,1288
2022-01-01 00:00:17.208,7,5,4,0,207111,1288
2022-01-01 00:00:17.209,7,6,1,0,38844,1288
2022-01-01 00:00:17.210,7,6,1,0,6593,1288
2022-01-01 00:00:17.211,7,6,16,1,846382,1288
2022-01-01 00:00:17.212,7,6,3,0,54844,1288
2022-01-01 00:00:17.213,7,0,1,0,6666,1288
2022-01-01 00:00:17.214,7,6,11,0,633511,1288
2022-01-01 00:00:17.215,7,5,7,0,211288,1288
2022-01-01 00:00:17.216,7,6,14,0,843022,1288
2022-01-01 00:00:17.217,7,6,29,2,1946400,1288
2022-01-01 00:00:17.218,7,6,20,2,1343111,1288
2022-01-01 00:00:17.219,7,6,22,1,1470577,1288
2022-01-01 00:00:17.220,7,6,20,0,1284266,1288
2022-01-01 00:00:17.221,7,6,24,0,1625066,1288
2022-01-01 00:00:17.222,7,6,19,1,1240800,1288
2022-01-01 00:00:17.223,7,6,22,1,1464177,1288
2022-01-01 00:00:17.224,7,6,19,1,1292177,1288
2022-01-01 00:00:17.225,7,6,22,1,1459022,1288
2022-01-01 00:00:17.226,7,6,21,0,1297866,1288
2022-01-01 00:00:17.227,7,6,21,1,1401688,1288
2022-01-01 00:00:17.228,7,6,21,1,1352355,1288
2022-01-01 00:00:17.229,7,6,24,0,1603200,1288
2022-01-01 00:00:17.230,7,9,17,1,1405422,1288
2022-01-01 00:00:17.231,7,7,21,2,1560266,1288
2022-01-01 00:00:17.232,7,6,18,2,1234844,1288
2022-01-01 00:00:17.233,7,6,24,2,1575288,1288
2022-01-01 00:00:17.234,7,6,32,1,2131200,1288
2022-01-01 00:00:17.235,7,6,23,1,1556177,1288
2022-01-01 00:00:17.236,7,6,31,1,2084177,1288
2022-01-01 00:00:17.237,7,6,38,2,2463644,1288
2022-01-01 00:00:17.238,7,6,24,1,1583111,1288
2022-01-01 00:00:17.239,7,6,21,3,1406844,1288
2022-01-01 00:00:17.240,7,6,25,0,1651822,1288
2022-01-01 00:00:17.241,7,6,33,2,2198844,1288
2022-01-01 00:00:17.242,7,6,29,0,1929688,1288
2022-01-01 00:00:17.243,7,8,27,1,1868177,1288
2022-01-01 00:00:17.244,7,9,27,2,2184977,1288
2022-01-01 00:00:17.245,6,4,49,2,2115288,1288
2022-01-01 00:00:17.246,6,6,33,0,2135911,1288
2022-01-01 00:00:17.247,6,5,17,4,990311,1288
2022-01-01 00:00:17.248,6,4,10,1,360888,1288
2022-01-01 00:00:17.249,6,4,1,0,7022,1288
2022-01-01 00:00:17.250,6,4,10,0,424089,1288
2022-01-01 00:00:17.251,6,4,1,0,23648,1288
2022-01-01 00:00:17.252,6,4,6,0,186311,1288
2022-01-01 00:00:17.253,6,4,8,1,271466,1288
2022-01-01 00:00:17.254,6,3,18,1,661688,1288
2022-01-01 00:00:17.255,6,4,1,0,11822,1288
2022-01-01 00:00:17.256,6,3,2,0,11200,1288
2022-01-01 00:00:17.257,6,4,28,1,1288177,1288
2022-01-01 00:00:17.258,6,4,14,0,640533,1288
2022-01-01 00:00:17.259,6,4,42,3,1961422,1288
2022-01-01 00:00:17.260,6,4,29,4,1335555,1288
2022-01-01 00:00:17.261,6,4,26,2,1248888,1288
2022-01-01 00:00:17.262,6,4,11,1,473155,1288
2022-01-01 00:00:17.263,6,4,1,0,7022,1288
2022-01-01 00:00:17.264,6,4,1,0,7022,1288
2022-01-01 00:00:17.265,6,4,12,0,482666,1288
2022-01-01 00:00:17.266,6,3,2,0,14933,1288
2022-01-01 00:00:17.267,6,3,3,0,137866,1288
2022-01-01 00:00:17.268,6,4,28,4,1192533,1288
2022-01-01 00:00:17.269,6,4,37,1,1688266,1288
2022-01-01 00:00:17.270,6,4,38,1,1767733,1288
2022-01-01 00:00:17.271,6,2,3,0,98577,1288
2022-01-01 00:00:17.272,6,4,11,1,418933,1288
2022-01-01 00:00:17.273,6,4,10,0,336711,1288
2022-01-01 00:00:17.274,6,4,11,0,419644,1288
2022-01-01 00:00:17.275,6,3,4,0,94755,1288
2022-01-01 00:00:17.276,6,4,7,1,172000,1288
2022-01-01 00:00:17.277,6,4,1,0,7022,1288
2022-01-01 00:00:17.278,6,4,15,1,633333,1288
2022-01-01 00:00:17.279,6,3,8,0,231466,1288
2022-01-01 00:00:17.280,6,4,1,0,9333,1288
2022-01-01 00:00:17.281,6,3,3,0,18222,1288
2022-01-01 00:00:17.282,6,4,28,2,1288533,1288
2022-01-01 00:00:17.283,6,4,9,0,426876,1288
2022-01-01 00:00:17.284,6,4,50,4,2345670,1288
2022-01-01 00:00:17.285,6,4,35,0,1642577,1288
2022-01-01 00:00:17.286,6,4,27,3,1217670,1288
2022-01-01 00:00:17.287,6,4,1,0,7022,1288
2022-01-01 00:00:17.288,6,4,10,1,416355,1288
2022-01-01 00:00:17.289,6,4,9,0,324711,1288
2022-01-01 00:00:17.290,6,4,1,0,11822,1288
2022-01-01 00:00:17.291,6,4,10,0,426311,1288
2022-01-01 00:00:17.292,6,3,9,0,248622,1288
2022-01-01 00:00:17.293,6,4,21,2,863555,1288
2022-01-01 00:00:17.294,6,4,1,0,11822,1288
2022-01-01 00:00:17.295,6,4,3,0,66222,1288
2022-01-01 00:00:17.296,6,4,27,1,1239377,1288
2022-01-01 00:00:17.297,7,17,19,1,3401600,1341
2022-01-01 00:00:17.298,7,15,15,0,2208533,1341
2022-01-01 00:00:17.299,7,9,1,0,15910,1341
2022-01-01 00:00:17.300,7,2,1,0,7200,1341
2022-01-01 00:00:17.301,8,13,10,0,750292,1341
2022-01-01 00:00:17.302,8,9,2,0,17582,1341
2022-01-01 00:00:17.303,8,12,1,0,6561,1341
2022-01-01 00:00:17.304,7,13,5,0,530933,1341
2022-01-01 00:00:17.305,8,10,1,0,5600,1341
2022-01-01 00:00:17.306,8,0,1,0,10516,1341
2022-01-01 00:00:17.307,9,11,1,0,5538,1341
2022-01-01 00:00:17.308,8,17,17,0,2965066,1341
2022-01-01 00:00:17.309,8,18,17,0,3202400,1341
2022-01-01 00:00:17.310,8,18,5,0,850133,1341
2022-01-01 00:00:17.311,8,14,2,0,161155,1341
2022-01-01 00:00:17.312,8,12,1,0,6488,1341
2022-01-01 00:00:17.313,8,15,4,0,527200,1341
2022-01-01 00:00:17.314,8,14,1,0,17155,1341
2022-01-01 00:00:17.315,8,18,18,0,3103022,1341
2022-01-01 00:00:17.316,8,17,15,0,2608533,1341
2022-01-01 00:00:17.317,8,14,1,0,17155,1341
2022-01-01 00:00:17.318,8,12,1,0,6488,1341
2022-01-01 00:00:17.319,9,14,1,0,17155,1341
2022-01-01 00:00:17.320,8,12,1,0,6488,1341
2022-01-01 00:00:17.321,8,15,1,0,5600,1341
2022-01-01 00:00:17.322,9,11,4,1,564943,1341
2022-01-01 00:00:17.323,8,14,1,0,16967,1341
2022-01-01 00:00:17.324,8,18,1,0,33155,1341
2022-01-01 00:00:17.325,8,11,1,0,11466,1341
2022-01-01 00:00:17.326,8,12,1,0,6488,1341
2022-01-01 00:00:17.327,8,18,3,0,469955,1341
2022-01-01 00:00:17.328,7,12,4,0,110222,1341
2022-01-01 00:00:17.329,8,17,29,0,4775644,1341
2022-01-01 00:00:17.330,8,18,11,0,2057511,1341
2022-01-01 00:00:17.331,8,7,2,0,11200,1341
2022-01-01 00:00:17.332,8,12,1,0,6488,1341
2022-01-01 00:00:17.333,9,0,1,0,19288,1341
2022-01-01 00:00:17.334,8,12,1,0,6488,1341
2022-01-01 00:00:17.335,8,15,5,0,572711,1341
2022-01-01 00:00:17.336,9,14,1,0,17155,1341
2022-01-01 00:00:17.337,8,12,2,0,40177,1341
2022-01-01 00:00:17.338,8,18,1,0,6488,1341
2022-01-01 00:00:17.339,8,9,1,0,10755,1341
2022-01-01 00:00:17.340,8,13,8,0,576000,1341
2022-01-01 00:00:17.341,8,11,1,0,5600,1341
2022-01-01 00:00:17.342,5,11,38,0,3832629,1341
2022-01-01 00:00:17.343,5,9,6,0,410197,1341
2022-01-01 00:00:17.344,5,5,1,1,5600,1341
2022-01-01 00:00:17.345,5,8,3,0,32088,1341
2022-01-01 00:00:17.346,5,6,1,0,6666,1341
2022-01-01 00:00:17.347,5,8,1,0,23200,1341
2022-01-01 00:00:17.348,5,0,1,0,6593,1341
2022-01-01 00:00:17.349,5,11,8,0,565511,1341
2022-01-01 00:00:17.350,5,7,1,0,16444,1341
2022-01-01 00:00:17.351,5,6,3,0,45422,1341
2022-01-01 00:00:17.352,5,7,1,0,12177,1341
2022-01-01 00:00:17.353,5,9,8,0,564622,1341
2022-01-01 00:00:17.354,6,5,2,0,28800,1341
2022-01-01 00:00:17.355,5,10,8,0,761600,1341
2022-01-01 00:00:17.356,5,11,21,1,2109422,1341
2022-01-01 00:00:17.357,5,9,5,0,390844,1341
2022-01-01 00:00:17.358,5,7,1,0,12177,1341
2022-01-01 00:00:17.359,8,0,1,0,6488,1341
2022-01-01 00:00:17.360,7,15,4,0,527200,1341
2022-01-01 00:00:17.361,8,13,1,0,22488,1341
2022-01-01 00:00:17.362,8,14,10,0,1171505,1341
2022-01-01 00:00:17.363,8,16,14,1,2278769,1341
2022-01-01 00:00:17.364,8,16,13,1,1525155,1341
2022-01-01 00:00:17.365,8,11,1,0,5600,1341
2022-01-01 00:00:17.366,8,12,1,0,6488,1341
2022-01-01 00:00:17.367,8,15,3,0,357600,1341
2022-01-01 00:00:17.368,7,0,1,0,169600,1341
2022-01-01 00:00:17.369,8,13,1,0,22488,1341
2022-01-01 00:00:17.370,8,12,3,0,126488,1341
2022-01-01 00:00:17.371,8,17,7,1,1138933,1341
2022-01-01 00:00:17.372,7,17,15,1,2538400,1341
2022-01-01 00:00:17.373,7,14,7,0,945777,1341
2022-01-01 00:00:17.374,8,11,1,0,5600,1341
2022-01-01 00:00:17.375,8,6,1,0,6666,1341
2022-01-01 00:00:17.376,8,16,4,0,527200,1341
2022-01-01 00:00:17.377,8,13,1,0,22488,1341
2022-01-01 00:00:17.378,6,13,9,0,1033155,1341
2022-01-01 00:00:17.379,6,11,14,1,1463466,1341
2022-01-01 00:00:17.380,6,11,13,0,1343377,1341
2022-01-01 00:00:17.381,5,10,13,1,1337866,1341
2022-01-01 00:00:17.382,5,9,14,0,1206044,1341
2022-01-01 00:00:17.383,5,0,1,0,5600,1341
2022-01-01 00:00:17.384,5,6,1,0,6666,1341
2022-01-01 00:00:17.385,5,8,7,0,535555,1341
2022-01-01 00:00:17.386,5,8,1,0,23200,1341
2022-01-01 00:00:17.387,5,6,2,0,19555,1341
2022-01-01 00:00:17.388,5,10,12,0,1131555,1341
2022-01-01 00:00:17.389,5,10,22,0,2007644,1341
2022-01-01 00:00:17.390,6,10,6,0,538488,1341
2022-01-01 00:00:17.391,5,11,16,1,1651200,1341
2022-01-01 00:00:17.392,5,10,11,2,956000,1341
2022-01-01 00:00:17.393,5,5,1,0,5600,1341
2022-01-01 00:00:17.394,5,6,1,0,6666,1341
2022-01-01 00:00:17.395,5,10,6,0,525511,1341
2022-01-01 00:00:17.396,6,11,1,0,23200,1341
2022-01-01 00:00:17.397,5,6,12,0,967288,1341
2022-01-01 00:00:17.398,5,2,1,0,61600,1341
2022-01-01 00:00:17.399,5,0,23,1,2420533,1341
2022-01-01 00:00:17.400,5,1,20,0,1692800,1341
2022-01-01 00:00:17.401,5,0,15,1,1360444,1341
2022-01-01 00:00:17.402,1,0,4,4,372266,1341
2022-01-01 00:00:17.403,5,0,17,0,1486844,1341
2022-01-01 00:00:17.404,5,0,15,0,1391733,1341
2022-01-01 00:00:17.405,5,0,16,1,1514666,1341
2022-01-01 00:00:17.406,5,0,17,0,1570755,1341
2022-01-01 00:00:17.407,6,0,14,1,1524800,1341
2022-01-01 00:00:17.408,5,0,13,0,1244533,1341
2022-01-01 00:00:17.409,5,0,1,0,5600,1341
2022-01-01 00:00:17.410,5,0,1,0,6666,1341
2022-01-01 00:00:17.411,5,0,1,0,5600,1341
2022-01-01 00:00:17.412,5,6,12,0,1274666,1341
2022-01-01 00:00:17.413,5,0,28,1,2544355,1341
2022-01-01 00:00:17.414,5,0,15,1,1425866,1341
2022-01-01 00:00:17.415,6,0,1,0,28177,1341
2022-01-01 00:00:17.416,5,0,1,0,5600,1341
2022-01-01 00:00:17.417,5,0,1,0,6666,1341
2022-01-01 00:00:17.418,5,0,1,0,5600,1341
2022-01-01 00:00:17.419,6,0,1,0,41688,1341
2022-01-01 00:00:17.420,8,7,1,0,5600,1341
2022-01-01 00:00:17.421,7,2,3,0,361333,1341
2022-01-01 00:00:17.422,8,1,6,0,900800,1341
2022-01-01 00:00:17.423,8,1,15,1,2548800,1341
2022-01-01 00:00:17.424,7,0,3,1,352711,1341
2022-01-01 00:00:17.425,8,0,1,0,5600,1341
2022-01-01 00:00:17.426,7,1,1,0,6488,1341
2022-01-01 00:00:17.427,8,0,1,0,5538,1341
2022-01-01 00:00:17.428,8,1,1,0,43595,1341
2022-01-01 00:00:17.429,7,0,1,0,5600,1341
2022-01-01 00:00:17.430,7,0,8,0,1269600,1341
2022-01-01 00:00:17.431,8,0,14,0,2540800,1341
2022-01-01 00:00:17.432,8,0,8,0,1289066,1341
2022-01-01 00:00:17.433,8,0,1,0,5600,1341
2022-01-01 00:00:17.434,7,0,1,0,6488,1341
2022-01-01 00:00:17.435,7,1,1,0,5600,1341
2022-01-01 00:00:17.436,8,2,1,0,38844,1341
2022-01-01 00:00:17.437,7,2,1,0,5600,1341
2022-01-01 00:00:17.438,8,2,1,0,47377,1341
2022-01-01 00:00:17.439,8,2,1,0,5600,1341
2022-01-01 00:00:17.440,8,2,8,0,1269600,1341
2022-01-01 00:00:17.441,8,2,12,0,2538666,1341
2022-01-01 00:00:17.442,9,2,1,0,203733,1341
2022-01-01 00:00:17.443,8,2,23,0,4873066,1341
2022-01-01 00:00:17.444,8,2,3,0,399377,1341
2022-01-01 00:00:17.445,8,2,1,0,5600,1341
2022-01-01 00:00:17.446,8,2,1,0,6488,1341
2022-01-01 00:00:17.447,8,2,1,0,5600,1341
2022-01-01 00:00:17.448,9,2,1,0,43111,1341
2022-01-01 00:00:17.449,9,2,1,0,5600,1341
2022-01-01 00:00:17.450,8,2,7,0,1208800,1341
2022-01-01 00:00:17.451,8,2,13,0,2540533,1341
2022-01-01 00:00:17.452,8,2,16,0,2711111,1341
2022-01-01 00:00:17.453,8,2,1,0,5600,1341
2022-01-01 00:00:17.454,8,2,1,0,6488,1341
2022-01-01 00:00:17.455,8,2,1,0,5600,1341
2022-01-01 00:00:17.456,8,2,1,0,43111,1341
2022-01-01 00:00:17.457,8,2,1,0,5600,1341
2022-01-01 00:00:17.458,7,0,1,0,50933,1341
2022-01-01 00:00:17.459,8,0,1,0,5600,1341
2022-01-01 00:00:17.460,8,0,4,0,729600,1341
2022-01-01 00:00:17.461,7,0,3,0,547200,1341
2022-01-01 00:00:17.462,8,0,15,0,2540533,1341
2022-01-01 00:00:17.463,8,0,29,0,5075288,1341
2022-01-01 00:00:17.464,8,0,3,0,398400,1341
2022-01-01 00:00:17.465,8,0,1,0,5600,1341
2022-01-01 00:00:17.466,8,0,1,0,6488,1341
2022-01-01 00:00:17.467,8,0,1,0,5600,1341
2022-01-01 00:00:17.468,7,0,1,0,38844,1341
2022-01-01 00:00:17.469,8,0,1,0,5600,1341
2022-01-01 00:00:17.470,8,0,8,0,1269600,1341
2022-01-01 00:00:17.471,7,0,16,0,2538933,1341
2022-01-01 00:00:17.472,7,0,6,0,871377,1341
2022-01-01 00:00:17.473,7,0,1,0,5600,1341
2022-01-01 00:00:17.474,7,0,1,0,6488,1341
2022-01-01 00:00:17.475,8,0,1,0,5600,1341
2022-01-01 00:00:17.476,7,0,9,0,1273777,1341
2022-01-01 00:00:17.477,7,1,17,0,2540977,1341
2022-01-01 00:00:17.478,7,2,6,0,881333,1341
2022-01-01 00:00:17.479,7,0,1,0,5600,1341
2022-01-01 00:00:17.480,7,0,1,0,6488,1341
2022-01-01 00:00:17.481,7,0,1,0,5600,1341
2022-01-01 00:00:17.482,8,0,1,0,43111,1341
2022-01-01 00:00:17.483,7,0,1,0,5600,1341
2022-01-01 00:00:17.484,7,1,1,0,52483,1341
2022-01-01 00:00:17.485,7,1,1,0,5662,1341
2022-01-01 00:00:17.486,7,0,2,0,192089,1341
2022-01-01 00:00:17.487,7,2,1,0,5600,1341
2022-01-01 00:00:17.488,7,0,1,0,40719,1341
2022-01-01 00:00:17.489,7,1,1,0,5600,1341
2022-01-01 00:00:17.490,6,1,9,0,1288089,1341
2022-01-01 00:00:17.491,5,0,10,0,1016000,1341
2022-01-01 00:00:17.492,5,0,16,0,1531733,1341
2022-01-01 00:00:17.493,5,0,7,0,649758,1341
2022-01-01 00:00:17.494,5,6,1,0,5662,1341
2022-01-01 00:00:17.495,5,0,1,0,6666,1341
2022-01-01 00:00:17.496,6,0,1,0,5600,1341
2022-01-01 00:00:17.497,5,0,1,0,42157,1341
2022-01-01 00:00:17.498,5,0,1,0,5538,1341
2022-01-01 00:00:17.499,5,0,12,0,1290426,1341
2022-01-01 00:00:17.500,5,1,17,0,1842400,1341
2022-01-01 00:00:17.501,5,2,7,0,694769,1341
2022-01-01 00:00:17.502,6,0,3,0,183200,1341
2022-01-01 00:00:17.503,5,0,1,0,5538,1341
2022-01-01 00:00:17.504,5,0,1,0,6666,1341
2022-01-01 00:00:17.505,6,0,1,0,5662,1341
2022-01-01 00:00:17.506,5,0,1,0,41230,1341
2022-01-01 00:00:17.507,5,0,1,0,5600,1341
2022-01-01 00:00:17.508,5,0,14,0,1297438,1341
2022-01-01 00:00:17.509,8,3,23,0,2544088,1341
2022-01-01 00:00:17.510,7,4,1,0,158561,1341
2022-01-01 00:00:17.511,8,1,3,0,359111,1341
2022-01-01 00:00:17.512,8,0,1,0,5538,1341
2022-01-01 00:00:17.513,7,0,1,0,6488,1341
2022-01-01 00:00:17.514,8,0,8,0,676395,1341
2022-01-01 00:00:17.515,8,0,6,0,696800,1341
2022-01-01 00:00:17.516,8,0,4,0,175377,1341
2022-01-01 00:00:17.517,7,0,8,0,1286222,1341
2022-01-01 00:00:17.518,8,0,32,0,5614577,1341
2022-01-01 00:00:17.519,8,0,1,0,22488,1341
2022-01-01 00:00:17.520,8,5,1,0,6488,1341
2022-01-01 00:00:17.521,9,6,5,0,522426,1341
2022-01-01 00:00:17.522,8,6,4,0,250844,1341
2022-01-01 00:00:17.523,8,6,1,0,6488,1341
2022-01-01 00:00:17.524,8,6,2,0,424266,1341
2022-01-01 00:00:17.525,8,6,5,0,257066,1341
2022-01-01 00:00:17.526,9,6,9,0,880622,1341
2022-01-01 00:00:17.527,8,6,10,0,1314755,1341
2022-01-01 00:00:17.528,9,6,38,1,5678311,1341
2022-01-01 00:00:17.529,8,6,2,0,26133,1341
2022-01-01 00:00:17.530,9,6,1,0,6488,1341
2022-01-01 00:00:17.531,9,6,5,0,709932,1341
2022-01-01 00:00:17.532,8,6,4,0,188219,1341
2022-01-01 00:00:17.533,9,6,6,0,701866,1341
2022-01-01 00:00:17.534,9,6,8,0,302400,1341
2022-01-01 00:00:17.535,8,6,1,0,6666,1341
2022-01-01 00:00:17.536,9,6,6,0,512800,1341
2022-01-01 00:00:17.537,9,4,17,0,3715822,1341
2022-01-01 00:00:17.538,8,6,61,0,10444711,1341
2022-01-01 00:00:17.539,9,6,37,0,7657688,1341
2022-01-01 00:00:17.540,8,6,29,0,6658577,1341
2022-01-01 00:00:17.541,9,7,40,0,7910933,1341
2022-01-01 00:00:17.542,8,6,20,0,3862400,1341
2022-01-01 00:00:17.543,9,6,1,0,6488,1341
2022-01-01 00:00:17.544,8,6,4,0,511022,1341
2022-01-01 00:00:17.545,9,6,6,0,170133,1341
2022-01-01 00:00:17.546,8,6,5,0,709333,1341
2022-01-01 00:00:17.547,9,6,8,0,740888,1341
2022-01-01 00:00:17.548,8,6,4,0,721528,1341
2022-01-01 00:00:17.549,9,4,34,0,5660177,1341
2022-01-01 00:00:17.550,8,4,1,0,21422,1341
2022-01-01 00:00:17.551,8,4,1,0,6488,1341
2022-01-01 00:00:17.552,8,4,6,0,514222,1341
2022-01-01 00:00:17.553,9,4,3,0,260355,1341
2022-01-01 00:00:17.554,8,4,1,0,6488,1341
2022-01-01 00:00:17.555,8,4,6,0,659288,1341
2022-01-01 00:00:17.556,8,4,1,0,6488,1341
2022-01-01 00:00:17.557,9,4,8,0,864711,1341
2022-01-01 00:00:17.558,8,4,10,0,1307288,1341
2022-01-01 00:00:17.559,8,4,37,0,5729422,1341
2022-01-01 00:00:17.560,8,3,1,0,21422,1341
2022-01-01 00:00:17.561,8,4,1,0,6488,1341
2022-01-01 00:00:17.562,9,4,2,0,420000,1341
2022-01-01 00:00:17.563,8,4,3,0,269155,1341
2022-01-01 00:00:17.564,8,5,1,0,6488,1341
2022-01-01 00:00:17.565,8,7,3,0,628000,1341
2022-01-01 00:00:17.566,9,4,6,0,247288,1341
2022-01-01 00:00:17.567,8,4,9,0,1295377,1341
2022-01-01 00:00:17.568,7,4,28,0,5705333,1341
2022-01-01 00:00:17.569,9,4,2,0,42844,1341
2022-01-01 00:00:17.570,8,4,1,0,6488,1341
2022-01-01 00:00:17.571,8,4,3,0,644800,1341
2022-01-01 00:00:17.572,9,4,5,0,263288,1341
2022-01-01 00:00:17.573,9,4,4,0,637600,1341
2022-01-01 00:00:17.574,8,4,5,0,249155,1341
2022-01-01 00:00:17.575,8,4,3,0,122222,1341
2022-01-01 00:00:17.576,9,4,2,0,420000,1341
2022-01-01 00:00:17.577,8,4,4,0,91200,1341
2022-01-01 00:00:17.578,8,4,21,0,4050577,1341
2022-01-01 00:00:17.579,8,4,41,0,8897066,1341
2022-01-01 00:00:17.580,8,4,32,0,7560533,1341
2022-01-01 00:00:17.581,8,4,26,0,5964533,1341
2022-01-01 00:00:17.582,9,4,31,0,6714755,1341
2022-01-01 00:00:17.583,8,4,29,0,6044977,1341
2022-01-01 00:00:17.584,9,4,9,0,1241155,1341
2022-01-01 00:00:17.585,8,3,1,0,6488,1341
2022-01-01 00:00:17.586,8,4,8,0,519555,1341
2022-01-01 00:00:17.587,9,4,3,0,161866,1341
2022-01-01 00:00:17.588,9,4,5,0,700088,1341
2022-01-01 00:00:17.589,8,4,6,0,200622,1341
2022-01-01 00:00:17.590,8,4,8,0,1285688,1341
2022-01-01 00:00:17.591,9,4,34,0,5736177,1341
2022-01-01 00:00:17.592,8,4,2,0,27911,1341
2022-01-01 00:00:17.593,9,4,1,0,6488,1341
2022-01-01 00:00:17.594,8,4,3,0,414755,1341
2022-01-01 00:00:17.595,8,4,9,0,281333,1341
2022-01-01 00:00:17.596,9,4,2,0,251911,1341
2022-01-01 00:00:17.597,8,4,10,0,619111,1341
2022-01-01 00:00:17.598,9,4,7,0,1290933,1341
2022-01-01 00:00:17.599,9,4,32,0,5647555,1341
2022-01-01 00:00:17.600,9,4,1,0,6488,1341
2022-01-01 00:00:17.601,7,4,11,0,742044,1341
2022-01-01 00:00:17.602,9,4,1,0,5600,1341
2022-01-01 00:00:17.603,8,4,1,0,6488,1341
2022-01-01 00:00:17.604,8,4,4,0,472355,1341
2022-01-01 00:00:17.605,8,4,2,0,20622,1341
2022-01-01 00:00:17.606,8,4,6,0,888977,1341
2022-01-01 00:00:17.607,8,4,25,0,3779111,1341
2022-01-01 00:00:17.608,9,2,22,0,5108266,1341
2022-01-01 00:00:17.609,9,4,34,1,8052800,1341
2022-01-01 00:00:17.610,9,4,21,0,4467911,1341
2022-01-01 00:00:17.611,9,4,1,0,6488,1341
2022-01-01 00:00:17.612,8,4,3,0,455200,1341
2022-01-01 00:00:17.613,8,4,4,0,37688,1341
2022-01-01 00:00:17.614,8,6,1,0,55200,1341
2022-01-01 00:00:17.615,9,6,1,0,5600,1341
2022-01-01 00:00:17.616,8,6,10,0,643288,1341
2022-01-01 00:00:17.617,9,6,59,0,13423022,1341
2022-01-01 00:00:17.618,8,6,41,0,6741955,1341
2022-01-01 00:00:17.619,9,6,37,0,8075377,1341
2022-01-01 00:00:17.620,8,6,26,0,5549066,1341
2022-01-01 00:00:17.621,9,6,1,0,15022,1341
2022-01-01 00:00:17.622,8,6,1,0,5600,1341
2022-01-01 00:00:17.623,8,6,6,0,323555,1341
2022-01-01 00:00:17.624,8,6,43,0,8888977,1341
2022-01-01 00:00:17.625,9,6,43,0,8873600,1341
2022-01-01 00:00:17.626,9,6,34,0,7398577,1341
2022-01-01 00:00:17.627,8,6,34,0,7148088,1341
2022-01-01 00:00:17.628,8,6,42,0,7743466,1341
2022-01-01 00:00:17.629,9,6,35,0,7164622,1341
2022-01-01 00:00:17.630,9,6,33,0,7368622,1341
2022-01-01 00:00:17.631,8,6,33,0,6963111,1341
2022-01-01 00:00:17.632,9,6,37,0,8003200,1341
2022-01-01 00:00:17.633,8,6,15,0,3014577,1341
2022-01-01 00:00:17.634,8,6,1,0,5600,1341
2022-01-01 00:00:17.635,9,6,8,0,329600,1341
2022-01-01 00:00:17.636,9,6,8,0,1532977,1341
2022-01-01 00:00:17.637,9,6,54,0,12172000,1341
2022-01-01 00:00:17.638,7,6,35,1,6742311,1341
2022-01-01 00:00:17.639,8,6,35,0,7578133,1341
2022-01-01 00:00:17.640,9,6,35,0,7401422,1341
2022-01-01 00:00:17.641,8,6,26,0,4964711,1341
2022-01-01 00:00:17.642,9,6,1,0,5600,1341
2022-01-01 00:00:17.643,9,6,4,0,326577,1341
2022-01-01 00:00:17.644,8,6,1,0,5066,1341
2022-01-01 00:00:17.645,8,6,5,0,780533,1341
2022-01-01 00:00:17.646,8,6,1,0,6488,1341
2022-01-01 00:00:17.647,9,6,2,0,420000,1341
2022-01-01 00:00:17.648,9,6,6,0,259200,1341
2022-01-01 00:00:17.649,9,6,7,0,858933,1341
2022-01-01 00:00:17.650,8,6,8,0,1296533,1341
2022-01-01 00:00:17.651,9,6,32,0,5021777,1341
2022-01-01 00:00:17.652,9,6,8,0,837866,1341
2022-01-01 00:00:17.653,9,6,1,0,6488,1341
2022-01-01 00:00:17.654,8,6,4,0,480444,1341
2022-01-01 00:00:17.655,9,6,5,0,267555,1341
2022-01-01 00:00:17.656,8,0,1,0,5600,1331
2022-01-01 00:00:17.657,9,0,1,0,6666,1331
2022-01-01 00:00:17.658,9,2,1,0,6666,1331
2022-01-01 00:00:17.659,8,14,1,0,6741,1331
2022-01-01 00:00:17.660,8,14,1,0,6741,1331
2022-01-01 00:00:17.661,8,14,1,0,7022,1331
2022-01-01 00:00:17.662,8,16,1,0,6593,1331
2022-01-01 00:00:17.663,8,14,1,0,5066,1331
2022-01-01 00:00:17.664,8,15,1,0,7022,1331
2022-01-01 00:00:17.665,9,17,1,0,6741,1331
2022-01-01 00:00:17.666,8,6,1,0,6666,1331
2022-01-01 00:00:17.667,8,3,1,0,6593,1331
2022-01-01 00:00:17.668,7,2,3,0,40444,1424
2022-01-01 00:00:17.669,7,1,30,0,659911,1424
2022-01-01 00:00:17.670,7,2,3,0,42222,1424
2022-01-01 00:00:17.671,7,2,33,0,731111,1424
2022-01-01 00:00:17.672,7,2,9,0,239377,1424
2022-01-01 00:00:17.673,7,1,51,0,1224977,1424
2022-01-01 00:00:17.674,7,2,3,0,73866,1424
2022-01-01 00:00:17.675,7,2,65,0,1504977,1424
2022-01-01 00:00:17.676,7,2,48,0,1176177,1424
2022-01-01 00:00:17.677,7,1,74,0,1811733,1424
2022-01-01 00:00:17.678,7,1,47,0,1134133,1424
2022-01-01 00:00:17.679,7,0,1,0,10755,1424
2022-01-01 00:00:17.680,7,2,1,0,7120,1424
2022-01-01 00:00:17.681,7,1,32,0,693842,1424
2022-01-01 00:00:17.682,7,1,27,1,645066,1424
2022-01-01 00:00:17.683,7,1,6,0,91911,1424
2022-01-01 00:00:17.684,7,1,7,0,149422,1424
2022-01-01 00:00:17.685,7,1,27,1,641688,1424
2022-01-01 00:00:17.686,7,2,27,0,662666,1424
2022-01-01 00:00:17.687,7,2,6,1,146311,1424
2022-01-01 00:00:17.688,7,2,83,0,2037955,1424
2022-01-01 00:00:17.689,7,2,58,2,1422400,1424
2022-01-01 00:00:17.690,7,4,52,1,2149333,1424
2022-01-01 00:00:17.691,7,4,4,0,110755,1424
2022-01-01 00:00:17.692,7,4,18,1,617244,1424
2022-01-01 00:00:17.693,7,3,2,0,60266,1424
2022-01-01 00:00:17.694,7,4,1,0,7022,1424
2022-01-01 00:00:17.695,7,4,21,0,656266,1424
2022-01-01 00:00:17.696,7,3,11,0,383733,1424
2022-01-01 00:00:17.697,7,3,17,0,504800,1424
2022-01-01 00:00:17.698,7,4,27,2,1180177,1424
2022-01-01 00:00:17.699,7,0,3,0,119022,1424
2022-01-01 00:00:17.700,7,4,32,3,1513244,1424
2022-01-01 00:00:17.701,7,4,25,1,1185866,1424
2022-01-01 00:00:17.702,7,4,33,0,1445422,1424
2022-01-01 00:00:17.703,7,4,31,1,1457333,1424
2022-01-01 00:00:17.704,7,4,2,0,65244,1424
2022-01-01 00:00:17.705,7,4,1,0,7022,1424
2022-01-01 00:00:17.706,7,4,21,0,705422,1424
2022-01-01 00:00:17.707,7,4,2,0,40711,1424
2022-01-01 00:00:17.708,7,2,1,0,7200,1424
2022-01-01 00:00:17.709,7,4,10,0,460977,1424
2022-01-01 00:00:17.710,7,3,4,0,46933,1424
2022-01-01 00:00:17.711,7,4,5,0,159733,1424
2022-01-01 00:00:17.712,7,4,18,0,715022,1424
2022-01-01 00:00:17.713,7,3,7,0,152177,1424
2022-01-01 00:00:17.714,7,3,13,0,375200,1424
2022-01-01 00:00:17.715,7,4,23,0,943911,1424
2022-01-01 00:00:17.716,7,4,6,0,281422,1424
2022-01-01 00:00:17.717,7,4,36,2,1708444,1424
2022-01-01 00:00:17.718,7,4,28,2,1218488,1424
2022-01-01 00:00:17.719,7,4,23,1,1030577,1424
2022-01-01 00:00:17.720,7,4,24,3,1105777,1424
2022-01-01 00:00:17.721,7,4,8,0,312533,1424
2022-01-01 00:00:17.722,7,3,1,0,7555,1424
2022-01-01 00:00:17.723,7,3,12,0,413333,1424
2022-01-01 00:00:17.724,7,3,12,0,340622,1424
2022-01-01 00:00:17.725,7,4,11,0,418755,1424
2022-01-01 00:00:17.726,7,4,9,0,246488,1424
2022-01-01 00:00:17.727,8,6,13,1,633600,1424
2022-01-01 00:00:17.728,7,3,10,1,237066,1424
2022-01-01 00:00:17.729,7,5,25,3,1287555,1424
2022-01-01 00:00:17.730,7,0,1,0,622,1424
2022-01-01 00:00:17.731,7,0,1,0,622,1424
2022-01-01 00:00:17.732,7,4,43,1,2041511,1424
2022-01-01 00:00:17.733,7,4,27,0,1232266,1424
2022-01-01 00:00:17.734,7,4,20,2,927644,1424
2022-01-01 00:00:17.735,7,4,21,2,973600,1424
2022-01-01 00:00:17.736,7,4,13,1,550844,1424
2022-01-01 00:00:17.737,7,4,3,0,93777,1424
2022-01-01 00:00:17.738,7,3,16,0,558222,1424
2022-01-01 00:00:17.739,7,4,24,2,1113955,1424
2022-01-01 00:00:17.740,7,4,27,1,1280622,1424
2022-01-01 00:00:17.741,7,6,24,1,1376711,1424
2022-01-01 00:00:17.742,7,6,16,1,963200,1424
2022-01-01 00:00:17.743,7,4,17,1,580355,1424
2022-01-01 00:00:17.744,7,3,3,0,44355,1424
2022-01-01 00:00:17.745,7,6,12,0,673244,1424
2022-01-01 00:00:17.746,7,5,35,0,1605244,1424
2022-01-01 00:00:17.747,7,5,21,0,1202755,1424
2022-01-01 00:00:17.748,7,5,21,2,1175200,1424
2022-01-01 00:00:17.749,7,5,27,1,1384088,1424
2022-01-01 00:00:17.750,7,6,16,2,944888,1424
2022-01-01 00:00:17.751,8,6,24,1,1398577,1424
2022-01-01 00:00:17.752,7,5,18,3,996088,1424
2022-01-01 00:00:17.753,7,5,12,1,661333,1424
2022-01-01 00:00:17.754,7,4,1,0,19288,1424
2022-01-01 00:00:17.755,7,3,1,0,7555,1424
2022-01-01 00:00:17.756,7,6,10,0,593066,1424
2022-01-01 00:00:17.757,8,4,4,0,85155,1424
2022-01-01 00:00:17.758,7,6,2,0,126222,1424
2022-01-01 00:00:17.759,7,3,3,0,26755,1424
2022-01-01 00:00:17.760,7,4,1,0,7022,1424
2022-01-01 00:00:17.761,7,6,9,0,496266,1424
2022-01-01 00:00:17.762,8,6,4,1,212266,1424
2022-01-01 00:00:17.763,8,5,4,0,28266,1424
2022-01-01 00:00:17.764,7,4,40,2,1816000,1424
2022-01-01 00:00:17.765,7,5,27,2,1513333,1424
2022-01-01 00:00:17.766,7,5,16,2,901511,1424
2022-01-01 00:00:17.767,7,4,27,2,1260711,1424
2022-01-01 00:00:17.768,8,6,21,2,1293955,1424
2022-01-01 00:00:17.769,7,4,21,1,1013777,1424
2022-01-01 00:00:17.770,7,4,25,1,1154577,1424
2022-01-01 00:00:17.771,7,4,25,0,1168800,1424
2022-01-01 00:00:17.772,7,4,30,1,1350933,1424
2022-01-01 00:00:17.773,8,6,26,2,1612444,1424
2022-01-01 00:00:17.774,7,5,2,0,37511,1424
2022-01-01 00:00:17.775,7,4,3,0,50044,1424
2022-01-01 00:00:17.776,7,4,17,0,642933,1424
2022-01-01 00:00:17.777,7,4,26,0,1206222,1424
2022-01-01 00:00:17.778,7,4,22,2,1045155,1424
2022-01-01 00:00:17.779,7,4,19,3,858933,1424
2022-01-01 00:00:17.780,7,2,5,1,124355,1424
2022-01-01 00:00:17.781,7,0,1,0,622,1424
2022-01-01 00:00:17.782,8,2,2,0,7560,1424
2022-01-01 00:00:17.783,8,6,20,1,1157213,1424
2022-01-01 00:00:17.784,8,6,31,0,2084177,1424
2022-01-01 00:00:17.785,8,6,19,2,1269066,1424
2022-01-01 00:00:17.786,8,6,17,2,1149244,1424
2022-01-01 00:00:17.787,8,6,19,1,1275466,1424
2022-01-01 00:00:17.788,8,6,18,2,1211733,1424
2022-01-01 00:00:17.789,8,6,20,0,1331555,1424
2022-01-01 00:00:17.790,8,0,2,0,79288,1424
2022-01-01 00:00:17.791,7,4,1,0,7022,1424
2022-01-01 00:00:17.792,7,4,14,0,497955,1424
2022-01-01 00:00:17.793,7,5,32,1,1689066,1424
2022-01-01 00:00:17.794,8,8,21,3,1577866,1424
2022-01-01 00:00:17.795,6,2,10,1,337934,1424
2022-01-01 00:00:17.796,6,2,31,0,770426,1424
2022-01-01 00:00:17.797,5,2,16,0,385777,1424
2022-01-01 00:00:17.798,6,4,1,0,7022,1424
2022-01-01 00:00:17.799,8,6,7,0,418933,1424
2022-01-01 00:00:17.800,9,6,6,0,215111,1424
2022-01-01 00:00:17.801,9,10,29,1,2566311,1424
2022-01-01 00:00:17.802,9,10,23,1,2071733,1424
2022-01-01 00:00:17.803,8,9,20,0,1758933,1424
2022-01-01 00:00:17.804,9,10,14,1,1311466,1424
2022-01-01 00:00:17.805,8,7,17,1,1293422,1424
2022-01-01 00:00:17.806,8,9,17,1,1394933,1424
2022-01-01 00:00:17.807,8,6,23,2,1556177,1424
2022-01-01 00:00:17.808,8,7,22,1,1515555,1424
2022-01-01 00:00:17.809,8,6,24,1,1627555,1424
2022-01-01 00:00:17.810,8,6,20,1,1314844,1424
2022-01-01 00:00:17.811,8,6,24,0,1630222,1424
2022-01-01 00:00:17.812,8,7,19,1,1308888,1424
2022-01-01 00:00:17.813,8,6,25,1,1642577,1424
2022-01-01 00:00:17.814,8,6,13,0,860888,1424
2022-01-01 00:00:17.815,8,6,14,2,849422,1424
2022-01-01 00:00:17.816,9,6,1,0,6666,1424
2022-01-01 00:00:17.817,9,8,10,0,591111,1424
2022-01-01 00:00:17.818,9,6,2,1,25600,1424
2022-01-01 00:00:17.819,9,7,3,0,149714,1424
2022-01-01 00:00:17.820,8,7,13,1,736089,1424
2022-01-01 00:00:17.821,9,5,4,0,144977,1424
2022-01-01 00:00:17.822,8,6,6,0,273934,1424
2022-01-01 00:00:17.823,8,8,36,3,2753934,1424
2022-01-01 00:00:17.824,8,9,23,0,1894090,1424
2022-01-01 00:00:17.825,8,6,20,1,1332800,1424
2022-01-01 00:00:17.826,8,6,21,1,1400444,1424
2022-01-01 00:00:17.827,8,6,23,0,1556177,1424
2022-01-01 00:00:17.828,7,6,25,1,1494417,1424
2022-01-01 00:00:17.829,7,6,19,1,1276853,1424
2022-01-01 00:00:17.830,7,4,21,3,965066,1424
2022-01-01 00:00:17.831,7,4,29,3,1287120,1424
2022-01-01 00:00:17.832,6,4,16,1,652800,1424
2022-01-01 00:00:17.833,6,4,24,3,1149842,1424
2022-01-01 00:00:17.834,6,1,24,1,588088,1424
2022-01-01 00:00:17.835,6,3,14,2,446222,1424
2022-01-01 00:00:17.836,4,0,1,0,6241,1424
2022-01-01 00:00:17.837,4,0,43,4,646844,1424
2022-01-01 00:00:17.838,6,1,19,1,379595,1424
2022-01-01 00:00:17.839,8,13,5,0,421422,1468
2022-01-01 00:00:17.840,8,14,6,0,273777,1468
2022-01-01 00:00:17.841,8,15,6,0,706901,1468
2022-01-01 00:00:17.842,8,9,4,0,169078,1468
2022-01-01 00:00:17.843,8,16,10,1,1365422,1468
2022-01-01 00:00:17.844,6,12,6,0,660800,1468
2022-01-01 00:00:17.845,6,12,26,2,2815120,1468
2022-01-01 00:00:17.846,6,11,19,0,2088266,1468
2022-01-01 00:00:17.847,7,11,2,0,35056,1468
2022-01-01 00:00:17.848,7,13,5,0,423460,1468
2022-01-01 00:00:17.849,7,12,4,0,238311,1468
2022-01-01 00:00:17.850,7,14,26,1,3978933,1468
2022-01-01 00:00:17.851,7,13,6,0,713846,1468
2022-01-01 00:00:17.852,7,12,1,0,6417,1468
2022-01-01 00:00:17.853,7,12,6,0,500444,1468
2022-01-01 00:00:17.854,7,14,25,0,3726933,1468
2022-01-01 00:00:17.855,7,14,15,1,2188674,1468
2022-01-01 00:00:17.856,7,14,19,2,2731604,1468
2022-01-01 00:00:17.857,7,14,12,2,1826666,1468
2022-01-01 00:00:17.858,7,14,13,3,2048359,1468
2022-01-01 00:00:17.859,7,14,16,2,2419733,1468
2022-01-01 00:00:17.860,7,14,16,0,2407466,1468
2022-01-01 00:00:17.861,7,14,21,1,3033582,1468
2022-01-01 00:00:17.862,7,14,16,0,2239288,1468
2022-01-01 00:00:17.863,7,14,12,3,1846921,1468
2022-01-01 00:00:17.864,7,14,16,1,2401582,1468
2022-01-01 00:00:17.865,7,11,3,0,312266,1468
2022-01-01 00:00:17.866,7,11,2,0,37155,1468
2022-01-01 00:00:17.867,7,7,1,0,16444,1468
2022-01-01 00:00:17.868,7,12,1,0,19780,1468
